{
"type": "FeatureCollection",
"name": "3b",
"crs": { "type": "name", "properties": { "name": "urn:ogc:def:crs:OGC:1.3:CRS84" } },
"features": [
{ "type": "Feature", "properties": { "nom_estab": "TIENDAS TRES B", "codigo_act": 462112, "latitud": 22.14532695, "longitud": -102.27821855000001 }, "geometry": { "type": "Point", "coordinates": [ -102.27821855, 22.14532695 ] } },
{ "type": "Feature", "properties": { "nom_estab": "TIENDAS TRES B", "codigo_act": 462112, "latitud": 21.87344652, "longitud": -102.28223011 }, "geometry": { "type": "Point", "coordinates": [ -102.28223011, 21.87344652 ] } },
{ "type": "Feature", "properties": { "nom_estab": "TIENDAS TRES B", "codigo_act": 462112, "latitud": 21.96849852, "longitud": -102.2933082 }, "geometry": { "type": "Point", "coordinates": [ -102.2933082, 21.96849852 ] } },
{ "type": "Feature", "properties": { "nom_estab": "TIENDAS TRES B", "codigo_act": 462112, "latitud": 21.8455407, "longitud": -102.30203637 }, "geometry": { "type": "Point", "coordinates": [ -102.30203637, 21.8455407 ] } },
{ "type": "Feature", "properties": { "nom_estab": "TIENDAS TRES B", "codigo_act": 462112, "latitud": 22.22919814, "longitud": -102.31964555 }, "geometry": { "type": "Point", "coordinates": [ -102.31964555, 22.22919814 ] } },
{ "type": "Feature", "properties": { "nom_estab": "TIENDAS TRES B", "codigo_act": 462112, "latitud": 21.92925427, "longitud": -102.2509157 }, "geometry": { "type": "Point", "coordinates": [ -102.2509157, 21.92925427 ] } },
{ "type": "Feature", "properties": { "nom_estab": "TIENDAS TRES B", "codigo_act": 462112, "latitud": 22.07139485, "longitud": -102.27376787 }, "geometry": { "type": "Point", "coordinates": [ -102.27376787, 22.07139485 ] } },
{ "type": "Feature", "properties": { "nom_estab": "TIENDAS TRES B", "codigo_act": 462112, "latitud": 21.9425224, "longitud": -102.25930271 }, "geometry": { "type": "Point", "coordinates": [ -102.25930271, 21.9425224 ] } },
{ "type": "Feature", "properties": { "nom_estab": "TIENDAS TRES B", "codigo_act": 462112, "latitud": 21.84513966, "longitud": -102.72530252 }, "geometry": { "type": "Point", "coordinates": [ -102.72530252, 21.84513966 ] } },
{ "type": "Feature", "properties": { "nom_estab": "TIENDAS TRES B", "codigo_act": 462112, "latitud": 22.14430674, "longitud": -102.27489313 }, "geometry": { "type": "Point", "coordinates": [ -102.27489313, 22.14430674 ] } },
{ "type": "Feature", "properties": { "nom_estab": "TIENDAS TRES B", "codigo_act": 462112, "latitud": 21.89468064, "longitud": -102.30684817 }, "geometry": { "type": "Point", "coordinates": [ -102.30684817, 21.89468064 ] } },
{ "type": "Feature", "properties": { "nom_estab": "TIENDAS TRES B", "codigo_act": 462112, "latitud": 21.92282239, "longitud": -102.24180343 }, "geometry": { "type": "Point", "coordinates": [ -102.24180343, 21.92282239 ] } },
{ "type": "Feature", "properties": { "nom_estab": "TIENDAS TRES B", "codigo_act": 462112, "latitud": 21.9055695, "longitud": -102.28244549 }, "geometry": { "type": "Point", "coordinates": [ -102.28244549, 21.9055695 ] } },
{ "type": "Feature", "properties": { "nom_estab": "TIENDAS TRES B", "codigo_act": 462112, "latitud": 21.88098642, "longitud": -102.23580538 }, "geometry": { "type": "Point", "coordinates": [ -102.23580538, 21.88098642 ] } },
{ "type": "Feature", "properties": { "nom_estab": "TIENDAS TRES B", "codigo_act": 462112, "latitud": 21.88697113, "longitud": -102.33721634 }, "geometry": { "type": "Point", "coordinates": [ -102.33721634, 21.88697113 ] } },
{ "type": "Feature", "properties": { "nom_estab": "TIENDAS TRES B", "codigo_act": 462112, "latitud": 21.95925386, "longitud": -102.34376682 }, "geometry": { "type": "Point", "coordinates": [ -102.34376682, 21.95925386 ] } },
{ "type": "Feature", "properties": { "nom_estab": "TIENDAS TRES B", "codigo_act": 462112, "latitud": 21.9223332, "longitud": -102.27338601 }, "geometry": { "type": "Point", "coordinates": [ -102.27338601, 21.9223332 ] } },
{ "type": "Feature", "properties": { "nom_estab": "TIENDAS TRES B", "codigo_act": 462112, "latitud": 21.87720413, "longitud": -102.29555313 }, "geometry": { "type": "Point", "coordinates": [ -102.29555313, 21.87720413 ] } },
{ "type": "Feature", "properties": { "nom_estab": "TIENDAS TRES B", "codigo_act": 462112, "latitud": 21.86472149, "longitud": -102.22858014000001 }, "geometry": { "type": "Point", "coordinates": [ -102.22858014, 21.86472149 ] } },
{ "type": "Feature", "properties": { "nom_estab": "TIENDAS TRES B", "codigo_act": 462112, "latitud": 21.89277093, "longitud": -102.28891153 }, "geometry": { "type": "Point", "coordinates": [ -102.28891153, 21.89277093 ] } },
{ "type": "Feature", "properties": { "nom_estab": "TIENDAS TRES B", "codigo_act": 462112, "latitud": 21.93946228, "longitud": -102.24619877000001 }, "geometry": { "type": "Point", "coordinates": [ -102.24619877, 21.93946228 ] } },
{ "type": "Feature", "properties": { "nom_estab": "TIENDAS TRES B", "codigo_act": 462112, "latitud": 21.85999787, "longitud": -102.24544191 }, "geometry": { "type": "Point", "coordinates": [ -102.24544191, 21.85999787 ] } },
{ "type": "Feature", "properties": { "nom_estab": "TIENDAS TRES B", "codigo_act": 462112, "latitud": 21.88858953, "longitud": -102.29585993000001 }, "geometry": { "type": "Point", "coordinates": [ -102.29585993, 21.88858953 ] } },
{ "type": "Feature", "properties": { "nom_estab": "TIENDAS TRES B", "codigo_act": 462112, "latitud": 21.84158597, "longitud": -102.29742036 }, "geometry": { "type": "Point", "coordinates": [ -102.29742036, 21.84158597 ] } },
{ "type": "Feature", "properties": { "nom_estab": "TIENDAS TRES B", "codigo_act": 462112, "latitud": 21.91133093, "longitud": -102.23997321 }, "geometry": { "type": "Point", "coordinates": [ -102.23997321, 21.91133093 ] } },
{ "type": "Feature", "properties": { "nom_estab": "TIENDAS TRES B", "codigo_act": 462112, "latitud": 21.90624527, "longitud": -102.25641198 }, "geometry": { "type": "Point", "coordinates": [ -102.25641198, 21.90624527 ] } },
{ "type": "Feature", "properties": { "nom_estab": "TIENDAS TRES B", "codigo_act": 462112, "latitud": 21.95084867, "longitud": -102.34791635000001 }, "geometry": { "type": "Point", "coordinates": [ -102.34791635, 21.95084867 ] } },
{ "type": "Feature", "properties": { "nom_estab": "TIENDAS TRES B", "codigo_act": 462112, "latitud": 21.88224844, "longitud": -102.29213898 }, "geometry": { "type": "Point", "coordinates": [ -102.29213898, 21.88224844 ] } },
{ "type": "Feature", "properties": { "nom_estab": "TIENDAS TRES B", "codigo_act": 462112, "latitud": 21.92893105, "longitud": -102.25127542 }, "geometry": { "type": "Point", "coordinates": [ -102.25127542, 21.92893105 ] } },
{ "type": "Feature", "properties": { "nom_estab": "TIENDAS TRES B", "codigo_act": 462112, "latitud": 21.97068565, "longitud": -102.35410725 }, "geometry": { "type": "Point", "coordinates": [ -102.35410725, 21.97068565 ] } },
{ "type": "Feature", "properties": { "nom_estab": "TIENDAS TRES B", "codigo_act": 462112, "latitud": 21.85214117, "longitud": -102.29433446 }, "geometry": { "type": "Point", "coordinates": [ -102.29433446, 21.85214117 ] } },
{ "type": "Feature", "properties": { "nom_estab": "TIENDAS TRES B", "codigo_act": 462112, "latitud": 21.94626629, "longitud": -102.34317372 }, "geometry": { "type": "Point", "coordinates": [ -102.34317372, 21.94626629 ] } },
{ "type": "Feature", "properties": { "nom_estab": "TIENDAS TRES B", "codigo_act": 462112, "latitud": 21.87910691, "longitud": -102.28532696000001 }, "geometry": { "type": "Point", "coordinates": [ -102.28532696, 21.87910691 ] } },
{ "type": "Feature", "properties": { "nom_estab": "OXXO SUC 50X3B EL CHALET TRC", "codigo_act": 462112, "latitud": 25.53180868, "longitud": -103.23037792 }, "geometry": { "type": "Point", "coordinates": [ -103.23037792, 25.53180868 ] } },
{ "type": "Feature", "properties": { "nom_estab": "OXXO SUC 5073B YAZMIN CJS", "codigo_act": 462112, "latitud": 31.62075797, "longitud": -106.36543357 }, "geometry": { "type": "Point", "coordinates": [ -106.36543357, 31.62075797 ] } },
{ "type": "Feature", "properties": { "nom_estab": "TIENDAS TRES B", "codigo_act": 462112, "latitud": 31.63726495, "longitud": -106.3913856 }, "geometry": { "type": "Point", "coordinates": [ -106.3913856, 31.63726495 ] } },
{ "type": "Feature", "properties": { "nom_estab": "MINISUPER 3B", "codigo_act": 462112, "latitud": 19.31144341, "longitud": -99.26256214 }, "geometry": { "type": "Point", "coordinates": [ -99.26256214, 19.31144341 ] } },
{ "type": "Feature", "properties": { "nom_estab": "OXXO SUC 503BQ PONIENTE 128 PAC", "codigo_act": 462112, "latitud": 19.48687361, "longitud": -99.1442004 }, "geometry": { "type": "Point", "coordinates": [ -99.1442004, 19.48687361 ] } },
{ "type": "Feature", "properties": { "nom_estab": "OXXO SUC 50L3B LAGO NAUR MEX", "codigo_act": 462112, "latitud": 19.44689658, "longitud": -99.19349611 }, "geometry": { "type": "Point", "coordinates": [ -99.19349611, 19.44689658 ] } },
{ "type": "Feature", "properties": { "nom_estab": "TIENDA TRES B", "codigo_act": 462112, "latitud": 19.47901284, "longitud": -99.21204819 }, "geometry": { "type": "Point", "coordinates": [ -99.21204819, 19.47901284 ] } },
{ "type": "Feature", "properties": { "nom_estab": "TIENDAS 3B", "codigo_act": 462112, "latitud": 19.31981502, "longitud": -99.16048581 }, "geometry": { "type": "Point", "coordinates": [ -99.16048581, 19.31981502 ] } },
{ "type": "Feature", "properties": { "nom_estab": "TIENDAS 3B", "codigo_act": 462112, "latitud": 19.45255616, "longitud": -99.1885589 }, "geometry": { "type": "Point", "coordinates": [ -99.1885589, 19.45255616 ] } },
{ "type": "Feature", "properties": { "nom_estab": "TIENDAS TRES B", "codigo_act": 462112, "latitud": 19.49186944, "longitud": -99.13806842 }, "geometry": { "type": "Point", "coordinates": [ -99.13806842, 19.49186944 ] } },
{ "type": "Feature", "properties": { "nom_estab": "TIENDAS TRES B", "codigo_act": 462112, "latitud": 19.28518484, "longitud": -99.04002383 }, "geometry": { "type": "Point", "coordinates": [ -99.04002383, 19.28518484 ] } },
{ "type": "Feature", "properties": { "nom_estab": "TIENDAS TRES B", "codigo_act": 462112, "latitud": 19.27056362, "longitud": -99.10371871 }, "geometry": { "type": "Point", "coordinates": [ -99.10371871, 19.27056362 ] } },
{ "type": "Feature", "properties": { "nom_estab": "TIENDAS TRES B", "codigo_act": 462112, "latitud": 19.45925532, "longitud": -99.14268737 }, "geometry": { "type": "Point", "coordinates": [ -99.14268737, 19.45925532 ] } },
{ "type": "Feature", "properties": { "nom_estab": "TIENDAS TRES B", "codigo_act": 462112, "latitud": 19.31636067, "longitud": -99.15511923 }, "geometry": { "type": "Point", "coordinates": [ -99.15511923, 19.31636067 ] } },
{ "type": "Feature", "properties": { "nom_estab": "TIENDAS TRES B", "codigo_act": 462112, "latitud": 19.29353496, "longitud": -99.05881985000001 }, "geometry": { "type": "Point", "coordinates": [ -99.05881985, 19.29353496 ] } },
{ "type": "Feature", "properties": { "nom_estab": "TIENDAS TRES B", "codigo_act": 462112, "latitud": 19.31116484, "longitud": -99.03965727000001 }, "geometry": { "type": "Point", "coordinates": [ -99.03965727, 19.31116484 ] } },
{ "type": "Feature", "properties": { "nom_estab": "TIENDAS TRES B", "codigo_act": 462112, "latitud": 19.41686334, "longitud": -99.06389209 }, "geometry": { "type": "Point", "coordinates": [ -99.06389209, 19.41686334 ] } },
{ "type": "Feature", "properties": { "nom_estab": "TIENDAS TRES B", "codigo_act": 462112, "latitud": 19.45728083, "longitud": -99.12488516000001 }, "geometry": { "type": "Point", "coordinates": [ -99.12488516, 19.45728083 ] } },
{ "type": "Feature", "properties": { "nom_estab": "TIENDAS TRES B", "codigo_act": 462112, "latitud": 19.41348783, "longitud": -99.07688756 }, "geometry": { "type": "Point", "coordinates": [ -99.07688756, 19.41348783 ] } },
{ "type": "Feature", "properties": { "nom_estab": "TIENDAS TRES B", "codigo_act": 462112, "latitud": 19.3212117, "longitud": -99.16673215 }, "geometry": { "type": "Point", "coordinates": [ -99.16673215, 19.3212117 ] } },
{ "type": "Feature", "properties": { "nom_estab": "TIENDAS TRES B", "codigo_act": 462112, "latitud": 19.34391767, "longitud": -99.15943816 }, "geometry": { "type": "Point", "coordinates": [ -99.15943816, 19.34391767 ] } },
{ "type": "Feature", "properties": { "nom_estab": "TIENDAS TRES B", "codigo_act": 462112, "latitud": 19.25166854, "longitud": -99.17072314000001 }, "geometry": { "type": "Point", "coordinates": [ -99.17072314, 19.25166854 ] } },
{ "type": "Feature", "properties": { "nom_estab": "TIENDAS TRES B", "codigo_act": 462112, "latitud": 19.29055491, "longitud": -99.04749981000001 }, "geometry": { "type": "Point", "coordinates": [ -99.04749981, 19.29055491 ] } },
{ "type": "Feature", "properties": { "nom_estab": "TIENDAS TRES B", "codigo_act": 462112, "latitud": 19.27682396, "longitud": -99.23503444000001 }, "geometry": { "type": "Point", "coordinates": [ -99.23503444, 19.27682396 ] } },
{ "type": "Feature", "properties": { "nom_estab": "TIENDAS TRES B", "codigo_act": 462112, "latitud": 19.37860194, "longitud": -99.22098523 }, "geometry": { "type": "Point", "coordinates": [ -99.22098523, 19.37860194 ] } },
{ "type": "Feature", "properties": { "nom_estab": "TIENDAS TRES B", "codigo_act": 462112, "latitud": 19.42674758, "longitud": -99.12695642 }, "geometry": { "type": "Point", "coordinates": [ -99.12695642, 19.42674758 ] } },
{ "type": "Feature", "properties": { "nom_estab": "TIENDAS TRES B", "codigo_act": 462112, "latitud": 19.54535825, "longitud": -99.12321164 }, "geometry": { "type": "Point", "coordinates": [ -99.12321164, 19.54535825 ] } },
{ "type": "Feature", "properties": { "nom_estab": "TIENDAS TRES B", "codigo_act": 462112, "latitud": 19.42812522, "longitud": -99.09841108000001 }, "geometry": { "type": "Point", "coordinates": [ -99.09841108, 19.42812522 ] } },
{ "type": "Feature", "properties": { "nom_estab": "TIENDAS TRES B", "codigo_act": 462112, "latitud": 19.34272407, "longitud": -99.18136216000001 }, "geometry": { "type": "Point", "coordinates": [ -99.18136216, 19.34272407 ] } },
{ "type": "Feature", "properties": { "nom_estab": "TIENDAS TRES B", "codigo_act": 462112, "latitud": 19.36937115, "longitud": -99.28793998 }, "geometry": { "type": "Point", "coordinates": [ -99.28793998, 19.36937115 ] } },
{ "type": "Feature", "properties": { "nom_estab": "TIENDAS TRES B", "codigo_act": 462112, "latitud": 19.28573506, "longitud": -99.18805497 }, "geometry": { "type": "Point", "coordinates": [ -99.18805497, 19.28573506 ] } },
{ "type": "Feature", "properties": { "nom_estab": "TIENDAS TRES B", "codigo_act": 462112, "latitud": 19.3461443, "longitud": -99.07940754000001 }, "geometry": { "type": "Point", "coordinates": [ -99.07940754, 19.3461443 ] } },
{ "type": "Feature", "properties": { "nom_estab": "TIENDAS TRES B", "codigo_act": 462112, "latitud": 19.37817344, "longitud": -99.01665291 }, "geometry": { "type": "Point", "coordinates": [ -99.01665291, 19.37817344 ] } },
{ "type": "Feature", "properties": { "nom_estab": "TIENDAS TRES B", "codigo_act": 462112, "latitud": 19.50152167, "longitud": -99.0857422 }, "geometry": { "type": "Point", "coordinates": [ -99.0857422, 19.50152167 ] } },
{ "type": "Feature", "properties": { "nom_estab": "TIENDAS TRES B", "codigo_act": 462112, "latitud": 19.49459747, "longitud": -99.09407705 }, "geometry": { "type": "Point", "coordinates": [ -99.09407705, 19.49459747 ] } },
{ "type": "Feature", "properties": { "nom_estab": "TIENDAS TRES B", "codigo_act": 462112, "latitud": 19.55907591, "longitud": -99.13059438000001 }, "geometry": { "type": "Point", "coordinates": [ -99.13059438, 19.55907591 ] } },
{ "type": "Feature", "properties": { "nom_estab": "TIENDAS TRES B", "codigo_act": 462112, "latitud": 19.28117012, "longitud": -99.20282437 }, "geometry": { "type": "Point", "coordinates": [ -99.20282437, 19.28117012 ] } },
{ "type": "Feature", "properties": { "nom_estab": "TIENDAS TRES B", "codigo_act": 462112, "latitud": 19.4407551, "longitud": -99.17037509 }, "geometry": { "type": "Point", "coordinates": [ -99.17037509, 19.4407551 ] } },
{ "type": "Feature", "properties": { "nom_estab": "TIENDAS TRES B", "codigo_act": 462112, "latitud": 19.32596969, "longitud": -99.03269677 }, "geometry": { "type": "Point", "coordinates": [ -99.03269677, 19.32596969 ] } },
{ "type": "Feature", "properties": { "nom_estab": "TIENDAS TRES B", "codigo_act": 462112, "latitud": 19.34276036, "longitud": -98.99039552000001 }, "geometry": { "type": "Point", "coordinates": [ -98.99039552, 19.34276036 ] } },
{ "type": "Feature", "properties": { "nom_estab": "TIENDAS TRES B", "codigo_act": 462112, "latitud": 19.29275445, "longitud": -99.11692326 }, "geometry": { "type": "Point", "coordinates": [ -99.11692326, 19.29275445 ] } },
{ "type": "Feature", "properties": { "nom_estab": "TIENDAS TRES B", "codigo_act": 462112, "latitud": 19.32427862, "longitud": -99.15705284000001 }, "geometry": { "type": "Point", "coordinates": [ -99.15705284, 19.32427862 ] } },
{ "type": "Feature", "properties": { "nom_estab": "TIENDAS TRES B", "codigo_act": 462112, "latitud": 19.49503658, "longitud": -99.20672263 }, "geometry": { "type": "Point", "coordinates": [ -99.20672263, 19.49503658 ] } },
{ "type": "Feature", "properties": { "nom_estab": "TIENDAS TRES B", "codigo_act": 462112, "latitud": 19.51597057, "longitud": -99.13000647 }, "geometry": { "type": "Point", "coordinates": [ -99.13000647, 19.51597057 ] } },
{ "type": "Feature", "properties": { "nom_estab": "TIENDAS TRES B", "codigo_act": 462112, "latitud": 19.2859208, "longitud": -99.01070722 }, "geometry": { "type": "Point", "coordinates": [ -99.01070722, 19.2859208 ] } },
{ "type": "Feature", "properties": { "nom_estab": "TIENDAS TRES B", "codigo_act": 462112, "latitud": 19.44847109, "longitud": -99.15513177 }, "geometry": { "type": "Point", "coordinates": [ -99.15513177, 19.44847109 ] } },
{ "type": "Feature", "properties": { "nom_estab": "TIENDAS TRES B", "codigo_act": 462112, "latitud": 19.32662608, "longitud": -99.16591701 }, "geometry": { "type": "Point", "coordinates": [ -99.16591701, 19.32662608 ] } },
{ "type": "Feature", "properties": { "nom_estab": "TIENDAS TRES B", "codigo_act": 462112, "latitud": 19.334434, "longitud": -99.02955532 }, "geometry": { "type": "Point", "coordinates": [ -99.02955532, 19.334434 ] } },
{ "type": "Feature", "properties": { "nom_estab": "TIENDAS TRES B", "codigo_act": 462112, "latitud": 19.39064189, "longitud": -99.1277523 }, "geometry": { "type": "Point", "coordinates": [ -99.1277523, 19.39064189 ] } },
{ "type": "Feature", "properties": { "nom_estab": "TIENDAS TRES B", "codigo_act": 462112, "latitud": 19.48886055, "longitud": -99.10554241 }, "geometry": { "type": "Point", "coordinates": [ -99.10554241, 19.48886055 ] } },
{ "type": "Feature", "properties": { "nom_estab": "TIENDAS TRES B", "codigo_act": 462112, "latitud": 19.49841752, "longitud": -99.09600058 }, "geometry": { "type": "Point", "coordinates": [ -99.09600058, 19.49841752 ] } },
{ "type": "Feature", "properties": { "nom_estab": "TIENDAS TRES B", "codigo_act": 462112, "latitud": 19.3486471, "longitud": -99.22964059 }, "geometry": { "type": "Point", "coordinates": [ -99.22964059, 19.3486471 ] } },
{ "type": "Feature", "properties": { "nom_estab": "TIENDAS TRES B", "codigo_act": 462112, "latitud": 19.41568704, "longitud": -99.15044854 }, "geometry": { "type": "Point", "coordinates": [ -99.15044854, 19.41568704 ] } },
{ "type": "Feature", "properties": { "nom_estab": "TIENDAS TRES B", "codigo_act": 462112, "latitud": 19.21766034, "longitud": -99.20483164 }, "geometry": { "type": "Point", "coordinates": [ -99.20483164, 19.21766034 ] } },
{ "type": "Feature", "properties": { "nom_estab": "TIENDAS TRES B", "codigo_act": 462112, "latitud": 19.36216164, "longitud": -99.24955998 }, "geometry": { "type": "Point", "coordinates": [ -99.24955998, 19.36216164 ] } },
{ "type": "Feature", "properties": { "nom_estab": "TIENDAS TRES B", "codigo_act": 462112, "latitud": 19.35460291, "longitud": -99.00376986000001 }, "geometry": { "type": "Point", "coordinates": [ -99.00376986, 19.35460291 ] } },
{ "type": "Feature", "properties": { "nom_estab": "TIENDAS TRES B", "codigo_act": 462112, "latitud": 19.34850158, "longitud": -99.22960148 }, "geometry": { "type": "Point", "coordinates": [ -99.22960148, 19.34850158 ] } },
{ "type": "Feature", "properties": { "nom_estab": "TIENDAS TRES B", "codigo_act": 462112, "latitud": 19.36109029, "longitud": -99.09124453 }, "geometry": { "type": "Point", "coordinates": [ -99.09124453, 19.36109029 ] } },
{ "type": "Feature", "properties": { "nom_estab": "TIENDAS TRES B", "codigo_act": 462112, "latitud": 19.46185644, "longitud": -99.1170009 }, "geometry": { "type": "Point", "coordinates": [ -99.1170009, 19.46185644 ] } },
{ "type": "Feature", "properties": { "nom_estab": "TIENDAS TRES B", "codigo_act": 462112, "latitud": 19.33950782, "longitud": -99.03944918000001 }, "geometry": { "type": "Point", "coordinates": [ -99.03944918, 19.33950782 ] } },
{ "type": "Feature", "properties": { "nom_estab": "TIENDAS TRES B", "codigo_act": 462112, "latitud": 19.40159537, "longitud": -99.05997935000001 }, "geometry": { "type": "Point", "coordinates": [ -99.05997935, 19.40159537 ] } },
{ "type": "Feature", "properties": { "nom_estab": "TIENDAS TRES B", "codigo_act": 462112, "latitud": 19.44810093, "longitud": -99.11851775 }, "geometry": { "type": "Point", "coordinates": [ -99.11851775, 19.44810093 ] } },
{ "type": "Feature", "properties": { "nom_estab": "TIENDAS TRES B", "codigo_act": 462112, "latitud": 19.23266826, "longitud": -99.17936802 }, "geometry": { "type": "Point", "coordinates": [ -99.17936802, 19.23266826 ] } },
{ "type": "Feature", "properties": { "nom_estab": "TIENDAS TRES B", "codigo_act": 462112, "latitud": 19.54490532, "longitud": -99.13847799 }, "geometry": { "type": "Point", "coordinates": [ -99.13847799, 19.54490532 ] } },
{ "type": "Feature", "properties": { "nom_estab": "TIENDAS TRES B", "codigo_act": 462112, "latitud": 19.4995776, "longitud": -99.11315529 }, "geometry": { "type": "Point", "coordinates": [ -99.11315529, 19.4995776 ] } },
{ "type": "Feature", "properties": { "nom_estab": "TIENDAS TRES B", "codigo_act": 462112, "latitud": 19.49192723, "longitud": -99.17890685 }, "geometry": { "type": "Point", "coordinates": [ -99.17890685, 19.49192723 ] } },
{ "type": "Feature", "properties": { "nom_estab": "TIENDAS TRES B", "codigo_act": 462112, "latitud": 19.49971856, "longitud": -99.0715396 }, "geometry": { "type": "Point", "coordinates": [ -99.0715396, 19.49971856 ] } },
{ "type": "Feature", "properties": { "nom_estab": "TIENDAS TRES B", "codigo_act": 462112, "latitud": 19.53882543, "longitud": -99.14103282000001 }, "geometry": { "type": "Point", "coordinates": [ -99.14103282, 19.53882543 ] } },
{ "type": "Feature", "properties": { "nom_estab": "TIENDAS TRES B", "codigo_act": 462112, "latitud": 19.39311972, "longitud": -99.07983186 }, "geometry": { "type": "Point", "coordinates": [ -99.07983186, 19.39311972 ] } },
{ "type": "Feature", "properties": { "nom_estab": "TIENDAS TRES B", "codigo_act": 462112, "latitud": 19.33868991, "longitud": -99.05947861 }, "geometry": { "type": "Point", "coordinates": [ -99.05947861, 19.33868991 ] } },
{ "type": "Feature", "properties": { "nom_estab": "TIENDAS TRES B", "codigo_act": 462112, "latitud": 19.44374318, "longitud": -99.14631763 }, "geometry": { "type": "Point", "coordinates": [ -99.14631763, 19.44374318 ] } },
{ "type": "Feature", "properties": { "nom_estab": "TIENDAS TRES B", "codigo_act": 462112, "latitud": 19.47886371, "longitud": -99.12117046 }, "geometry": { "type": "Point", "coordinates": [ -99.12117046, 19.47886371 ] } },
{ "type": "Feature", "properties": { "nom_estab": "TIENDAS TRES B", "codigo_act": 462112, "latitud": 19.42416611, "longitud": -99.16447568 }, "geometry": { "type": "Point", "coordinates": [ -99.16447568, 19.42416611 ] } },
{ "type": "Feature", "properties": { "nom_estab": "TIENDAS TRES B", "codigo_act": 462112, "latitud": 19.28855585, "longitud": -99.0058959 }, "geometry": { "type": "Point", "coordinates": [ -99.0058959, 19.28855585 ] } },
{ "type": "Feature", "properties": { "nom_estab": "TIENDAS TRES B", "codigo_act": 462112, "latitud": 19.37059914, "longitud": -99.1367484 }, "geometry": { "type": "Point", "coordinates": [ -99.1367484, 19.37059914 ] } },
{ "type": "Feature", "properties": { "nom_estab": "TIENDAS TRES B", "codigo_act": 462112, "latitud": 19.40681805, "longitud": -99.18491989 }, "geometry": { "type": "Point", "coordinates": [ -99.18491989, 19.40681805 ] } },
{ "type": "Feature", "properties": { "nom_estab": "TIENDAS TRES B", "codigo_act": 462112, "latitud": 19.45975861, "longitud": -99.19190489 }, "geometry": { "type": "Point", "coordinates": [ -99.19190489, 19.45975861 ] } },
{ "type": "Feature", "properties": { "nom_estab": "TIENDAS TRES B", "codigo_act": 462112, "latitud": 19.32313906, "longitud": -99.26173454000001 }, "geometry": { "type": "Point", "coordinates": [ -99.26173454, 19.32313906 ] } },
{ "type": "Feature", "properties": { "nom_estab": "TIENDAS TRES B", "codigo_act": 462112, "latitud": 19.44250198, "longitud": -99.15822578 }, "geometry": { "type": "Point", "coordinates": [ -99.15822578, 19.44250198 ] } },
{ "type": "Feature", "properties": { "nom_estab": "TIENDAS TRES B", "codigo_act": 462112, "latitud": 19.40218254, "longitud": -99.20226547 }, "geometry": { "type": "Point", "coordinates": [ -99.20226547, 19.40218254 ] } },
{ "type": "Feature", "properties": { "nom_estab": "TIENDAS TRES B", "codigo_act": 462112, "latitud": 19.38664655, "longitud": -99.06359597 }, "geometry": { "type": "Point", "coordinates": [ -99.06359597, 19.38664655 ] } },
{ "type": "Feature", "properties": { "nom_estab": "TIENDAS TRES B", "codigo_act": 462112, "latitud": 19.42983225, "longitud": -99.16931667 }, "geometry": { "type": "Point", "coordinates": [ -99.16931667, 19.42983225 ] } },
{ "type": "Feature", "properties": { "nom_estab": "TIENDAS TRES B", "codigo_act": 462112, "latitud": 19.47134176, "longitud": -99.06716753000001 }, "geometry": { "type": "Point", "coordinates": [ -99.06716753, 19.47134176 ] } },
{ "type": "Feature", "properties": { "nom_estab": "TIENDAS TRES B", "codigo_act": 462112, "latitud": 19.41241693, "longitud": -99.09223339 }, "geometry": { "type": "Point", "coordinates": [ -99.09223339, 19.41241693 ] } },
{ "type": "Feature", "properties": { "nom_estab": "TIENDAS TRES B", "codigo_act": 462112, "latitud": 19.49581007, "longitud": -99.18240539 }, "geometry": { "type": "Point", "coordinates": [ -99.18240539, 19.49581007 ] } },
{ "type": "Feature", "properties": { "nom_estab": "TIENDAS TRES B", "codigo_act": 462112, "latitud": 19.32412989, "longitud": -99.15686709000001 }, "geometry": { "type": "Point", "coordinates": [ -99.15686709, 19.32412989 ] } },
{ "type": "Feature", "properties": { "nom_estab": "TIENDAS TRES B", "codigo_act": 462112, "latitud": 19.44015004, "longitud": -99.1397898 }, "geometry": { "type": "Point", "coordinates": [ -99.1397898, 19.44015004 ] } },
{ "type": "Feature", "properties": { "nom_estab": "TIENDAS TRES B", "codigo_act": 462112, "latitud": 19.33308771, "longitud": -99.11732375 }, "geometry": { "type": "Point", "coordinates": [ -99.11732375, 19.33308771 ] } },
{ "type": "Feature", "properties": { "nom_estab": "TIENDAS TRES B", "codigo_act": 462112, "latitud": 19.28341614, "longitud": -99.22170629 }, "geometry": { "type": "Point", "coordinates": [ -99.22170629, 19.28341614 ] } },
{ "type": "Feature", "properties": { "nom_estab": "TIENDAS TRES B", "codigo_act": 462112, "latitud": 19.47609561, "longitud": -99.06604079 }, "geometry": { "type": "Point", "coordinates": [ -99.06604079, 19.47609561 ] } },
{ "type": "Feature", "properties": { "nom_estab": "TIENDAS TRES B", "codigo_act": 462112, "latitud": 19.33196983, "longitud": -98.9781295 }, "geometry": { "type": "Point", "coordinates": [ -98.9781295, 19.33196983 ] } },
{ "type": "Feature", "properties": { "nom_estab": "TIENDAS TRES B", "codigo_act": 462112, "latitud": 19.2576828, "longitud": -99.10462847 }, "geometry": { "type": "Point", "coordinates": [ -99.10462847, 19.2576828 ] } },
{ "type": "Feature", "properties": { "nom_estab": "TIENDAS TRES B", "codigo_act": 462112, "latitud": 19.39440322, "longitud": -99.04806434 }, "geometry": { "type": "Point", "coordinates": [ -99.04806434, 19.39440322 ] } },
{ "type": "Feature", "properties": { "nom_estab": "TIENDAS TRES B", "codigo_act": 462112, "latitud": 19.48544053, "longitud": -99.07162178 }, "geometry": { "type": "Point", "coordinates": [ -99.07162178, 19.48544053 ] } },
{ "type": "Feature", "properties": { "nom_estab": "TIENDAS TRES B", "codigo_act": 462112, "latitud": 19.55794778, "longitud": -99.13469532000001 }, "geometry": { "type": "Point", "coordinates": [ -99.13469532, 19.55794778 ] } },
{ "type": "Feature", "properties": { "nom_estab": "TIENDAS TRES B", "codigo_act": 462112, "latitud": 19.49858155, "longitud": -99.07610681 }, "geometry": { "type": "Point", "coordinates": [ -99.07610681, 19.49858155 ] } },
{ "type": "Feature", "properties": { "nom_estab": "TIENDAS TRES B", "codigo_act": 462112, "latitud": 19.41093058, "longitud": -99.16480208 }, "geometry": { "type": "Point", "coordinates": [ -99.16480208, 19.41093058 ] } },
{ "type": "Feature", "properties": { "nom_estab": "TIENDAS TRES B", "codigo_act": 462112, "latitud": 19.4642669, "longitud": -99.18127472 }, "geometry": { "type": "Point", "coordinates": [ -99.18127472, 19.4642669 ] } },
{ "type": "Feature", "properties": { "nom_estab": "TIENDAS TRES B", "codigo_act": 462112, "latitud": 19.33910624, "longitud": -99.01824425 }, "geometry": { "type": "Point", "coordinates": [ -99.01824425, 19.33910624 ] } },
{ "type": "Feature", "properties": { "nom_estab": "TIENDAS TRES B", "codigo_act": 462112, "latitud": 19.27869694, "longitud": -98.99967599 }, "geometry": { "type": "Point", "coordinates": [ -98.99967599, 19.27869694 ] } },
{ "type": "Feature", "properties": { "nom_estab": "TIENDAS TRES B", "codigo_act": 462112, "latitud": 19.42880034, "longitud": -99.13972678 }, "geometry": { "type": "Point", "coordinates": [ -99.13972678, 19.42880034 ] } },
{ "type": "Feature", "properties": { "nom_estab": "TIENDAS TRES B", "codigo_act": 462112, "latitud": 19.36093422, "longitud": -99.01982985 }, "geometry": { "type": "Point", "coordinates": [ -99.01982985, 19.36093422 ] } },
{ "type": "Feature", "properties": { "nom_estab": "TIENDAS TRES B", "codigo_act": 462112, "latitud": 19.44551758, "longitud": -99.14939254 }, "geometry": { "type": "Point", "coordinates": [ -99.14939254, 19.44551758 ] } },
{ "type": "Feature", "properties": { "nom_estab": "TIENDAS TRES B", "codigo_act": 462112, "latitud": 19.30004177, "longitud": -99.05565 }, "geometry": { "type": "Point", "coordinates": [ -99.05565, 19.30004177 ] } },
{ "type": "Feature", "properties": { "nom_estab": "TIENDAS TRES B", "codigo_act": 462112, "latitud": 19.44234545, "longitud": -99.1582544 }, "geometry": { "type": "Point", "coordinates": [ -99.1582544, 19.44234545 ] } },
{ "type": "Feature", "properties": { "nom_estab": "TIENDAS TRES B", "codigo_act": 462112, "latitud": 19.51062554, "longitud": -99.10066672000001 }, "geometry": { "type": "Point", "coordinates": [ -99.10066672, 19.51062554 ] } },
{ "type": "Feature", "properties": { "nom_estab": "TIENDAS TRES B", "codigo_act": 462112, "latitud": 19.33533184, "longitud": -99.01829351000001 }, "geometry": { "type": "Point", "coordinates": [ -99.01829351, 19.33533184 ] } },
{ "type": "Feature", "properties": { "nom_estab": "TIENDAS TRES B", "codigo_act": 462112, "latitud": 19.52830124, "longitud": -99.17033266 }, "geometry": { "type": "Point", "coordinates": [ -99.17033266, 19.52830124 ] } },
{ "type": "Feature", "properties": { "nom_estab": "TIENDAS TRES B", "codigo_act": 462112, "latitud": 19.39544211, "longitud": -99.19430917 }, "geometry": { "type": "Point", "coordinates": [ -99.19430917, 19.39544211 ] } },
{ "type": "Feature", "properties": { "nom_estab": "TIENDAS TRES B", "codigo_act": 462112, "latitud": 19.35615872, "longitud": -99.23775247 }, "geometry": { "type": "Point", "coordinates": [ -99.23775247, 19.35615872 ] } },
{ "type": "Feature", "properties": { "nom_estab": "TIENDAS TRES B", "codigo_act": 462112, "latitud": 19.33934405, "longitud": -99.11535327 }, "geometry": { "type": "Point", "coordinates": [ -99.11535327, 19.33934405 ] } },
{ "type": "Feature", "properties": { "nom_estab": "TIENDAS TRES B", "codigo_act": 462112, "latitud": 19.50195546, "longitud": -99.15761626 }, "geometry": { "type": "Point", "coordinates": [ -99.15761626, 19.50195546 ] } },
{ "type": "Feature", "properties": { "nom_estab": "TIENDAS TRES B", "codigo_act": 462112, "latitud": 19.34674951, "longitud": -99.04982685 }, "geometry": { "type": "Point", "coordinates": [ -99.04982685, 19.34674951 ] } },
{ "type": "Feature", "properties": { "nom_estab": "TIENDAS TRES B", "codigo_act": 462112, "latitud": 19.44447006, "longitud": -99.17504689 }, "geometry": { "type": "Point", "coordinates": [ -99.17504689, 19.44447006 ] } },
{ "type": "Feature", "properties": { "nom_estab": "TIENDAS TRES B", "codigo_act": 462112, "latitud": 19.32804946, "longitud": -99.06278791 }, "geometry": { "type": "Point", "coordinates": [ -99.06278791, 19.32804946 ] } },
{ "type": "Feature", "properties": { "nom_estab": "TIENDAS TRES B", "codigo_act": 462112, "latitud": 19.22520158, "longitud": -98.96014869 }, "geometry": { "type": "Point", "coordinates": [ -98.96014869, 19.22520158 ] } },
{ "type": "Feature", "properties": { "nom_estab": "TIENDAS TRES B", "codigo_act": 462112, "latitud": 19.35182541, "longitud": -99.09979772 }, "geometry": { "type": "Point", "coordinates": [ -99.09979772, 19.35182541 ] } },
{ "type": "Feature", "properties": { "nom_estab": "TIENDAS TRES B", "codigo_act": 462112, "latitud": 19.29058793, "longitud": -99.22978847 }, "geometry": { "type": "Point", "coordinates": [ -99.22978847, 19.29058793 ] } },
{ "type": "Feature", "properties": { "nom_estab": "TIENDAS TRES B", "codigo_act": 462112, "latitud": 19.31394303, "longitud": -99.16039366 }, "geometry": { "type": "Point", "coordinates": [ -99.16039366, 19.31394303 ] } },
{ "type": "Feature", "properties": { "nom_estab": "TIENDAS TRES B", "codigo_act": 462112, "latitud": 19.44673164, "longitud": -99.09046275 }, "geometry": { "type": "Point", "coordinates": [ -99.09046275, 19.44673164 ] } },
{ "type": "Feature", "properties": { "nom_estab": "TIENDAS TRES B", "codigo_act": 462112, "latitud": 19.45888718, "longitud": -99.19000287 }, "geometry": { "type": "Point", "coordinates": [ -99.19000287, 19.45888718 ] } },
{ "type": "Feature", "properties": { "nom_estab": "TIENDAS TRES B", "codigo_act": 462112, "latitud": 19.44973411, "longitud": -99.18491072 }, "geometry": { "type": "Point", "coordinates": [ -99.18491072, 19.44973411 ] } },
{ "type": "Feature", "properties": { "nom_estab": "TIENDAS TRES B", "codigo_act": 462112, "latitud": 19.55514053, "longitud": -99.13223508 }, "geometry": { "type": "Point", "coordinates": [ -99.13223508, 19.55514053 ] } },
{ "type": "Feature", "properties": { "nom_estab": "TIENDAS TRES B", "codigo_act": 462112, "latitud": 19.38711088, "longitud": -99.06690679 }, "geometry": { "type": "Point", "coordinates": [ -99.06690679, 19.38711088 ] } },
{ "type": "Feature", "properties": { "nom_estab": "TIENDAS TRES B", "codigo_act": 462112, "latitud": 19.41409995, "longitud": -99.08728765 }, "geometry": { "type": "Point", "coordinates": [ -99.08728765, 19.41409995 ] } },
{ "type": "Feature", "properties": { "nom_estab": "TIENDAS TRES B", "codigo_act": 462112, "latitud": 19.49330834, "longitud": -99.07700661 }, "geometry": { "type": "Point", "coordinates": [ -99.07700661, 19.49330834 ] } },
{ "type": "Feature", "properties": { "nom_estab": "TIENDAS TRES B", "codigo_act": 462112, "latitud": 19.36895161, "longitud": -99.16819077 }, "geometry": { "type": "Point", "coordinates": [ -99.16819077, 19.36895161 ] } },
{ "type": "Feature", "properties": { "nom_estab": "TIENDAS TRES B", "codigo_act": 462112, "latitud": 19.37646035, "longitud": -99.00808939 }, "geometry": { "type": "Point", "coordinates": [ -99.00808939, 19.37646035 ] } },
{ "type": "Feature", "properties": { "nom_estab": "TIENDAS TRES B", "codigo_act": 462112, "latitud": 19.41102724, "longitud": -99.06260073 }, "geometry": { "type": "Point", "coordinates": [ -99.06260073, 19.41102724 ] } },
{ "type": "Feature", "properties": { "nom_estab": "TIENDAS TRES B", "codigo_act": 462112, "latitud": 19.44710587, "longitud": -99.19559411 }, "geometry": { "type": "Point", "coordinates": [ -99.19559411, 19.44710587 ] } },
{ "type": "Feature", "properties": { "nom_estab": "TIENDAS TRES B", "codigo_act": 462112, "latitud": 19.53974777, "longitud": -99.1523935 }, "geometry": { "type": "Point", "coordinates": [ -99.1523935, 19.53974777 ] } },
{ "type": "Feature", "properties": { "nom_estab": "TIENDAS TRES B", "codigo_act": 462112, "latitud": 19.45813122, "longitud": -99.1036422 }, "geometry": { "type": "Point", "coordinates": [ -99.1036422, 19.45813122 ] } },
{ "type": "Feature", "properties": { "nom_estab": "TIENDAS TRES B", "codigo_act": 462112, "latitud": 19.41460934, "longitud": -99.168987 }, "geometry": { "type": "Point", "coordinates": [ -99.168987, 19.41460934 ] } },
{ "type": "Feature", "properties": { "nom_estab": "TIENDAS TRES B", "codigo_act": 462112, "latitud": 19.3993118, "longitud": -99.06822447 }, "geometry": { "type": "Point", "coordinates": [ -99.06822447, 19.3993118 ] } },
{ "type": "Feature", "properties": { "nom_estab": "TIENDAS TRES B", "codigo_act": 462112, "latitud": 19.40121155, "longitud": -99.13197913 }, "geometry": { "type": "Point", "coordinates": [ -99.13197913, 19.40121155 ] } },
{ "type": "Feature", "properties": { "nom_estab": "TIENDAS TRES B", "codigo_act": 462112, "latitud": 19.29837237, "longitud": -99.23082771 }, "geometry": { "type": "Point", "coordinates": [ -99.23082771, 19.29837237 ] } },
{ "type": "Feature", "properties": { "nom_estab": "TIENDAS TRES B", "codigo_act": 462112, "latitud": 19.39790285, "longitud": -99.14319552000001 }, "geometry": { "type": "Point", "coordinates": [ -99.14319552, 19.39790285 ] } },
{ "type": "Feature", "properties": { "nom_estab": "TIENDAS TRES B", "codigo_act": 462112, "latitud": 19.45781902, "longitud": -99.18247873 }, "geometry": { "type": "Point", "coordinates": [ -99.18247873, 19.45781902 ] } },
{ "type": "Feature", "properties": { "nom_estab": "TIENDAS TRES B", "codigo_act": 462112, "latitud": 19.54029668, "longitud": -99.14749038 }, "geometry": { "type": "Point", "coordinates": [ -99.14749038, 19.54029668 ] } },
{ "type": "Feature", "properties": { "nom_estab": "TIENDAS TRES B", "codigo_act": 462112, "latitud": 19.29012163, "longitud": -99.00080854 }, "geometry": { "type": "Point", "coordinates": [ -99.00080854, 19.29012163 ] } },
{ "type": "Feature", "properties": { "nom_estab": "TIENDAS TRES B", "codigo_act": 462112, "latitud": 19.48162487, "longitud": -99.18540199 }, "geometry": { "type": "Point", "coordinates": [ -99.18540199, 19.48162487 ] } },
{ "type": "Feature", "properties": { "nom_estab": "TIENDAS TRES B", "codigo_act": 462112, "latitud": 19.26137364, "longitud": -99.00365201 }, "geometry": { "type": "Point", "coordinates": [ -99.00365201, 19.26137364 ] } },
{ "type": "Feature", "properties": { "nom_estab": "TIENDAS TRES B", "codigo_act": 462112, "latitud": 19.3408724, "longitud": -99.12058857 }, "geometry": { "type": "Point", "coordinates": [ -99.12058857, 19.3408724 ] } },
{ "type": "Feature", "properties": { "nom_estab": "TIENDAS TRES B", "codigo_act": 462112, "latitud": 19.33853198, "longitud": -99.02698125000001 }, "geometry": { "type": "Point", "coordinates": [ -99.02698125, 19.33853198 ] } },
{ "type": "Feature", "properties": { "nom_estab": "TIENDAS TRES B", "codigo_act": 462112, "latitud": 19.4790535, "longitud": -99.21206914 }, "geometry": { "type": "Point", "coordinates": [ -99.21206914, 19.4790535 ] } },
{ "type": "Feature", "properties": { "nom_estab": "TIENDAS TRES B", "codigo_act": 462112, "latitud": 19.35720554, "longitud": -99.08172501 }, "geometry": { "type": "Point", "coordinates": [ -99.08172501, 19.35720554 ] } },
{ "type": "Feature", "properties": { "nom_estab": "TIENDAS TRES B", "codigo_act": 462112, "latitud": 19.44162222, "longitud": -99.12108571 }, "geometry": { "type": "Point", "coordinates": [ -99.12108571, 19.44162222 ] } },
{ "type": "Feature", "properties": { "nom_estab": "TIENDAS TRES B", "codigo_act": 462112, "latitud": 19.43108792, "longitud": -99.18107449 }, "geometry": { "type": "Point", "coordinates": [ -99.18107449, 19.43108792 ] } },
{ "type": "Feature", "properties": { "nom_estab": "TIENDAS TRES B", "codigo_act": 462112, "latitud": 19.39906254, "longitud": -99.05721921 }, "geometry": { "type": "Point", "coordinates": [ -99.05721921, 19.39906254 ] } },
{ "type": "Feature", "properties": { "nom_estab": "TIENDAS TRES B", "codigo_act": 462112, "latitud": 19.46421628, "longitud": -99.16952335000001 }, "geometry": { "type": "Point", "coordinates": [ -99.16952335, 19.46421628 ] } },
{ "type": "Feature", "properties": { "nom_estab": "TIENDAS TRES B", "codigo_act": 462112, "latitud": 19.44390258, "longitud": -99.14628523 }, "geometry": { "type": "Point", "coordinates": [ -99.14628523, 19.44390258 ] } },
{ "type": "Feature", "properties": { "nom_estab": "TIENDAS TRES B", "codigo_act": 462112, "latitud": 19.50288617, "longitud": -99.12750205 }, "geometry": { "type": "Point", "coordinates": [ -99.12750205, 19.50288617 ] } },
{ "type": "Feature", "properties": { "nom_estab": "TIENDAS TRES B", "codigo_act": 462112, "latitud": 19.45841493, "longitud": -99.17925797 }, "geometry": { "type": "Point", "coordinates": [ -99.17925797, 19.45841493 ] } },
{ "type": "Feature", "properties": { "nom_estab": "TIENDAS TRES B", "codigo_act": 462112, "latitud": 19.30497483, "longitud": -99.06985394 }, "geometry": { "type": "Point", "coordinates": [ -99.06985394, 19.30497483 ] } },
{ "type": "Feature", "properties": { "nom_estab": "TIENDAS TRES B", "codigo_act": 462112, "latitud": 19.5186828, "longitud": -99.1575733 }, "geometry": { "type": "Point", "coordinates": [ -99.1575733, 19.5186828 ] } },
{ "type": "Feature", "properties": { "nom_estab": "TIENDAS TRES B", "codigo_act": 462112, "latitud": 19.50888669, "longitud": -99.20912119 }, "geometry": { "type": "Point", "coordinates": [ -99.20912119, 19.50888669 ] } },
{ "type": "Feature", "properties": { "nom_estab": "TIENDAS TRES B", "codigo_act": 462112, "latitud": 19.33097492, "longitud": -99.02671274 }, "geometry": { "type": "Point", "coordinates": [ -99.02671274, 19.33097492 ] } },
{ "type": "Feature", "properties": { "nom_estab": "TIENDAS TRES B", "codigo_act": 462112, "latitud": 19.25584967, "longitud": -99.12738633 }, "geometry": { "type": "Point", "coordinates": [ -99.12738633, 19.25584967 ] } },
{ "type": "Feature", "properties": { "nom_estab": "TIENDAS TRES B", "codigo_act": 462112, "latitud": 19.39367227, "longitud": -99.1595937 }, "geometry": { "type": "Point", "coordinates": [ -99.1595937, 19.39367227 ] } },
{ "type": "Feature", "properties": { "nom_estab": "TIENDAS TRES B", "codigo_act": 462112, "latitud": 19.2713342, "longitud": -99.0026242 }, "geometry": { "type": "Point", "coordinates": [ -99.0026242, 19.2713342 ] } },
{ "type": "Feature", "properties": { "nom_estab": "TIENDAS TRES B", "codigo_act": 462112, "latitud": 19.35551956, "longitud": -99.29860979 }, "geometry": { "type": "Point", "coordinates": [ -99.29860979, 19.35551956 ] } },
{ "type": "Feature", "properties": { "nom_estab": "TIENDAS TRES B", "codigo_act": 462112, "latitud": 19.29086162, "longitud": -99.05388108 }, "geometry": { "type": "Point", "coordinates": [ -99.05388108, 19.29086162 ] } },
{ "type": "Feature", "properties": { "nom_estab": "TIENDAS TRES B", "codigo_act": 462112, "latitud": 19.36076026, "longitud": -99.11180814 }, "geometry": { "type": "Point", "coordinates": [ -99.11180814, 19.36076026 ] } },
{ "type": "Feature", "properties": { "nom_estab": "TIENDAS TRES B", "codigo_act": 462112, "latitud": 19.41337956, "longitud": -99.13174599 }, "geometry": { "type": "Point", "coordinates": [ -99.13174599, 19.41337956 ] } },
{ "type": "Feature", "properties": { "nom_estab": "TIENDAS TRES B", "codigo_act": 462112, "latitud": 19.40681893, "longitud": -99.18491946 }, "geometry": { "type": "Point", "coordinates": [ -99.18491946, 19.40681893 ] } },
{ "type": "Feature", "properties": { "nom_estab": "TIENDAS TRES B", "codigo_act": 462112, "latitud": 19.29551847, "longitud": -99.05511928 }, "geometry": { "type": "Point", "coordinates": [ -99.05511928, 19.29551847 ] } },
{ "type": "Feature", "properties": { "nom_estab": "TIENDAS TRES B", "codigo_act": 462112, "latitud": 19.34919062, "longitud": -99.11092432 }, "geometry": { "type": "Point", "coordinates": [ -99.11092432, 19.34919062 ] } },
{ "type": "Feature", "properties": { "nom_estab": "TIENDAS TRES B", "codigo_act": 462112, "latitud": 19.38421118, "longitud": -99.02204974 }, "geometry": { "type": "Point", "coordinates": [ -99.02204974, 19.38421118 ] } },
{ "type": "Feature", "properties": { "nom_estab": "TIENDAS TRES B", "codigo_act": 462112, "latitud": 19.33472704, "longitud": -99.0430167 }, "geometry": { "type": "Point", "coordinates": [ -99.0430167, 19.33472704 ] } },
{ "type": "Feature", "properties": { "nom_estab": "TIENDAS TRES B", "codigo_act": 462112, "latitud": 19.30103023, "longitud": -99.0575873 }, "geometry": { "type": "Point", "coordinates": [ -99.0575873, 19.30103023 ] } },
{ "type": "Feature", "properties": { "nom_estab": "TIENDAS TRES B", "codigo_act": 462112, "latitud": 19.45956109, "longitud": -99.11460123000001 }, "geometry": { "type": "Point", "coordinates": [ -99.11460123, 19.45956109 ] } },
{ "type": "Feature", "properties": { "nom_estab": "TIENDAS TRES B", "codigo_act": 462112, "latitud": 19.38974742, "longitud": -99.19403515 }, "geometry": { "type": "Point", "coordinates": [ -99.19403515, 19.38974742 ] } },
{ "type": "Feature", "properties": { "nom_estab": "TIENDAS TRES B", "codigo_act": 462112, "latitud": 19.39690126, "longitud": -99.25860961 }, "geometry": { "type": "Point", "coordinates": [ -99.25860961, 19.39690126 ] } },
{ "type": "Feature", "properties": { "nom_estab": "TIENDAS TRES B", "codigo_act": 462112, "latitud": 19.29117955, "longitud": -99.03270958 }, "geometry": { "type": "Point", "coordinates": [ -99.03270958, 19.29117955 ] } },
{ "type": "Feature", "properties": { "nom_estab": "TIENDAS TRES B", "codigo_act": 462112, "latitud": 19.45887151, "longitud": -99.18586847 }, "geometry": { "type": "Point", "coordinates": [ -99.18586847, 19.45887151 ] } },
{ "type": "Feature", "properties": { "nom_estab": "TIENDAS TRES B", "codigo_act": 462112, "latitud": 19.33756477, "longitud": -99.05267141 }, "geometry": { "type": "Point", "coordinates": [ -99.05267141, 19.33756477 ] } },
{ "type": "Feature", "properties": { "nom_estab": "TIENDAS TRES B", "codigo_act": 462112, "latitud": 19.47990919, "longitud": -99.17495094 }, "geometry": { "type": "Point", "coordinates": [ -99.17495094, 19.47990919 ] } },
{ "type": "Feature", "properties": { "nom_estab": "TIENDAS TRES B", "codigo_act": 462112, "latitud": 19.25926708, "longitud": -99.01010854 }, "geometry": { "type": "Point", "coordinates": [ -99.01010854, 19.25926708 ] } },
{ "type": "Feature", "properties": { "nom_estab": "TIENDAS TRES B", "codigo_act": 462112, "latitud": 19.46308571, "longitud": -99.11063823000001 }, "geometry": { "type": "Point", "coordinates": [ -99.11063823, 19.46308571 ] } },
{ "type": "Feature", "properties": { "nom_estab": "TIENDAS TRES B", "codigo_act": 462112, "latitud": 19.38236408, "longitud": -99.08595426 }, "geometry": { "type": "Point", "coordinates": [ -99.08595426, 19.38236408 ] } },
{ "type": "Feature", "properties": { "nom_estab": "TIENDAS TRES B", "codigo_act": 462112, "latitud": 19.47403966, "longitud": -99.18138239 }, "geometry": { "type": "Point", "coordinates": [ -99.18138239, 19.47403966 ] } },
{ "type": "Feature", "properties": { "nom_estab": "TIENDAS TRES B", "codigo_act": 462112, "latitud": 19.44999998, "longitud": -99.14409883 }, "geometry": { "type": "Point", "coordinates": [ -99.14409883, 19.44999998 ] } },
{ "type": "Feature", "properties": { "nom_estab": "TIENDAS TRES B", "codigo_act": 462112, "latitud": 19.42981319, "longitud": -99.16935693000001 }, "geometry": { "type": "Point", "coordinates": [ -99.16935693, 19.42981319 ] } },
{ "type": "Feature", "properties": { "nom_estab": "TIENDAS TRES B", "codigo_act": 462112, "latitud": 19.26351957, "longitud": -99.00816092 }, "geometry": { "type": "Point", "coordinates": [ -99.00816092, 19.26351957 ] } },
{ "type": "Feature", "properties": { "nom_estab": "TIENDAS TRES B", "codigo_act": 462112, "latitud": 19.4813989, "longitud": -99.18688948 }, "geometry": { "type": "Point", "coordinates": [ -99.18688948, 19.4813989 ] } },
{ "type": "Feature", "properties": { "nom_estab": "TIENDAS TRES B", "codigo_act": 462112, "latitud": 19.4457141, "longitud": -99.14472417 }, "geometry": { "type": "Point", "coordinates": [ -99.14472417, 19.4457141 ] } },
{ "type": "Feature", "properties": { "nom_estab": "TIENDAS TRES B", "codigo_act": 462112, "latitud": 19.46028104, "longitud": -99.18832324 }, "geometry": { "type": "Point", "coordinates": [ -99.18832324, 19.46028104 ] } },
{ "type": "Feature", "properties": { "nom_estab": "TIENDAS TRES B", "codigo_act": 462112, "latitud": 19.48213949, "longitud": -99.11612195 }, "geometry": { "type": "Point", "coordinates": [ -99.11612195, 19.48213949 ] } },
{ "type": "Feature", "properties": { "nom_estab": "TIENDAS TRES B", "codigo_act": 462112, "latitud": 19.20332333, "longitud": -99.13600362 }, "geometry": { "type": "Point", "coordinates": [ -99.13600362, 19.20332333 ] } },
{ "type": "Feature", "properties": { "nom_estab": "TIENDAS TRES B", "codigo_act": 462112, "latitud": 19.32453788, "longitud": -99.11889118000001 }, "geometry": { "type": "Point", "coordinates": [ -99.11889118, 19.32453788 ] } },
{ "type": "Feature", "properties": { "nom_estab": "TIENDAS TRES B", "codigo_act": 462112, "latitud": 19.3326201, "longitud": -99.11736365 }, "geometry": { "type": "Point", "coordinates": [ -99.11736365, 19.3326201 ] } },
{ "type": "Feature", "properties": { "nom_estab": "TIENDAS TRES B", "codigo_act": 462112, "latitud": 19.37280457, "longitud": -99.07258358 }, "geometry": { "type": "Point", "coordinates": [ -99.07258358, 19.37280457 ] } },
{ "type": "Feature", "properties": { "nom_estab": "TIENDAS TRES B", "codigo_act": 462112, "latitud": 19.19954381, "longitud": -99.14204942000001 }, "geometry": { "type": "Point", "coordinates": [ -99.14204942, 19.19954381 ] } },
{ "type": "Feature", "properties": { "nom_estab": "TIENDAS TRES B", "codigo_act": 462112, "latitud": 19.4261536, "longitud": -99.1552173 }, "geometry": { "type": "Point", "coordinates": [ -99.1552173, 19.4261536 ] } },
{ "type": "Feature", "properties": { "nom_estab": "TIENDAS TRES B", "codigo_act": 462112, "latitud": 19.38953644, "longitud": -99.0381612 }, "geometry": { "type": "Point", "coordinates": [ -99.0381612, 19.38953644 ] } },
{ "type": "Feature", "properties": { "nom_estab": "TIENDAS TRES B", "codigo_act": 462112, "latitud": 19.30411305, "longitud": -99.14313925 }, "geometry": { "type": "Point", "coordinates": [ -99.14313925, 19.30411305 ] } },
{ "type": "Feature", "properties": { "nom_estab": "TIENDAS TRES B", "codigo_act": 462112, "latitud": 19.36160013, "longitud": -99.06706528 }, "geometry": { "type": "Point", "coordinates": [ -99.06706528, 19.36160013 ] } },
{ "type": "Feature", "properties": { "nom_estab": "TIENDAS TRES B", "codigo_act": 462112, "latitud": 19.34378388, "longitud": -99.13341808 }, "geometry": { "type": "Point", "coordinates": [ -99.13341808, 19.34378388 ] } },
{ "type": "Feature", "properties": { "nom_estab": "TIENDAS TRES B", "codigo_act": 462112, "latitud": 19.46326878, "longitud": -99.11116426 }, "geometry": { "type": "Point", "coordinates": [ -99.11116426, 19.46326878 ] } },
{ "type": "Feature", "properties": { "nom_estab": "TIENDAS TRES B", "codigo_act": 462112, "latitud": 19.45547818, "longitud": -99.16227916 }, "geometry": { "type": "Point", "coordinates": [ -99.16227916, 19.45547818 ] } },
{ "type": "Feature", "properties": { "nom_estab": "TIENDAS TRES B", "codigo_act": 462112, "latitud": 19.44878202, "longitud": -99.1363155 }, "geometry": { "type": "Point", "coordinates": [ -99.1363155, 19.44878202 ] } },
{ "type": "Feature", "properties": { "nom_estab": "TIENDAS TRES B", "codigo_act": 462112, "latitud": 19.34773081, "longitud": -99.02766931 }, "geometry": { "type": "Point", "coordinates": [ -99.02766931, 19.34773081 ] } },
{ "type": "Feature", "properties": { "nom_estab": "TIENDAS TRES B", "codigo_act": 462112, "latitud": 19.450332, "longitud": -99.19971515 }, "geometry": { "type": "Point", "coordinates": [ -99.19971515, 19.450332 ] } },
{ "type": "Feature", "properties": { "nom_estab": "TIENDAS TRES B", "codigo_act": 462112, "latitud": 19.33723442, "longitud": -99.03607355 }, "geometry": { "type": "Point", "coordinates": [ -99.03607355, 19.33723442 ] } },
{ "type": "Feature", "properties": { "nom_estab": "TIENDAS TRES B", "codigo_act": 462112, "latitud": 19.4124222, "longitud": -99.09224254 }, "geometry": { "type": "Point", "coordinates": [ -99.09224254, 19.4124222 ] } },
{ "type": "Feature", "properties": { "nom_estab": "TIENDAS TRES B", "codigo_act": 462112, "latitud": 19.34734777, "longitud": -99.03401266 }, "geometry": { "type": "Point", "coordinates": [ -99.03401266, 19.34734777 ] } },
{ "type": "Feature", "properties": { "nom_estab": "TIENDAS TRES B", "codigo_act": 462112, "latitud": 19.41099376, "longitud": -99.11945534 }, "geometry": { "type": "Point", "coordinates": [ -99.11945534, 19.41099376 ] } },
{ "type": "Feature", "properties": { "nom_estab": "TIENDAS TRES B", "codigo_act": 462112, "latitud": 19.26645307, "longitud": -99.13050703 }, "geometry": { "type": "Point", "coordinates": [ -99.13050703, 19.26645307 ] } },
{ "type": "Feature", "properties": { "nom_estab": "TIENDAS TRES B", "codigo_act": 462112, "latitud": 19.32101197, "longitud": -99.07838474 }, "geometry": { "type": "Point", "coordinates": [ -99.07838474, 19.32101197 ] } },
{ "type": "Feature", "properties": { "nom_estab": "TIENDAS TRES B", "codigo_act": 462112, "latitud": 19.50509937, "longitud": -99.12440706 }, "geometry": { "type": "Point", "coordinates": [ -99.12440706, 19.50509937 ] } },
{ "type": "Feature", "properties": { "nom_estab": "TIENDAS TRES B", "codigo_act": 462112, "latitud": 19.47599814, "longitud": -99.1544415 }, "geometry": { "type": "Point", "coordinates": [ -99.1544415, 19.47599814 ] } },
{ "type": "Feature", "properties": { "nom_estab": "TIENDAS TRES B", "codigo_act": 462112, "latitud": 19.37474374, "longitud": -99.06746894 }, "geometry": { "type": "Point", "coordinates": [ -99.06746894, 19.37474374 ] } },
{ "type": "Feature", "properties": { "nom_estab": "TIENDAS TRES B", "codigo_act": 462112, "latitud": 19.28965983, "longitud": -99.01339038 }, "geometry": { "type": "Point", "coordinates": [ -99.01339038, 19.28965983 ] } },
{ "type": "Feature", "properties": { "nom_estab": "TIENDAS TRES B", "codigo_act": 462112, "latitud": 19.44197899, "longitud": -99.10025011 }, "geometry": { "type": "Point", "coordinates": [ -99.10025011, 19.44197899 ] } },
{ "type": "Feature", "properties": { "nom_estab": "TIENDAS TRES B", "codigo_act": 462112, "latitud": 19.47922402, "longitud": -99.08832985 }, "geometry": { "type": "Point", "coordinates": [ -99.08832985, 19.47922402 ] } },
{ "type": "Feature", "properties": { "nom_estab": "TIENDAS TRES B", "codigo_act": 462112, "latitud": 19.2492635, "longitud": -99.1195181 }, "geometry": { "type": "Point", "coordinates": [ -99.1195181, 19.2492635 ] } },
{ "type": "Feature", "properties": { "nom_estab": "TIENDAS TRES B", "codigo_act": 462112, "latitud": 19.35137006, "longitud": -99.0032997 }, "geometry": { "type": "Point", "coordinates": [ -99.0032997, 19.35137006 ] } },
{ "type": "Feature", "properties": { "nom_estab": "TIENDAS TRES B", "codigo_act": 462112, "latitud": 19.45092847, "longitud": -99.20285332 }, "geometry": { "type": "Point", "coordinates": [ -99.20285332, 19.45092847 ] } },
{ "type": "Feature", "properties": { "nom_estab": "TIENDAS TRES B", "codigo_act": 462112, "latitud": 19.561204, "longitud": -99.13938318 }, "geometry": { "type": "Point", "coordinates": [ -99.13938318, 19.561204 ] } },
{ "type": "Feature", "properties": { "nom_estab": "TIENDAS TRES B", "codigo_act": 462112, "latitud": 19.31291277, "longitud": -98.96574721 }, "geometry": { "type": "Point", "coordinates": [ -98.96574721, 19.31291277 ] } },
{ "type": "Feature", "properties": { "nom_estab": "TIENDAS TRES B", "codigo_act": 462112, "latitud": 19.39191593, "longitud": -99.15186534 }, "geometry": { "type": "Point", "coordinates": [ -99.15186534, 19.39191593 ] } },
{ "type": "Feature", "properties": { "nom_estab": "TIENDAS TRES B", "codigo_act": 462112, "latitud": 19.29730508, "longitud": -99.0707904 }, "geometry": { "type": "Point", "coordinates": [ -99.0707904, 19.29730508 ] } },
{ "type": "Feature", "properties": { "nom_estab": "TIENDAS TRES B", "codigo_act": 462112, "latitud": 19.26628167, "longitud": -99.16995028 }, "geometry": { "type": "Point", "coordinates": [ -99.16995028, 19.26628167 ] } },
{ "type": "Feature", "properties": { "nom_estab": "TIENDAS TRES B", "codigo_act": 462112, "latitud": 19.33857781, "longitud": -99.04778205 }, "geometry": { "type": "Point", "coordinates": [ -99.04778205, 19.33857781 ] } },
{ "type": "Feature", "properties": { "nom_estab": "TIENDAS TRES B", "codigo_act": 462112, "latitud": 19.45813118, "longitud": -99.10352969 }, "geometry": { "type": "Point", "coordinates": [ -99.10352969, 19.45813118 ] } },
{ "type": "Feature", "properties": { "nom_estab": "TIENDAS TRES B", "codigo_act": 462112, "latitud": 19.46822225, "longitud": -99.10759999 }, "geometry": { "type": "Point", "coordinates": [ -99.10759999, 19.46822225 ] } },
{ "type": "Feature", "properties": { "nom_estab": "TIENDAS TRES B", "codigo_act": 462112, "latitud": 19.4618095, "longitud": -99.11702794 }, "geometry": { "type": "Point", "coordinates": [ -99.11702794, 19.4618095 ] } },
{ "type": "Feature", "properties": { "nom_estab": "TIENDAS TRES B", "codigo_act": 462112, "latitud": 19.38170768, "longitud": -99.06256556 }, "geometry": { "type": "Point", "coordinates": [ -99.06256556, 19.38170768 ] } },
{ "type": "Feature", "properties": { "nom_estab": "TIENDAS TRES B", "codigo_act": 462112, "latitud": 19.45863268, "longitud": -99.14564941 }, "geometry": { "type": "Point", "coordinates": [ -99.14564941, 19.45863268 ] } },
{ "type": "Feature", "properties": { "nom_estab": "TIENDAS TRES B", "codigo_act": 462112, "latitud": 19.36703008, "longitud": -99.03626172 }, "geometry": { "type": "Point", "coordinates": [ -99.03626172, 19.36703008 ] } },
{ "type": "Feature", "properties": { "nom_estab": "TIENDAS TRES B", "codigo_act": 462112, "latitud": 19.29584613, "longitud": -99.23126626 }, "geometry": { "type": "Point", "coordinates": [ -99.23126626, 19.29584613 ] } },
{ "type": "Feature", "properties": { "nom_estab": "TIENDAS TRES B", "codigo_act": 462112, "latitud": 19.47136315, "longitud": -99.13871987 }, "geometry": { "type": "Point", "coordinates": [ -99.13871987, 19.47136315 ] } },
{ "type": "Feature", "properties": { "nom_estab": "TIENDAS TRES B", "codigo_act": 462112, "latitud": 19.48227219, "longitud": -99.10550188000001 }, "geometry": { "type": "Point", "coordinates": [ -99.10550188, 19.48227219 ] } },
{ "type": "Feature", "properties": { "nom_estab": "TIENDAS TRES B", "codigo_act": 462112, "latitud": 19.46327506, "longitud": -99.11118216 }, "geometry": { "type": "Point", "coordinates": [ -99.11118216, 19.46327506 ] } },
{ "type": "Feature", "properties": { "nom_estab": "TIENDAS TRES B", "codigo_act": 462112, "latitud": 19.4822546, "longitud": -99.11597192000001 }, "geometry": { "type": "Point", "coordinates": [ -99.11597192, 19.4822546 ] } },
{ "type": "Feature", "properties": { "nom_estab": "TIENDAS TRES B", "codigo_act": 462112, "latitud": 19.43740005, "longitud": -99.17706198 }, "geometry": { "type": "Point", "coordinates": [ -99.17706198, 19.43740005 ] } },
{ "type": "Feature", "properties": { "nom_estab": "TIENDAS TRES B", "codigo_act": 462112, "latitud": 19.48308639, "longitud": -99.21695183 }, "geometry": { "type": "Point", "coordinates": [ -99.21695183, 19.48308639 ] } },
{ "type": "Feature", "properties": { "nom_estab": "TIENDAS TRES B", "codigo_act": 462112, "latitud": 19.39342285, "longitud": -99.06667895 }, "geometry": { "type": "Point", "coordinates": [ -99.06667895, 19.39342285 ] } },
{ "type": "Feature", "properties": { "nom_estab": "TIENDAS TRES B", "codigo_act": 462112, "latitud": 19.36177787, "longitud": -99.09389366000001 }, "geometry": { "type": "Point", "coordinates": [ -99.09389366, 19.36177787 ] } },
{ "type": "Feature", "properties": { "nom_estab": "TIENDAS TRES B", "codigo_act": 462112, "latitud": 19.5012055, "longitud": -99.16452422 }, "geometry": { "type": "Point", "coordinates": [ -99.16452422, 19.5012055 ] } },
{ "type": "Feature", "properties": { "nom_estab": "TIENDAS TRES B", "codigo_act": 462112, "latitud": 19.38563503, "longitud": -99.14579184 }, "geometry": { "type": "Point", "coordinates": [ -99.14579184, 19.38563503 ] } },
{ "type": "Feature", "properties": { "nom_estab": "TIENDAS TRES B", "codigo_act": 462112, "latitud": 19.37446131, "longitud": -99.11975489 }, "geometry": { "type": "Point", "coordinates": [ -99.11975489, 19.37446131 ] } },
{ "type": "Feature", "properties": { "nom_estab": "TIENDAS TRES B", "codigo_act": 462112, "latitud": 19.32161443, "longitud": -99.04728481 }, "geometry": { "type": "Point", "coordinates": [ -99.04728481, 19.32161443 ] } },
{ "type": "Feature", "properties": { "nom_estab": "TIENDAS TRES B", "codigo_act": 462112, "latitud": 19.46927491, "longitud": -99.13147725 }, "geometry": { "type": "Point", "coordinates": [ -99.13147725, 19.46927491 ] } },
{ "type": "Feature", "properties": { "nom_estab": "TIENDAS TRES B", "codigo_act": 462112, "latitud": 19.35854365, "longitud": -99.02967327 }, "geometry": { "type": "Point", "coordinates": [ -99.02967327, 19.35854365 ] } },
{ "type": "Feature", "properties": { "nom_estab": "TIENDAS TRES B", "codigo_act": 462112, "latitud": 19.36197191, "longitud": -99.09693713 }, "geometry": { "type": "Point", "coordinates": [ -99.09693713, 19.36197191 ] } },
{ "type": "Feature", "properties": { "nom_estab": "TIENDAS TRES B", "codigo_act": 462112, "latitud": 19.43892122, "longitud": -99.13998887 }, "geometry": { "type": "Point", "coordinates": [ -99.13998887, 19.43892122 ] } },
{ "type": "Feature", "properties": { "nom_estab": "TIENDAS TRES B", "codigo_act": 462112, "latitud": 19.39699202, "longitud": -99.16150725 }, "geometry": { "type": "Point", "coordinates": [ -99.16150725, 19.39699202 ] } },
{ "type": "Feature", "properties": { "nom_estab": "TIENDAS TRES B", "codigo_act": 462112, "latitud": 19.49129814, "longitud": -99.13632497 }, "geometry": { "type": "Point", "coordinates": [ -99.13632497, 19.49129814 ] } },
{ "type": "Feature", "properties": { "nom_estab": "TIENDAS TRES B", "codigo_act": 462112, "latitud": 19.32790226, "longitud": -99.06281687000001 }, "geometry": { "type": "Point", "coordinates": [ -99.06281687, 19.32790226 ] } },
{ "type": "Feature", "properties": { "nom_estab": "TIENDAS TRES B", "codigo_act": 462112, "latitud": 19.37870102, "longitud": -99.06233313 }, "geometry": { "type": "Point", "coordinates": [ -99.06233313, 19.37870102 ] } },
{ "type": "Feature", "properties": { "nom_estab": "TIENDAS TRES B", "codigo_act": 462112, "latitud": 19.49482567, "longitud": -99.20633391 }, "geometry": { "type": "Point", "coordinates": [ -99.20633391, 19.49482567 ] } },
{ "type": "Feature", "properties": { "nom_estab": "TIENDAS TRES B", "codigo_act": 462112, "latitud": 19.34890158, "longitud": -99.0114552 }, "geometry": { "type": "Point", "coordinates": [ -99.0114552, 19.34890158 ] } },
{ "type": "Feature", "properties": { "nom_estab": "TIENDAS TRES B", "codigo_act": 462112, "latitud": 19.32180767, "longitud": -99.05796439 }, "geometry": { "type": "Point", "coordinates": [ -99.05796439, 19.32180767 ] } },
{ "type": "Feature", "properties": { "nom_estab": "TIENDAS TRES B", "codigo_act": 462112, "latitud": 19.35667396, "longitud": -99.07095317 }, "geometry": { "type": "Point", "coordinates": [ -99.07095317, 19.35667396 ] } },
{ "type": "Feature", "properties": { "nom_estab": "TIENDAS TRES B", "codigo_act": 462112, "latitud": 19.46295694, "longitud": -99.165096 }, "geometry": { "type": "Point", "coordinates": [ -99.165096, 19.46295694 ] } },
{ "type": "Feature", "properties": { "nom_estab": "TIENDAS TRES B", "codigo_act": 462112, "latitud": 19.54031729, "longitud": -99.13988398 }, "geometry": { "type": "Point", "coordinates": [ -99.13988398, 19.54031729 ] } },
{ "type": "Feature", "properties": { "nom_estab": "TIENDAS TRES B", "codigo_act": 462112, "latitud": 19.33621688, "longitud": -99.00308626 }, "geometry": { "type": "Point", "coordinates": [ -99.00308626, 19.33621688 ] } },
{ "type": "Feature", "properties": { "nom_estab": "TIENDAS TRES B", "codigo_act": 462112, "latitud": 19.35875675, "longitud": -99.12215526 }, "geometry": { "type": "Point", "coordinates": [ -99.12215526, 19.35875675 ] } },
{ "type": "Feature", "properties": { "nom_estab": "TIENDAS TRES B", "codigo_act": 462112, "latitud": 19.40832964, "longitud": -99.13973531000001 }, "geometry": { "type": "Point", "coordinates": [ -99.13973531, 19.40832964 ] } },
{ "type": "Feature", "properties": { "nom_estab": "TIENDAS TRES B", "codigo_act": 462112, "latitud": 19.33047374, "longitud": -99.08218648 }, "geometry": { "type": "Point", "coordinates": [ -99.08218648, 19.33047374 ] } },
{ "type": "Feature", "properties": { "nom_estab": "TIENDAS TRES B", "codigo_act": 462112, "latitud": 19.41096158, "longitud": -99.06260891 }, "geometry": { "type": "Point", "coordinates": [ -99.06260891, 19.41096158 ] } },
{ "type": "Feature", "properties": { "nom_estab": "TIENDAS TRES B", "codigo_act": 462112, "latitud": 19.29968077, "longitud": -99.06412415 }, "geometry": { "type": "Point", "coordinates": [ -99.06412415, 19.29968077 ] } },
{ "type": "Feature", "properties": { "nom_estab": "TIENDAS TRES B", "codigo_act": 462112, "latitud": 19.33742811, "longitud": -99.05282898 }, "geometry": { "type": "Point", "coordinates": [ -99.05282898, 19.33742811 ] } },
{ "type": "Feature", "properties": { "nom_estab": "TIENDAS TRES B", "codigo_act": 462112, "latitud": 19.37662223, "longitud": -99.06504469 }, "geometry": { "type": "Point", "coordinates": [ -99.06504469, 19.37662223 ] } },
{ "type": "Feature", "properties": { "nom_estab": "TIENDAS TRES B", "codigo_act": 462112, "latitud": 19.32722428, "longitud": -99.04499219 }, "geometry": { "type": "Point", "coordinates": [ -99.04499219, 19.32722428 ] } },
{ "type": "Feature", "properties": { "nom_estab": "TIENDAS TRES B", "codigo_act": 462112, "latitud": 19.54535281, "longitud": -99.13324335 }, "geometry": { "type": "Point", "coordinates": [ -99.13324335, 19.54535281 ] } },
{ "type": "Feature", "properties": { "nom_estab": "TIENDAS TRES B", "codigo_act": 462112, "latitud": 19.38637045, "longitud": -99.0327932 }, "geometry": { "type": "Point", "coordinates": [ -99.0327932, 19.38637045 ] } },
{ "type": "Feature", "properties": { "nom_estab": "TIENDAS TRES B", "codigo_act": 462112, "latitud": 19.48211761, "longitud": -99.07435899 }, "geometry": { "type": "Point", "coordinates": [ -99.07435899, 19.48211761 ] } },
{ "type": "Feature", "properties": { "nom_estab": "TIENDAS TRES B", "codigo_act": 462112, "latitud": 19.34743035, "longitud": -99.03418111000001 }, "geometry": { "type": "Point", "coordinates": [ -99.03418111, 19.34743035 ] } },
{ "type": "Feature", "properties": { "nom_estab": "TIENDAS TRES B", "codigo_act": 462112, "latitud": 19.51729564, "longitud": -99.13469739 }, "geometry": { "type": "Point", "coordinates": [ -99.13469739, 19.51729564 ] } },
{ "type": "Feature", "properties": { "nom_estab": "TIENDAS TRES B", "codigo_act": 462112, "latitud": 19.39427608, "longitud": -99.07188112 }, "geometry": { "type": "Point", "coordinates": [ -99.07188112, 19.39427608 ] } },
{ "type": "Feature", "properties": { "nom_estab": "TIENDAS TRES B", "codigo_act": 462112, "latitud": 19.38683605, "longitud": -99.18615264 }, "geometry": { "type": "Point", "coordinates": [ -99.18615264, 19.38683605 ] } },
{ "type": "Feature", "properties": { "nom_estab": "TIENDAS TRES B", "codigo_act": 462112, "latitud": 19.25477246, "longitud": -99.01063255 }, "geometry": { "type": "Point", "coordinates": [ -99.01063255, 19.25477246 ] } },
{ "type": "Feature", "properties": { "nom_estab": "TIENDAS TRES B", "codigo_act": 462112, "latitud": 19.48653146, "longitud": -99.10808157 }, "geometry": { "type": "Point", "coordinates": [ -99.10808157, 19.48653146 ] } },
{ "type": "Feature", "properties": { "nom_estab": "TIENDAS TRES B", "codigo_act": 462112, "latitud": 19.45664735, "longitud": -99.11901676 }, "geometry": { "type": "Point", "coordinates": [ -99.11901676, 19.45664735 ] } },
{ "type": "Feature", "properties": { "nom_estab": "TIENDAS TRES B", "codigo_act": 462112, "latitud": 19.47893744, "longitud": -99.12114062000001 }, "geometry": { "type": "Point", "coordinates": [ -99.12114062, 19.47893744 ] } },
{ "type": "Feature", "properties": { "nom_estab": "TIENDAS TRES B", "codigo_act": 462112, "latitud": 19.36984443, "longitud": -99.14256598 }, "geometry": { "type": "Point", "coordinates": [ -99.14256598, 19.36984443 ] } },
{ "type": "Feature", "properties": { "nom_estab": "TIENDAS TRES B", "codigo_act": 462112, "latitud": 19.39223324, "longitud": -99.09702956 }, "geometry": { "type": "Point", "coordinates": [ -99.09702956, 19.39223324 ] } },
{ "type": "Feature", "properties": { "nom_estab": "TIENDAS TRES B", "codigo_act": 462112, "latitud": 19.22560478, "longitud": -99.19958404 }, "geometry": { "type": "Point", "coordinates": [ -99.19958404, 19.22560478 ] } },
{ "type": "Feature", "properties": { "nom_estab": "TIENDAS TRES B", "codigo_act": 462112, "latitud": 19.50297197, "longitud": -99.12756786 }, "geometry": { "type": "Point", "coordinates": [ -99.12756786, 19.50297197 ] } },
{ "type": "Feature", "properties": { "nom_estab": "TIENDAS TRES B", "codigo_act": 462112, "latitud": 19.44983026, "longitud": -99.12862372 }, "geometry": { "type": "Point", "coordinates": [ -99.12862372, 19.44983026 ] } },
{ "type": "Feature", "properties": { "nom_estab": "TIENDAS TRES B", "codigo_act": 462112, "latitud": 19.37260537, "longitud": -99.07262051 }, "geometry": { "type": "Point", "coordinates": [ -99.07262051, 19.37260537 ] } },
{ "type": "Feature", "properties": { "nom_estab": "TIENDAS TRES B", "codigo_act": 462112, "latitud": 19.38341146, "longitud": -99.23381173 }, "geometry": { "type": "Point", "coordinates": [ -99.23381173, 19.38341146 ] } },
{ "type": "Feature", "properties": { "nom_estab": "TIENDAS TRES B", "codigo_act": 462112, "latitud": 19.37512753, "longitud": -99.06746752 }, "geometry": { "type": "Point", "coordinates": [ -99.06746752, 19.37512753 ] } },
{ "type": "Feature", "properties": { "nom_estab": "TIENDAS TRES B", "codigo_act": 462112, "latitud": 19.32167074, "longitud": -99.1465901 }, "geometry": { "type": "Point", "coordinates": [ -99.1465901, 19.32167074 ] } },
{ "type": "Feature", "properties": { "nom_estab": "TIENDAS TRES B", "codigo_act": 462112, "latitud": 19.32111382, "longitud": -99.07855149 }, "geometry": { "type": "Point", "coordinates": [ -99.07855149, 19.32111382 ] } },
{ "type": "Feature", "properties": { "nom_estab": "TIENDAS TRES B", "codigo_act": 462112, "latitud": 19.27753747, "longitud": -99.24109969 }, "geometry": { "type": "Point", "coordinates": [ -99.24109969, 19.27753747 ] } },
{ "type": "Feature", "properties": { "nom_estab": "TIENDAS TRES B", "codigo_act": 462112, "latitud": 19.35745604, "longitud": -99.09443959 }, "geometry": { "type": "Point", "coordinates": [ -99.09443959, 19.35745604 ] } },
{ "type": "Feature", "properties": { "nom_estab": "TIENDAS TRES B", "codigo_act": 462112, "latitud": 19.46163647, "longitud": -99.1386318 }, "geometry": { "type": "Point", "coordinates": [ -99.1386318, 19.46163647 ] } },
{ "type": "Feature", "properties": { "nom_estab": "TIENDAS TRES B", "codigo_act": 462112, "latitud": 19.42124778, "longitud": -99.14308756 }, "geometry": { "type": "Point", "coordinates": [ -99.14308756, 19.42124778 ] } },
{ "type": "Feature", "properties": { "nom_estab": "TIENDAS TRES B", "codigo_act": 462112, "latitud": 19.39575776, "longitud": -99.1103325 }, "geometry": { "type": "Point", "coordinates": [ -99.1103325, 19.39575776 ] } },
{ "type": "Feature", "properties": { "nom_estab": "TIENDAS TRES B", "codigo_act": 462112, "latitud": 19.39844537, "longitud": -99.18713896 }, "geometry": { "type": "Point", "coordinates": [ -99.18713896, 19.39844537 ] } },
{ "type": "Feature", "properties": { "nom_estab": "TIENDAS TRES B", "codigo_act": 462112, "latitud": 19.45989476, "longitud": -99.1297727 }, "geometry": { "type": "Point", "coordinates": [ -99.1297727, 19.45989476 ] } },
{ "type": "Feature", "properties": { "nom_estab": "TIENDAS TRES B", "codigo_act": 462112, "latitud": 19.28298924, "longitud": -99.23258147 }, "geometry": { "type": "Point", "coordinates": [ -99.23258147, 19.28298924 ] } },
{ "type": "Feature", "properties": { "nom_estab": "TIENDAS TRES B", "codigo_act": 462112, "latitud": 19.36971851, "longitud": -99.21894752 }, "geometry": { "type": "Point", "coordinates": [ -99.21894752, 19.36971851 ] } },
{ "type": "Feature", "properties": { "nom_estab": "TIENDAS TRES B", "codigo_act": 462112, "latitud": 19.48503262, "longitud": -99.07904508 }, "geometry": { "type": "Point", "coordinates": [ -99.07904508, 19.48503262 ] } },
{ "type": "Feature", "properties": { "nom_estab": "TIENDAS TRES B", "codigo_act": 462112, "latitud": 19.44761992, "longitud": -99.13884946 }, "geometry": { "type": "Point", "coordinates": [ -99.13884946, 19.44761992 ] } },
{ "type": "Feature", "properties": { "nom_estab": "TIENDAS TRES B", "codigo_act": 462112, "latitud": 19.33373625, "longitud": -99.1029961 }, "geometry": { "type": "Point", "coordinates": [ -99.1029961, 19.33373625 ] } },
{ "type": "Feature", "properties": { "nom_estab": "TIENDAS TRES B", "codigo_act": 462112, "latitud": 19.41351326, "longitud": -99.07693237 }, "geometry": { "type": "Point", "coordinates": [ -99.07693237, 19.41351326 ] } },
{ "type": "Feature", "properties": { "nom_estab": "TIENDAS TRES B", "codigo_act": 462112, "latitud": 19.49349771, "longitud": -99.07696534 }, "geometry": { "type": "Point", "coordinates": [ -99.07696534, 19.49349771 ] } },
{ "type": "Feature", "properties": { "nom_estab": "TIENDAS TRES B", "codigo_act": 462112, "latitud": 19.47347291, "longitud": -99.15392843 }, "geometry": { "type": "Point", "coordinates": [ -99.15392843, 19.47347291 ] } },
{ "type": "Feature", "properties": { "nom_estab": "TIENDAS TRES B", "codigo_act": 462112, "latitud": 19.41526124, "longitud": -99.06637467 }, "geometry": { "type": "Point", "coordinates": [ -99.06637467, 19.41526124 ] } },
{ "type": "Feature", "properties": { "nom_estab": "TIENDAS TRES B", "codigo_act": 462112, "latitud": 19.32152165, "longitud": -99.04719187000001 }, "geometry": { "type": "Point", "coordinates": [ -99.04719187, 19.32152165 ] } },
{ "type": "Feature", "properties": { "nom_estab": "TIENDAS TRES B", "codigo_act": 462112, "latitud": 19.45975865, "longitud": -99.19193305 }, "geometry": { "type": "Point", "coordinates": [ -99.19193305, 19.45975865 ] } },
{ "type": "Feature", "properties": { "nom_estab": "TIENDAS TRES B", "codigo_act": 462112, "latitud": 19.40318703, "longitud": -99.17510658 }, "geometry": { "type": "Point", "coordinates": [ -99.17510658, 19.40318703 ] } },
{ "type": "Feature", "properties": { "nom_estab": "TIENDAS TRES B", "codigo_act": 462112, "latitud": 19.31193999, "longitud": -99.16926475 }, "geometry": { "type": "Point", "coordinates": [ -99.16926475, 19.31193999 ] } },
{ "type": "Feature", "properties": { "nom_estab": "TIENDAS TRES B", "codigo_act": 462112, "latitud": 19.54490445, "longitud": -99.13847829 }, "geometry": { "type": "Point", "coordinates": [ -99.13847829, 19.54490445 ] } },
{ "type": "Feature", "properties": { "nom_estab": "TIENDAS TRES B", "codigo_act": 462112, "latitud": 19.52961303, "longitud": -99.14435463 }, "geometry": { "type": "Point", "coordinates": [ -99.14435463, 19.52961303 ] } },
{ "type": "Feature", "properties": { "nom_estab": "TIENDAS TRES B", "codigo_act": 462112, "latitud": 19.32104919, "longitud": -99.16054779 }, "geometry": { "type": "Point", "coordinates": [ -99.16054779, 19.32104919 ] } },
{ "type": "Feature", "properties": { "nom_estab": "TIENDAS TRES B", "codigo_act": 462112, "latitud": 19.41205145, "longitud": -99.14452745 }, "geometry": { "type": "Point", "coordinates": [ -99.14452745, 19.41205145 ] } },
{ "type": "Feature", "properties": { "nom_estab": "TIENDAS TRES B", "codigo_act": 462112, "latitud": 19.30149452, "longitud": -99.11357805 }, "geometry": { "type": "Point", "coordinates": [ -99.11357805, 19.30149452 ] } },
{ "type": "Feature", "properties": { "nom_estab": "TIENDAS TRES B", "codigo_act": 462112, "latitud": 19.36460872, "longitud": -99.1537457 }, "geometry": { "type": "Point", "coordinates": [ -99.1537457, 19.36460872 ] } },
{ "type": "Feature", "properties": { "nom_estab": "TIENDAS TRES B", "codigo_act": 462112, "latitud": 19.39906752, "longitud": -99.05722785 }, "geometry": { "type": "Point", "coordinates": [ -99.05722785, 19.39906752 ] } },
{ "type": "Feature", "properties": { "nom_estab": "TIENDAS TRES B", "codigo_act": 462112, "latitud": 19.36021925, "longitud": -99.13902925 }, "geometry": { "type": "Point", "coordinates": [ -99.13902925, 19.36021925 ] } },
{ "type": "Feature", "properties": { "nom_estab": "TIENDAS TRES B", "codigo_act": 462112, "latitud": 19.383731, "longitud": -99.16790844000001 }, "geometry": { "type": "Point", "coordinates": [ -99.16790844, 19.383731 ] } },
{ "type": "Feature", "properties": { "nom_estab": "TIENDAS TRES B", "codigo_act": 462112, "latitud": 19.32911696, "longitud": -99.16077077 }, "geometry": { "type": "Point", "coordinates": [ -99.16077077, 19.32911696 ] } },
{ "type": "Feature", "properties": { "nom_estab": "TIENDAS TRES B", "codigo_act": 462112, "latitud": 19.25888648, "longitud": -99.1024142 }, "geometry": { "type": "Point", "coordinates": [ -99.1024142, 19.25888648 ] } },
{ "type": "Feature", "properties": { "nom_estab": "TIENDAS TRES B", "codigo_act": 462112, "latitud": 19.26155502, "longitud": -99.0035596 }, "geometry": { "type": "Point", "coordinates": [ -99.0035596, 19.26155502 ] } },
{ "type": "Feature", "properties": { "nom_estab": "TIENDAS TRES B", "codigo_act": 462112, "latitud": 19.36821097, "longitud": -99.06980675 }, "geometry": { "type": "Point", "coordinates": [ -99.06980675, 19.36821097 ] } },
{ "type": "Feature", "properties": { "nom_estab": "TIENDAS TRES B", "codigo_act": 462112, "latitud": 19.43819033, "longitud": -99.16574844 }, "geometry": { "type": "Point", "coordinates": [ -99.16574844, 19.43819033 ] } },
{ "type": "Feature", "properties": { "nom_estab": "TIENDAS TRES B", "codigo_act": 462112, "latitud": 19.44023897, "longitud": -99.12376986 }, "geometry": { "type": "Point", "coordinates": [ -99.12376986, 19.44023897 ] } },
{ "type": "Feature", "properties": { "nom_estab": "TIENDAS TRES B", "codigo_act": 462112, "latitud": 19.41719277, "longitud": -99.14663173 }, "geometry": { "type": "Point", "coordinates": [ -99.14663173, 19.41719277 ] } },
{ "type": "Feature", "properties": { "nom_estab": "TIENDAS TRES B", "codigo_act": 462112, "latitud": 19.41419438, "longitud": -99.16599185 }, "geometry": { "type": "Point", "coordinates": [ -99.16599185, 19.41419438 ] } },
{ "type": "Feature", "properties": { "nom_estab": "TIENDAS TRES B", "codigo_act": 462112, "latitud": 19.44014845, "longitud": -99.09112836 }, "geometry": { "type": "Point", "coordinates": [ -99.09112836, 19.44014845 ] } },
{ "type": "Feature", "properties": { "nom_estab": "TIENDAS TRES B", "codigo_act": 462112, "latitud": 19.39296147, "longitud": -99.0667274 }, "geometry": { "type": "Point", "coordinates": [ -99.0667274, 19.39296147 ] } },
{ "type": "Feature", "properties": { "nom_estab": "TIENDAS TRES B", "codigo_act": 462112, "latitud": 19.25384422, "longitud": -99.01019792 }, "geometry": { "type": "Point", "coordinates": [ -99.01019792, 19.25384422 ] } },
{ "type": "Feature", "properties": { "nom_estab": "TIENDAS TRES B", "codigo_act": 462112, "latitud": 19.26232798, "longitud": -99.10271253000001 }, "geometry": { "type": "Point", "coordinates": [ -99.10271253, 19.26232798 ] } },
{ "type": "Feature", "properties": { "nom_estab": "TIENDAS TRES B", "codigo_act": 462112, "latitud": 19.36295371, "longitud": -99.24844687 }, "geometry": { "type": "Point", "coordinates": [ -99.24844687, 19.36295371 ] } },
{ "type": "Feature", "properties": { "nom_estab": "TIENDAS TRES B", "codigo_act": 462112, "latitud": 19.48750697, "longitud": -99.11167887000001 }, "geometry": { "type": "Point", "coordinates": [ -99.11167887, 19.48750697 ] } },
{ "type": "Feature", "properties": { "nom_estab": "TIENDAS TRES B", "codigo_act": 462112, "latitud": 19.35872505, "longitud": -99.23269993 }, "geometry": { "type": "Point", "coordinates": [ -99.23269993, 19.35872505 ] } },
{ "type": "Feature", "properties": { "nom_estab": "TIENDAS TRES B", "codigo_act": 462112, "latitud": 19.3928405, "longitud": -99.20210176000001 }, "geometry": { "type": "Point", "coordinates": [ -99.20210176, 19.3928405 ] } },
{ "type": "Feature", "properties": { "nom_estab": "TIENDAS TRES B", "codigo_act": 462112, "latitud": 19.35617899, "longitud": -99.23772776 }, "geometry": { "type": "Point", "coordinates": [ -99.23772776, 19.35617899 ] } },
{ "type": "Feature", "properties": { "nom_estab": "TIENDAS TRES B", "codigo_act": 462112, "latitud": 19.38149277, "longitud": -99.20901225 }, "geometry": { "type": "Point", "coordinates": [ -99.20901225, 19.38149277 ] } },
{ "type": "Feature", "properties": { "nom_estab": "TIENDAS TRES B", "codigo_act": 462112, "latitud": 19.27548676, "longitud": -99.00577053000001 }, "geometry": { "type": "Point", "coordinates": [ -99.00577053, 19.27548676 ] } },
{ "type": "Feature", "properties": { "nom_estab": "TIENDAS TRES B", "codigo_act": 462112, "latitud": 19.4220005, "longitud": -99.16355715 }, "geometry": { "type": "Point", "coordinates": [ -99.16355715, 19.4220005 ] } },
{ "type": "Feature", "properties": { "nom_estab": "TIENDAS TRES B", "codigo_act": 462112, "latitud": 19.35082765, "longitud": -99.14720212 }, "geometry": { "type": "Point", "coordinates": [ -99.14720212, 19.35082765 ] } },
{ "type": "Feature", "properties": { "nom_estab": "TIENDAS TRES B", "codigo_act": 462112, "latitud": 19.45222934, "longitud": -99.1557967 }, "geometry": { "type": "Point", "coordinates": [ -99.1557967, 19.45222934 ] } },
{ "type": "Feature", "properties": { "nom_estab": "TIENDAS TRES B OFICINAS EJECUTIVAS", "codigo_act": 462112, "latitud": 19.43118735, "longitud": -99.18151479 }, "geometry": { "type": "Point", "coordinates": [ -99.18151479, 19.43118735 ] } },
{ "type": "Feature", "properties": { "nom_estab": "OXXO SUC 503B9 NOMBRE DE DIOS CENTRO DGO", "codigo_act": 462112, "latitud": 23.8485533, "longitud": -104.24608402 }, "geometry": { "type": "Point", "coordinates": [ -104.24608402, 23.8485533 ] } },
{ "type": "Feature", "properties": { "nom_estab": "TIENDAS TRES B", "codigo_act": 462112, "latitud": 25.56612465, "longitud": -103.47933682 }, "geometry": { "type": "Point", "coordinates": [ -103.47933682, 25.56612465 ] } },
{ "type": "Feature", "properties": { "nom_estab": "BODEGA DEL DEPOSITO 3B", "codigo_act": 462112, "latitud": 21.15505704, "longitud": -101.66850543 }, "geometry": { "type": "Point", "coordinates": [ -101.66850543, 21.15505704 ] } },
{ "type": "Feature", "properties": { "nom_estab": "CADENA COMERCIAL TIENDAS 3B", "codigo_act": 462111, "latitud": 20.12397535, "longitud": -101.18826943000001 }, "geometry": { "type": "Point", "coordinates": [ -101.18826943, 20.12397535 ] } },
{ "type": "Feature", "properties": { "nom_estab": "OXXO SUC 5023B PASEO REAL QRF", "codigo_act": 462112, "latitud": 20.51163247, "longitud": -100.8423288 }, "geometry": { "type": "Point", "coordinates": [ -100.8423288, 20.51163247 ] } },
{ "type": "Feature", "properties": { "nom_estab": "TIENDA LAS TRES B", "codigo_act": 462112, "latitud": 20.39114046, "longitud": -101.19336294 }, "geometry": { "type": "Point", "coordinates": [ -101.19336294, 20.39114046 ] } },
{ "type": "Feature", "properties": { "nom_estab": "TIENDA TRES B", "codigo_act": 462112, "latitud": 21.00163165, "longitud": -100.38621418 }, "geometry": { "type": "Point", "coordinates": [ -100.38621418, 21.00163165 ] } },
{ "type": "Feature", "properties": { "nom_estab": "TIENDA TRES B", "codigo_act": 462112, "latitud": 21.15506732, "longitud": -100.93685289 }, "geometry": { "type": "Point", "coordinates": [ -100.93685289, 21.15506732 ] } },
{ "type": "Feature", "properties": { "nom_estab": "TIENDAS 3B", "codigo_act": 462112, "latitud": 20.72717014, "longitud": -101.95075922 }, "geometry": { "type": "Point", "coordinates": [ -101.95075922, 20.72717014 ] } },
{ "type": "Feature", "properties": { "nom_estab": "TIENDAS TRES B", "codigo_act": 462112, "latitud": 20.51345735, "longitud": -100.80994163 }, "geometry": { "type": "Point", "coordinates": [ -100.80994163, 20.51345735 ] } },
{ "type": "Feature", "properties": { "nom_estab": "TIENDAS TRES B", "codigo_act": 462112, "latitud": 20.55258472, "longitud": -100.83826103 }, "geometry": { "type": "Point", "coordinates": [ -100.83826103, 20.55258472 ] } },
{ "type": "Feature", "properties": { "nom_estab": "TIENDAS TRES B", "codigo_act": 462112, "latitud": 20.68963034, "longitud": -101.36979818 }, "geometry": { "type": "Point", "coordinates": [ -101.36979818, 20.68963034 ] } },
{ "type": "Feature", "properties": { "nom_estab": "TIENDAS TRES B", "codigo_act": 462112, "latitud": 20.62449547, "longitud": -100.76091556 }, "geometry": { "type": "Point", "coordinates": [ -100.76091556, 20.62449547 ] } },
{ "type": "Feature", "properties": { "nom_estab": "TIENDAS TRES B", "codigo_act": 462112, "latitud": 20.52744252, "longitud": -100.82041155 }, "geometry": { "type": "Point", "coordinates": [ -100.82041155, 20.52744252 ] } },
{ "type": "Feature", "properties": { "nom_estab": "TIENDAS TRES B", "codigo_act": 462112, "latitud": 20.03529184, "longitud": -100.72613148000001 }, "geometry": { "type": "Point", "coordinates": [ -100.72613148, 20.03529184 ] } },
{ "type": "Feature", "properties": { "nom_estab": "TIENDAS TRES B", "codigo_act": 462112, "latitud": 20.24835683, "longitud": -100.96565275 }, "geometry": { "type": "Point", "coordinates": [ -100.96565275, 20.24835683 ] } },
{ "type": "Feature", "properties": { "nom_estab": "TIENDAS TRES B", "codigo_act": 462112, "latitud": 20.5185688, "longitud": -100.81392704 }, "geometry": { "type": "Point", "coordinates": [ -100.81392704, 20.5185688 ] } },
{ "type": "Feature", "properties": { "nom_estab": "TIENDAS TRES B", "codigo_act": 462112, "latitud": 20.422502, "longitud": -100.75889091000001 }, "geometry": { "type": "Point", "coordinates": [ -100.75889091, 20.422502 ] } },
{ "type": "Feature", "properties": { "nom_estab": "TIENDAS TRES B", "codigo_act": 462112, "latitud": 20.01891922, "longitud": -100.72891592000001 }, "geometry": { "type": "Point", "coordinates": [ -100.72891592, 20.01891922 ] } },
{ "type": "Feature", "properties": { "nom_estab": "TIENDAS TRES B", "codigo_act": 462112, "latitud": 21.11378073, "longitud": -101.68366101 }, "geometry": { "type": "Point", "coordinates": [ -101.68366101, 21.11378073 ] } },
{ "type": "Feature", "properties": { "nom_estab": "TIENDAS TRES B", "codigo_act": 462112, "latitud": 20.67119672, "longitud": -100.7473361 }, "geometry": { "type": "Point", "coordinates": [ -100.7473361, 20.67119672 ] } },
{ "type": "Feature", "properties": { "nom_estab": "TIENDAS TRES B", "codigo_act": 462112, "latitud": 20.54631925, "longitud": -100.68955508000001 }, "geometry": { "type": "Point", "coordinates": [ -100.68955508, 20.54631925 ] } },
{ "type": "Feature", "properties": { "nom_estab": "TIENDAS TRES B", "codigo_act": 462112, "latitud": 20.02206001, "longitud": -100.72930806 }, "geometry": { "type": "Point", "coordinates": [ -100.72930806, 20.02206001 ] } },
{ "type": "Feature", "properties": { "nom_estab": "TIENDAS TRES B", "codigo_act": 462112, "latitud": 20.03776867, "longitud": -100.71123627 }, "geometry": { "type": "Point", "coordinates": [ -100.71123627, 20.03776867 ] } },
{ "type": "Feature", "properties": { "nom_estab": "TIENDAS TRES B", "codigo_act": 462112, "latitud": 20.52466099, "longitud": -100.8050052 }, "geometry": { "type": "Point", "coordinates": [ -100.8050052, 20.52466099 ] } },
{ "type": "Feature", "properties": { "nom_estab": "TIENDAS TRES B", "codigo_act": 462112, "latitud": 20.03500207, "longitud": -100.72626448 }, "geometry": { "type": "Point", "coordinates": [ -100.72626448, 20.03500207 ] } },
{ "type": "Feature", "properties": { "nom_estab": "TIENDAS TRES B", "codigo_act": 462112, "latitud": 20.54132368, "longitud": -100.80082623 }, "geometry": { "type": "Point", "coordinates": [ -100.80082623, 20.54132368 ] } },
{ "type": "Feature", "properties": { "nom_estab": "TIENDAS TRES B", "codigo_act": 462112, "latitud": 20.13506658, "longitud": -101.19038811 }, "geometry": { "type": "Point", "coordinates": [ -101.19038811, 20.13506658 ] } },
{ "type": "Feature", "properties": { "nom_estab": "TIENDAS TRES B", "codigo_act": 462112, "latitud": 20.28924782, "longitud": -100.75631615 }, "geometry": { "type": "Point", "coordinates": [ -100.75631615, 20.28924782 ] } },
{ "type": "Feature", "properties": { "nom_estab": "TIENDAS TRES B", "codigo_act": 462112, "latitud": 20.45441141, "longitud": -100.61501645 }, "geometry": { "type": "Point", "coordinates": [ -100.61501645, 20.45441141 ] } },
{ "type": "Feature", "properties": { "nom_estab": "TIENDAS TRES B", "codigo_act": 462112, "latitud": 20.49093785, "longitud": -100.82291399 }, "geometry": { "type": "Point", "coordinates": [ -100.82291399, 20.49093785 ] } },
{ "type": "Feature", "properties": { "nom_estab": "TIENDAS TRES B", "codigo_act": 462112, "latitud": 20.39967313, "longitud": -101.19947124 }, "geometry": { "type": "Point", "coordinates": [ -101.19947124, 20.39967313 ] } },
{ "type": "Feature", "properties": { "nom_estab": "TIENDAS TRES B", "codigo_act": 462112, "latitud": 20.54756805, "longitud": -100.82591968 }, "geometry": { "type": "Point", "coordinates": [ -100.82591968, 20.54756805 ] } },
{ "type": "Feature", "properties": { "nom_estab": "TIENDAS TRES B", "codigo_act": 462112, "latitud": 20.12372282, "longitud": -101.17946132 }, "geometry": { "type": "Point", "coordinates": [ -101.17946132, 20.12372282 ] } },
{ "type": "Feature", "properties": { "nom_estab": "TIENDAS TRES B", "codigo_act": 462112, "latitud": 20.52049978, "longitud": -100.81141354 }, "geometry": { "type": "Point", "coordinates": [ -100.81141354, 20.52049978 ] } },
{ "type": "Feature", "properties": { "nom_estab": "TIENDAS TRES B", "codigo_act": 462112, "latitud": 20.4850508, "longitud": -100.96867966000001 }, "geometry": { "type": "Point", "coordinates": [ -100.96867966, 20.4850508 ] } },
{ "type": "Feature", "properties": { "nom_estab": "TIENDAS TRES B", "codigo_act": 462112, "latitud": 20.21179478, "longitud": -100.88706958 }, "geometry": { "type": "Point", "coordinates": [ -100.88706958, 20.21179478 ] } },
{ "type": "Feature", "properties": { "nom_estab": "TIENDAS TRES B", "codigo_act": 462112, "latitud": 20.45987814, "longitud": -100.62306455 }, "geometry": { "type": "Point", "coordinates": [ -100.62306455, 20.45987814 ] } },
{ "type": "Feature", "properties": { "nom_estab": "TIENDAS TRES B", "codigo_act": 462112, "latitud": 20.12400645, "longitud": -101.18863172 }, "geometry": { "type": "Point", "coordinates": [ -101.18863172, 20.12400645 ] } },
{ "type": "Feature", "properties": { "nom_estab": "TIENDAS TRES B", "codigo_act": 462112, "latitud": 21.06010077, "longitud": -101.6127325 }, "geometry": { "type": "Point", "coordinates": [ -101.6127325, 21.06010077 ] } },
{ "type": "Feature", "properties": { "nom_estab": "TIENDAS TRES B", "codigo_act": 462112, "latitud": 20.51366401, "longitud": -100.82332194 }, "geometry": { "type": "Point", "coordinates": [ -100.82332194, 20.51366401 ] } },
{ "type": "Feature", "properties": { "nom_estab": "TIENDAS TRES B", "codigo_act": 462112, "latitud": 21.11861908, "longitud": -101.63990138 }, "geometry": { "type": "Point", "coordinates": [ -101.63990138, 21.11861908 ] } },
{ "type": "Feature", "properties": { "nom_estab": "TIENDAS TRES B", "codigo_act": 462112, "latitud": 21.02263534, "longitud": -101.25690493 }, "geometry": { "type": "Point", "coordinates": [ -101.25690493, 21.02263534 ] } },
{ "type": "Feature", "properties": { "nom_estab": "TIENDAS TRES B", "codigo_act": 462112, "latitud": 21.18129023, "longitud": -101.76588875 }, "geometry": { "type": "Point", "coordinates": [ -101.76588875, 21.18129023 ] } },
{ "type": "Feature", "properties": { "nom_estab": "TIENDAS TRES B", "codigo_act": 462112, "latitud": 20.0318219, "longitud": -100.72092594 }, "geometry": { "type": "Point", "coordinates": [ -100.72092594, 20.0318219 ] } },
{ "type": "Feature", "properties": { "nom_estab": "TIENDAS TRES B", "codigo_act": 462112, "latitud": 20.72161434, "longitud": -100.76019392000001 }, "geometry": { "type": "Point", "coordinates": [ -100.76019392, 20.72161434 ] } },
{ "type": "Feature", "properties": { "nom_estab": "TIENDAS TRES B", "codigo_act": 462112, "latitud": 21.09242668, "longitud": -101.67311356 }, "geometry": { "type": "Point", "coordinates": [ -101.67311356, 21.09242668 ] } },
{ "type": "Feature", "properties": { "nom_estab": "TIENDAS TRES B", "codigo_act": 462112, "latitud": 21.10314943, "longitud": -101.58226073 }, "geometry": { "type": "Point", "coordinates": [ -101.58226073, 21.10314943 ] } },
{ "type": "Feature", "properties": { "nom_estab": "TIENDAS TRES B", "codigo_act": 462112, "latitud": 20.1972787, "longitud": -100.36742517 }, "geometry": { "type": "Point", "coordinates": [ -100.36742517, 20.1972787 ] } },
{ "type": "Feature", "properties": { "nom_estab": "TIENDAS TRES B", "codigo_act": 462112, "latitud": 20.57355239, "longitud": -100.74914568 }, "geometry": { "type": "Point", "coordinates": [ -100.74914568, 20.57355239 ] } },
{ "type": "Feature", "properties": { "nom_estab": "TIENDAS TRES B", "codigo_act": 462112, "latitud": 20.63942523, "longitud": -100.99570766 }, "geometry": { "type": "Point", "coordinates": [ -100.99570766, 20.63942523 ] } },
{ "type": "Feature", "properties": { "nom_estab": "TIENDAS TRES B", "codigo_act": 462112, "latitud": 20.93887063, "longitud": -101.42339853 }, "geometry": { "type": "Point", "coordinates": [ -101.42339853, 20.93887063 ] } },
{ "type": "Feature", "properties": { "nom_estab": "TIENDAS TRES B", "codigo_act": 462112, "latitud": 20.21199156, "longitud": -101.13848173 }, "geometry": { "type": "Point", "coordinates": [ -101.13848173, 20.21199156 ] } },
{ "type": "Feature", "properties": { "nom_estab": "TIENDAS TRES B", "codigo_act": 462112, "latitud": 20.03213081, "longitud": -100.72076929000001 }, "geometry": { "type": "Point", "coordinates": [ -100.72076929, 20.03213081 ] } },
{ "type": "Feature", "properties": { "nom_estab": "TIENDAS TRES B", "codigo_act": 462112, "latitud": 21.0923422, "longitud": -101.58199436 }, "geometry": { "type": "Point", "coordinates": [ -101.58199436, 21.0923422 ] } },
{ "type": "Feature", "properties": { "nom_estab": "TIENDAS TRES B", "codigo_act": 462112, "latitud": 20.66077957, "longitud": -101.38039505 }, "geometry": { "type": "Point", "coordinates": [ -101.38039505, 20.66077957 ] } },
{ "type": "Feature", "properties": { "nom_estab": "TIENDAS TRES B", "codigo_act": 462112, "latitud": 20.50640916, "longitud": -100.82647749 }, "geometry": { "type": "Point", "coordinates": [ -100.82647749, 20.50640916 ] } },
{ "type": "Feature", "properties": { "nom_estab": "TIENDAS TRES B", "codigo_act": 462112, "latitud": 21.14268985, "longitud": -100.32096801 }, "geometry": { "type": "Point", "coordinates": [ -100.32096801, 21.14268985 ] } },
{ "type": "Feature", "properties": { "nom_estab": "TIENDAS TRES B", "codigo_act": 462112, "latitud": 20.67716162, "longitud": -101.34908749 }, "geometry": { "type": "Point", "coordinates": [ -101.34908749, 20.67716162 ] } },
{ "type": "Feature", "properties": { "nom_estab": "TIENDAS TRES B", "codigo_act": 462112, "latitud": 21.17040773, "longitud": -101.75610867 }, "geometry": { "type": "Point", "coordinates": [ -101.75610867, 21.17040773 ] } },
{ "type": "Feature", "properties": { "nom_estab": "TIENDAS TRES B", "codigo_act": 462112, "latitud": 20.14922125, "longitud": -100.51134249 }, "geometry": { "type": "Point", "coordinates": [ -100.51134249, 20.14922125 ] } },
{ "type": "Feature", "properties": { "nom_estab": "TIENDAS TRES B", "codigo_act": 462112, "latitud": 21.13146389, "longitud": -101.6981905 }, "geometry": { "type": "Point", "coordinates": [ -101.6981905, 21.13146389 ] } },
{ "type": "Feature", "properties": { "nom_estab": "TIENDAS TRES B", "codigo_act": 462112, "latitud": 21.15714154, "longitud": -101.74931918 }, "geometry": { "type": "Point", "coordinates": [ -101.74931918, 21.15714154 ] } },
{ "type": "Feature", "properties": { "nom_estab": "TIENDAS TRES B", "codigo_act": 462112, "latitud": 20.55809679, "longitud": -101.20421042 }, "geometry": { "type": "Point", "coordinates": [ -101.20421042, 20.55809679 ] } },
{ "type": "Feature", "properties": { "nom_estab": "TIENDAS TRES B", "codigo_act": 462112, "latitud": 20.55655054, "longitud": -100.8557153 }, "geometry": { "type": "Point", "coordinates": [ -100.8557153, 20.55655054 ] } },
{ "type": "Feature", "properties": { "nom_estab": "TIENDAS TRES B", "codigo_act": 462112, "latitud": 20.48601514, "longitud": -100.96320548 }, "geometry": { "type": "Point", "coordinates": [ -100.96320548, 20.48601514 ] } },
{ "type": "Feature", "properties": { "nom_estab": "TIENDAS TRES B", "codigo_act": 462112, "latitud": 20.67018886, "longitud": -101.3608982 }, "geometry": { "type": "Point", "coordinates": [ -101.3608982, 20.67018886 ] } },
{ "type": "Feature", "properties": { "nom_estab": "TIENDAS TRES B", "codigo_act": 462112, "latitud": 21.13947164, "longitud": -101.73408031 }, "geometry": { "type": "Point", "coordinates": [ -101.73408031, 21.13947164 ] } },
{ "type": "Feature", "properties": { "nom_estab": "TIENDAS TRES B", "codigo_act": 462112, "latitud": 20.14314799, "longitud": -101.18139463 }, "geometry": { "type": "Point", "coordinates": [ -101.18139463, 20.14314799 ] } },
{ "type": "Feature", "properties": { "nom_estab": "TIENDAS TRES B", "codigo_act": 462112, "latitud": 20.64333154, "longitud": -100.99153177 }, "geometry": { "type": "Point", "coordinates": [ -100.99153177, 20.64333154 ] } },
{ "type": "Feature", "properties": { "nom_estab": "TIENDAS TRES B", "codigo_act": 462112, "latitud": 20.65871369, "longitud": -101.36244709 }, "geometry": { "type": "Point", "coordinates": [ -101.36244709, 20.65871369 ] } },
{ "type": "Feature", "properties": { "nom_estab": "TIENDAS TRES B", "codigo_act": 462112, "latitud": 21.09252159, "longitud": -101.75031324 }, "geometry": { "type": "Point", "coordinates": [ -101.75031324, 21.09252159 ] } },
{ "type": "Feature", "properties": { "nom_estab": "TIENDAS TRES B", "codigo_act": 462112, "latitud": 20.55020852, "longitud": -100.83356306 }, "geometry": { "type": "Point", "coordinates": [ -100.83356306, 20.55020852 ] } },
{ "type": "Feature", "properties": { "nom_estab": "TIENDAS TRES B", "codigo_act": 462112, "latitud": 21.21192929, "longitud": -100.21519075 }, "geometry": { "type": "Point", "coordinates": [ -100.21519075, 21.21192929 ] } },
{ "type": "Feature", "properties": { "nom_estab": "TIENDAS TRES B", "codigo_act": 462112, "latitud": 21.12213622, "longitud": -101.71527719 }, "geometry": { "type": "Point", "coordinates": [ -101.71527719, 21.12213622 ] } },
{ "type": "Feature", "properties": { "nom_estab": "TIENDAS TRES B", "codigo_act": 462112, "latitud": 21.15565556, "longitud": -101.63158123 }, "geometry": { "type": "Point", "coordinates": [ -101.63158123, 21.15565556 ] } },
{ "type": "Feature", "properties": { "nom_estab": "TIENDAS TRES B", "codigo_act": 462112, "latitud": 20.14716055, "longitud": -101.18852711 }, "geometry": { "type": "Point", "coordinates": [ -101.18852711, 20.14716055 ] } },
{ "type": "Feature", "properties": { "nom_estab": "TIENDAS TRES B", "codigo_act": 462112, "latitud": 20.64508406, "longitud": -100.98791529 }, "geometry": { "type": "Point", "coordinates": [ -100.98791529, 20.64508406 ] } },
{ "type": "Feature", "properties": { "nom_estab": "TIENDAS TRES B", "codigo_act": 462112, "latitud": 21.13080278, "longitud": -101.68302306 }, "geometry": { "type": "Point", "coordinates": [ -101.68302306, 21.13080278 ] } },
{ "type": "Feature", "properties": { "nom_estab": "TIENDAS TRES B", "codigo_act": 462112, "latitud": 21.12788084, "longitud": -101.70635109 }, "geometry": { "type": "Point", "coordinates": [ -101.70635109, 21.12788084 ] } },
{ "type": "Feature", "properties": { "nom_estab": "TIENDAS TRES B", "codigo_act": 462112, "latitud": 21.15674953, "longitud": -101.65159535 }, "geometry": { "type": "Point", "coordinates": [ -101.65159535, 21.15674953 ] } },
{ "type": "Feature", "properties": { "nom_estab": "TIENDAS TRES B", "codigo_act": 462112, "latitud": 21.13161511, "longitud": -101.64449749000001 }, "geometry": { "type": "Point", "coordinates": [ -101.64449749, 21.13161511 ] } },
{ "type": "Feature", "properties": { "nom_estab": "TIENDAS TRES B", "codigo_act": 462112, "latitud": 20.67136936, "longitud": -101.35307729 }, "geometry": { "type": "Point", "coordinates": [ -101.35307729, 20.67136936 ] } },
{ "type": "Feature", "properties": { "nom_estab": "TIENDAS TRES B", "codigo_act": 462112, "latitud": 20.1431516, "longitud": -101.18140957 }, "geometry": { "type": "Point", "coordinates": [ -101.18140957, 20.1431516 ] } },
{ "type": "Feature", "properties": { "nom_estab": "TIENDAS TRES B", "codigo_act": 462112, "latitud": 21.14234436, "longitud": -101.7679888 }, "geometry": { "type": "Point", "coordinates": [ -101.7679888, 21.14234436 ] } },
{ "type": "Feature", "properties": { "nom_estab": "TIENDAS TRES B", "codigo_act": 462112, "latitud": 20.65903687, "longitud": -101.35017891 }, "geometry": { "type": "Point", "coordinates": [ -101.35017891, 20.65903687 ] } },
{ "type": "Feature", "properties": { "nom_estab": "TIENDAS TRES B", "codigo_act": 462112, "latitud": 20.94664541, "longitud": -101.43833601 }, "geometry": { "type": "Point", "coordinates": [ -101.43833601, 20.94664541 ] } },
{ "type": "Feature", "properties": { "nom_estab": "TIENDAS TRES B", "codigo_act": 462112, "latitud": 21.08092212, "longitud": -101.63177065000001 }, "geometry": { "type": "Point", "coordinates": [ -101.63177065, 21.08092212 ] } },
{ "type": "Feature", "properties": { "nom_estab": "TIENDAS TRES B", "codigo_act": 462112, "latitud": 21.10637103, "longitud": -101.70857702000001 }, "geometry": { "type": "Point", "coordinates": [ -101.70857702, 21.10637103 ] } },
{ "type": "Feature", "properties": { "nom_estab": "TIENDAS TRES B", "codigo_act": 462112, "latitud": 20.48446562, "longitud": -100.96297694 }, "geometry": { "type": "Point", "coordinates": [ -100.96297694, 20.48446562 ] } },
{ "type": "Feature", "properties": { "nom_estab": "TIENDAS TRES B", "codigo_act": 462112, "latitud": 20.68977495, "longitud": -101.3698273 }, "geometry": { "type": "Point", "coordinates": [ -101.3698273, 20.68977495 ] } },
{ "type": "Feature", "properties": { "nom_estab": "TIENDAS TRES B", "codigo_act": 462112, "latitud": 20.21133054, "longitud": -100.88086893000001 }, "geometry": { "type": "Point", "coordinates": [ -100.88086893, 20.21133054 ] } },
{ "type": "Feature", "properties": { "nom_estab": "TIENDAS TRES B", "codigo_act": 462112, "latitud": 21.14841464, "longitud": -101.62150665 }, "geometry": { "type": "Point", "coordinates": [ -101.62150665, 21.14841464 ] } },
{ "type": "Feature", "properties": { "nom_estab": "TIENDAS TRES B", "codigo_act": 462112, "latitud": 20.66148804, "longitud": -101.38134745000001 }, "geometry": { "type": "Point", "coordinates": [ -101.38134745, 20.66148804 ] } },
{ "type": "Feature", "properties": { "nom_estab": "TIENDAS TRES B", "codigo_act": 462112, "latitud": 20.55988965, "longitud": -100.50267784 }, "geometry": { "type": "Point", "coordinates": [ -100.50267784, 20.55988965 ] } },
{ "type": "Feature", "properties": { "nom_estab": "TIENDAS TRES B", "codigo_act": 462112, "latitud": 21.10126789, "longitud": -101.68493154 }, "geometry": { "type": "Point", "coordinates": [ -101.68493154, 21.10126789 ] } },
{ "type": "Feature", "properties": { "nom_estab": "TIENDAS TRES B", "codigo_act": 462112, "latitud": 21.15562297, "longitud": -101.63161162 }, "geometry": { "type": "Point", "coordinates": [ -101.63161162, 21.15562297 ] } },
{ "type": "Feature", "properties": { "nom_estab": "TIENDAS TRES B", "codigo_act": 462112, "latitud": 20.94741134, "longitud": -101.42153638000001 }, "geometry": { "type": "Point", "coordinates": [ -101.42153638, 20.94741134 ] } },
{ "type": "Feature", "properties": { "nom_estab": "TIENDAS TRES B", "codigo_act": 462112, "latitud": 20.87307446, "longitud": -101.51700866 }, "geometry": { "type": "Point", "coordinates": [ -101.51700866, 20.87307446 ] } },
{ "type": "Feature", "properties": { "nom_estab": "TIENDAS TRES B", "codigo_act": 462112, "latitud": 20.39402303, "longitud": -101.18325834 }, "geometry": { "type": "Point", "coordinates": [ -101.18325834, 20.39402303 ] } },
{ "type": "Feature", "properties": { "nom_estab": "TIENDAS TRES B", "codigo_act": 462112, "latitud": 20.47319915, "longitud": -100.95523092000001 }, "geometry": { "type": "Point", "coordinates": [ -100.95523092, 20.47319915 ] } },
{ "type": "Feature", "properties": { "nom_estab": "TIENDAS TRES B", "codigo_act": 462112, "latitud": 21.13059882, "longitud": -101.74872111000001 }, "geometry": { "type": "Point", "coordinates": [ -101.74872111, 21.13059882 ] } },
{ "type": "Feature", "properties": { "nom_estab": "TIENDAS TRES B", "codigo_act": 462112, "latitud": 21.01193996, "longitud": -101.85729896 }, "geometry": { "type": "Point", "coordinates": [ -101.85729896, 21.01193996 ] } },
{ "type": "Feature", "properties": { "nom_estab": "TIENDAS TRES B", "codigo_act": 462112, "latitud": 20.64502718, "longitud": -101.38464157 }, "geometry": { "type": "Point", "coordinates": [ -101.38464157, 20.64502718 ] } },
{ "type": "Feature", "properties": { "nom_estab": "TIENDAS TRES B", "codigo_act": 462112, "latitud": 21.10844206, "longitud": -101.69516443000001 }, "geometry": { "type": "Point", "coordinates": [ -101.69516443, 21.10844206 ] } },
{ "type": "Feature", "properties": { "nom_estab": "TIENDAS TRES B", "codigo_act": 462112, "latitud": 20.37547753, "longitud": -101.06333139 }, "geometry": { "type": "Point", "coordinates": [ -101.06333139, 20.37547753 ] } },
{ "type": "Feature", "properties": { "nom_estab": "TIENDAS TRES B", "codigo_act": 462112, "latitud": 20.50983819, "longitud": -100.99404734 }, "geometry": { "type": "Point", "coordinates": [ -100.99404734, 20.50983819 ] } },
{ "type": "Feature", "properties": { "nom_estab": "TIENDAS TRES B", "codigo_act": 462112, "latitud": 20.55429519, "longitud": -101.19692561 }, "geometry": { "type": "Point", "coordinates": [ -101.19692561, 20.55429519 ] } },
{ "type": "Feature", "properties": { "nom_estab": "TIENDAS TRES B", "codigo_act": 462112, "latitud": 21.64863032, "longitud": -101.47748592000001 }, "geometry": { "type": "Point", "coordinates": [ -101.47748592, 21.64863032 ] } },
{ "type": "Feature", "properties": { "nom_estab": "TRES B", "codigo_act": 462112, "latitud": 20.51348557, "longitud": -100.81017139 }, "geometry": { "type": "Point", "coordinates": [ -100.81017139, 20.51348557 ] } },
{ "type": "Feature", "properties": { "nom_estab": "LAS TRES BBB", "codigo_act": 462112, "latitud": 17.54951104, "longitud": -99.51220566000001 }, "geometry": { "type": "Point", "coordinates": [ -99.51220566, 17.54951104 ] } },
{ "type": "Feature", "properties": { "nom_estab": "TIENDA 3B", "codigo_act": 462112, "latitud": 16.77657884, "longitud": -99.77993352 }, "geometry": { "type": "Point", "coordinates": [ -99.77993352, 16.77657884 ] } },
{ "type": "Feature", "properties": { "nom_estab": "TIENDA 3B", "codigo_act": 462112, "latitud": 17.56590391, "longitud": -99.51290162 }, "geometry": { "type": "Point", "coordinates": [ -99.51290162, 17.56590391 ] } },
{ "type": "Feature", "properties": { "nom_estab": "TIENDA 3B SUCURSAL 1885 GROACA LA CIMA", "codigo_act": 462112, "latitud": 16.87830672, "longitud": -99.85608658 }, "geometry": { "type": "Point", "coordinates": [ -99.85608658, 16.87830672 ] } },
{ "type": "Feature", "properties": { "nom_estab": "TIENDAS 3B", "codigo_act": 462112, "latitud": 16.85956823, "longitud": -99.91325711 }, "geometry": { "type": "Point", "coordinates": [ -99.91325711, 16.85956823 ] } },
{ "type": "Feature", "properties": { "nom_estab": "TIENDAS 3B SUC 2910 GROACA AVMEXICO", "codigo_act": 462112, "latitud": 16.8689739, "longitud": -99.86426603 }, "geometry": { "type": "Point", "coordinates": [ -99.86426603, 16.8689739 ] } },
{ "type": "Feature", "properties": { "nom_estab": "TIENDAS 3B SUCURSAL 1990 GRO. CAKM30", "codigo_act": 462112, "latitud": 16.99681109, "longitud": -99.78342752 }, "geometry": { "type": "Point", "coordinates": [ -99.78342752, 16.99681109 ] } },
{ "type": "Feature", "properties": { "nom_estab": "TIENDAS TRES B", "codigo_act": 462112, "latitud": 18.55389275, "longitud": -99.60588764000001 }, "geometry": { "type": "Point", "coordinates": [ -99.60588764, 18.55389275 ] } },
{ "type": "Feature", "properties": { "nom_estab": "TIENDAS TRES B", "codigo_act": 462112, "latitud": 18.3060479, "longitud": -99.33384115 }, "geometry": { "type": "Point", "coordinates": [ -99.33384115, 18.3060479 ] } },
{ "type": "Feature", "properties": { "nom_estab": "TIENDAS TRES B", "codigo_act": 462112, "latitud": 16.8562709, "longitud": -99.91323594000001 }, "geometry": { "type": "Point", "coordinates": [ -99.91323594, 16.8562709 ] } },
{ "type": "Feature", "properties": { "nom_estab": "TIENDAS TRES B", "codigo_act": 462112, "latitud": 18.45981339, "longitud": -99.40834783 }, "geometry": { "type": "Point", "coordinates": [ -99.40834783, 18.45981339 ] } },
{ "type": "Feature", "properties": { "nom_estab": "TIENDAS TRES B", "codigo_act": 462112, "latitud": 16.85808257, "longitud": -99.89894092 }, "geometry": { "type": "Point", "coordinates": [ -99.89894092, 16.85808257 ] } },
{ "type": "Feature", "properties": { "nom_estab": "TIENDAS TRES B", "codigo_act": 462112, "latitud": 18.34168107, "longitud": -99.54081622 }, "geometry": { "type": "Point", "coordinates": [ -99.54081622, 18.34168107 ] } },
{ "type": "Feature", "properties": { "nom_estab": "TIENDAS TRES B", "codigo_act": 462112, "latitud": 17.55315334, "longitud": -99.4950438 }, "geometry": { "type": "Point", "coordinates": [ -99.4950438, 17.55315334 ] } },
{ "type": "Feature", "properties": { "nom_estab": "TIENDAS TRES B", "codigo_act": 462112, "latitud": 16.79861041, "longitud": -99.80730736 }, "geometry": { "type": "Point", "coordinates": [ -99.80730736, 16.79861041 ] } },
{ "type": "Feature", "properties": { "nom_estab": "TIENDAS TRES B", "codigo_act": 462112, "latitud": 16.87501994, "longitud": -99.87618962000001 }, "geometry": { "type": "Point", "coordinates": [ -99.87618962, 16.87501994 ] } },
{ "type": "Feature", "properties": { "nom_estab": "TIENDAS TRES B", "codigo_act": 462112, "latitud": 18.33954288, "longitud": -99.54192537 }, "geometry": { "type": "Point", "coordinates": [ -99.54192537, 18.33954288 ] } },
{ "type": "Feature", "properties": { "nom_estab": "TIENDAS TRES B", "codigo_act": 462112, "latitud": 16.91002671, "longitud": -99.83142713 }, "geometry": { "type": "Point", "coordinates": [ -99.83142713, 16.91002671 ] } },
{ "type": "Feature", "properties": { "nom_estab": "TIENDAS TRES B", "codigo_act": 462112, "latitud": 16.85754599, "longitud": -99.8958376 }, "geometry": { "type": "Point", "coordinates": [ -99.8958376, 16.85754599 ] } },
{ "type": "Feature", "properties": { "nom_estab": "TIENDAS TRES B", "codigo_act": 462112, "latitud": 17.65000551, "longitud": -99.53033447 }, "geometry": { "type": "Point", "coordinates": [ -99.53033447, 17.65000551 ] } },
{ "type": "Feature", "properties": { "nom_estab": "TIENDAS TRES B", "codigo_act": 462112, "latitud": 16.85103858, "longitud": -99.81137599 }, "geometry": { "type": "Point", "coordinates": [ -99.81137599, 16.85103858 ] } },
{ "type": "Feature", "properties": { "nom_estab": "TIENDAS TRES B", "codigo_act": 462112, "latitud": 18.74701689, "longitud": -99.67502518000001 }, "geometry": { "type": "Point", "coordinates": [ -99.67502518, 18.74701689 ] } },
{ "type": "Feature", "properties": { "nom_estab": "TIENDAS TRES B", "codigo_act": 462112, "latitud": 16.81602115, "longitud": -99.80157109 }, "geometry": { "type": "Point", "coordinates": [ -99.80157109, 16.81602115 ] } },
{ "type": "Feature", "properties": { "nom_estab": "TIENDAS TRES B", "codigo_act": 462112, "latitud": 18.36661513, "longitud": -99.87139025 }, "geometry": { "type": "Point", "coordinates": [ -99.87139025, 18.36661513 ] } },
{ "type": "Feature", "properties": { "nom_estab": "TIENDAS TRES B", "codigo_act": 462112, "latitud": 17.54289598, "longitud": -99.48393465 }, "geometry": { "type": "Point", "coordinates": [ -99.48393465, 17.54289598 ] } },
{ "type": "Feature", "properties": { "nom_estab": "TIENDAS TRES B", "codigo_act": 462112, "latitud": 16.84928514, "longitud": -99.90790315 }, "geometry": { "type": "Point", "coordinates": [ -99.90790315, 16.84928514 ] } },
{ "type": "Feature", "properties": { "nom_estab": "TIENDAS TRES B", "codigo_act": 462112, "latitud": 16.87100314, "longitud": -99.90367931 }, "geometry": { "type": "Point", "coordinates": [ -99.90367931, 16.87100314 ] } },
{ "type": "Feature", "properties": { "nom_estab": "TIENDAS TRES B", "codigo_act": 462112, "latitud": 16.85970086, "longitud": -99.9020858 }, "geometry": { "type": "Point", "coordinates": [ -99.9020858, 16.85970086 ] } },
{ "type": "Feature", "properties": { "nom_estab": "TIENDAS TRES B", "codigo_act": 462112, "latitud": 16.88366719, "longitud": -99.95141416 }, "geometry": { "type": "Point", "coordinates": [ -99.95141416, 16.88366719 ] } },
{ "type": "Feature", "properties": { "nom_estab": "TIENDAS TRES B", "codigo_act": 462112, "latitud": 17.56218052, "longitud": -99.50581048 }, "geometry": { "type": "Point", "coordinates": [ -99.50581048, 17.56218052 ] } },
{ "type": "Feature", "properties": { "nom_estab": "TIENDAS TRES B", "codigo_act": 462112, "latitud": 16.88224142, "longitud": -99.82079198 }, "geometry": { "type": "Point", "coordinates": [ -99.82079198, 16.88224142 ] } },
{ "type": "Feature", "properties": { "nom_estab": "TIENDAS TRES B", "codigo_act": 462112, "latitud": 17.16976655, "longitud": -99.52230403 }, "geometry": { "type": "Point", "coordinates": [ -99.52230403, 17.16976655 ] } },
{ "type": "Feature", "properties": { "nom_estab": "TIENDAS TRES B", "codigo_act": 462112, "latitud": 16.86229999, "longitud": -99.90355367 }, "geometry": { "type": "Point", "coordinates": [ -99.90355367, 16.86229999 ] } },
{ "type": "Feature", "properties": { "nom_estab": "TIENDAS TRES B", "codigo_act": 462112, "latitud": 17.24684475, "longitud": -99.51298701 }, "geometry": { "type": "Point", "coordinates": [ -99.51298701, 17.24684475 ] } },
{ "type": "Feature", "properties": { "nom_estab": "TIENDAS TRES B", "codigo_act": 462112, "latitud": 16.83182991, "longitud": -99.77842451 }, "geometry": { "type": "Point", "coordinates": [ -99.77842451, 16.83182991 ] } },
{ "type": "Feature", "properties": { "nom_estab": "TIENDAS TRES B", "codigo_act": 462112, "latitud": 16.85107329, "longitud": -99.81137409 }, "geometry": { "type": "Point", "coordinates": [ -99.81137409, 16.85107329 ] } },
{ "type": "Feature", "properties": { "nom_estab": "TIENDAS TRES B", "codigo_act": 462112, "latitud": 17.55049706, "longitud": -99.50131275 }, "geometry": { "type": "Point", "coordinates": [ -99.50131275, 17.55049706 ] } },
{ "type": "Feature", "properties": { "nom_estab": "TIENDAS TRES B", "codigo_act": 462112, "latitud": 17.55311848, "longitud": -99.49994832 }, "geometry": { "type": "Point", "coordinates": [ -99.49994832, 17.55311848 ] } },
{ "type": "Feature", "properties": { "nom_estab": "TIENDAS TRES B", "codigo_act": 462112, "latitud": 17.5052588, "longitud": -99.47371381000001 }, "geometry": { "type": "Point", "coordinates": [ -99.47371381, 17.5052588 ] } },
{ "type": "Feature", "properties": { "nom_estab": "TIENDAS TRES B", "codigo_act": 462112, "latitud": 16.79830829, "longitud": -99.39054759 }, "geometry": { "type": "Point", "coordinates": [ -99.39054759, 16.79830829 ] } },
{ "type": "Feature", "properties": { "nom_estab": "TIENDAS TRES B", "codigo_act": 462112, "latitud": 16.85626481, "longitud": -99.91321962000001 }, "geometry": { "type": "Point", "coordinates": [ -99.91321962, 16.85626481 ] } },
{ "type": "Feature", "properties": { "nom_estab": "TIENDAS TRES B", "codigo_act": 462112, "latitud": 17.16762767, "longitud": -99.52262314 }, "geometry": { "type": "Point", "coordinates": [ -99.52262314, 17.16762767 ] } },
{ "type": "Feature", "properties": { "nom_estab": "TIENDAS TRES B", "codigo_act": 462112, "latitud": 16.85476569, "longitud": -99.90394897 }, "geometry": { "type": "Point", "coordinates": [ -99.90394897, 16.85476569 ] } },
{ "type": "Feature", "properties": { "nom_estab": "TIENDAS TRES B", "codigo_act": 462112, "latitud": 17.09763765, "longitud": -99.71378005 }, "geometry": { "type": "Point", "coordinates": [ -99.71378005, 17.09763765 ] } },
{ "type": "Feature", "properties": { "nom_estab": "TIENDA 3B", "codigo_act": 462112, "latitud": 20.00614769, "longitud": -98.79619082000001 }, "geometry": { "type": "Point", "coordinates": [ -98.79619082, 20.00614769 ] } },
{ "type": "Feature", "properties": { "nom_estab": "TIENDA 3B", "codigo_act": 462112, "latitud": 20.12875299, "longitud": -98.75484621 }, "geometry": { "type": "Point", "coordinates": [ -98.75484621, 20.12875299 ] } },
{ "type": "Feature", "properties": { "nom_estab": "TIENDA 3B", "codigo_act": 462112, "latitud": 20.14552773, "longitud": -98.43824458 }, "geometry": { "type": "Point", "coordinates": [ -98.43824458, 20.14552773 ] } },
{ "type": "Feature", "properties": { "nom_estab": "TIENDA 3B", "codigo_act": 462112, "latitud": 20.1157642, "longitud": -98.41860391 }, "geometry": { "type": "Point", "coordinates": [ -98.41860391, 20.1157642 ] } },
{ "type": "Feature", "properties": { "nom_estab": "TIENDAS 3B", "codigo_act": 462112, "latitud": 20.24549219, "longitud": -99.08939711 }, "geometry": { "type": "Point", "coordinates": [ -99.08939711, 20.24549219 ] } },
{ "type": "Feature", "properties": { "nom_estab": "TIENDAS 3B", "codigo_act": 462112, "latitud": 19.70983256, "longitud": -98.44825026 }, "geometry": { "type": "Point", "coordinates": [ -98.44825026, 19.70983256 ] } },
{ "type": "Feature", "properties": { "nom_estab": "TIENDAS TRES B", "codigo_act": 462112, "latitud": 20.48656031, "longitud": -99.2165801 }, "geometry": { "type": "Point", "coordinates": [ -99.2165801, 20.48656031 ] } },
{ "type": "Feature", "properties": { "nom_estab": "TIENDAS TRES B", "codigo_act": 462112, "latitud": 19.87718237, "longitud": -98.96243941 }, "geometry": { "type": "Point", "coordinates": [ -98.96243941, 19.87718237 ] } },
{ "type": "Feature", "properties": { "nom_estab": "TIENDAS TRES B", "codigo_act": 462112, "latitud": 20.08338057, "longitud": -98.3659947 }, "geometry": { "type": "Point", "coordinates": [ -98.3659947, 20.08338057 ] } },
{ "type": "Feature", "properties": { "nom_estab": "TIENDAS TRES B", "codigo_act": 462112, "latitud": 20.10918847, "longitud": -98.76981352 }, "geometry": { "type": "Point", "coordinates": [ -98.76981352, 20.10918847 ] } },
{ "type": "Feature", "properties": { "nom_estab": "TIENDAS TRES B", "codigo_act": 462112, "latitud": 20.25412426, "longitud": -98.99958763 }, "geometry": { "type": "Point", "coordinates": [ -98.99958763, 20.25412426 ] } },
{ "type": "Feature", "properties": { "nom_estab": "TIENDAS TRES B", "codigo_act": 462112, "latitud": 20.05963964, "longitud": -99.22293847 }, "geometry": { "type": "Point", "coordinates": [ -99.22293847, 20.05963964 ] } },
{ "type": "Feature", "properties": { "nom_estab": "TIENDAS TRES B ", "codigo_act": 462112, "latitud": 19.77722142, "longitud": -98.57972989 }, "geometry": { "type": "Point", "coordinates": [ -98.57972989, 19.77722142 ] } },
{ "type": "Feature", "properties": { "nom_estab": "TIENDAS TRES B", "codigo_act": 462112, "latitud": 20.07944088, "longitud": -98.37043254 }, "geometry": { "type": "Point", "coordinates": [ -98.37043254, 20.07944088 ] } },
{ "type": "Feature", "properties": { "nom_estab": "TIENDAS TRES B", "codigo_act": 462112, "latitud": 20.0588957, "longitud": -99.22123222 }, "geometry": { "type": "Point", "coordinates": [ -99.22123222, 20.0588957 ] } },
{ "type": "Feature", "properties": { "nom_estab": "TIENDAS TRES B", "codigo_act": 462112, "latitud": 20.6126896, "longitud": -99.11713111 }, "geometry": { "type": "Point", "coordinates": [ -99.11713111, 20.6126896 ] } },
{ "type": "Feature", "properties": { "nom_estab": "TIENDAS TRES B", "codigo_act": 462112, "latitud": 20.05963995, "longitud": -99.22293292000001 }, "geometry": { "type": "Point", "coordinates": [ -99.22293292, 20.05963995 ] } },
{ "type": "Feature", "properties": { "nom_estab": "TIENDAS TRES B", "codigo_act": 462112, "latitud": 20.09186037, "longitud": -98.36210254 }, "geometry": { "type": "Point", "coordinates": [ -98.36210254, 20.09186037 ] } },
{ "type": "Feature", "properties": { "nom_estab": "TIENDAS TRES B", "codigo_act": 462112, "latitud": 20.11414383, "longitud": -98.88716102 }, "geometry": { "type": "Point", "coordinates": [ -98.88716102, 20.11414383 ] } },
{ "type": "Feature", "properties": { "nom_estab": "TIENDAS TRES B", "codigo_act": 462112, "latitud": 20.24921942, "longitud": -99.64638829 }, "geometry": { "type": "Point", "coordinates": [ -99.64638829, 20.24921942 ] } },
{ "type": "Feature", "properties": { "nom_estab": "TIENDAS TRES B", "codigo_act": 462112, "latitud": 19.90526964, "longitud": -99.33945644000001 }, "geometry": { "type": "Point", "coordinates": [ -99.33945644, 19.90526964 ] } },
{ "type": "Feature", "properties": { "nom_estab": "TIENDAS TRES B", "codigo_act": 462112, "latitud": 19.95593552, "longitud": -98.92060996 }, "geometry": { "type": "Point", "coordinates": [ -98.92060996, 19.95593552 ] } },
{ "type": "Feature", "properties": { "nom_estab": "TIENDAS TRES B", "codigo_act": 462112, "latitud": 19.77304303, "longitud": -98.58002532 }, "geometry": { "type": "Point", "coordinates": [ -98.58002532, 19.77304303 ] } },
{ "type": "Feature", "properties": { "nom_estab": "TIENDAS TRES B", "codigo_act": 462112, "latitud": 20.55112684, "longitud": -99.31175396 }, "geometry": { "type": "Point", "coordinates": [ -99.31175396, 20.55112684 ] } },
{ "type": "Feature", "properties": { "nom_estab": "TIENDAS TRES B", "codigo_act": 462112, "latitud": 20.09816572, "longitud": -98.75179812 }, "geometry": { "type": "Point", "coordinates": [ -98.75179812, 20.09816572 ] } },
{ "type": "Feature", "properties": { "nom_estab": "TIENDAS TRES B", "codigo_act": 462112, "latitud": 20.2308018, "longitud": -99.2148994 }, "geometry": { "type": "Point", "coordinates": [ -99.2148994, 20.2308018 ] } },
{ "type": "Feature", "properties": { "nom_estab": "TIENDAS TRES B", "codigo_act": 462112, "latitud": 19.77468907, "longitud": -98.57061542 }, "geometry": { "type": "Point", "coordinates": [ -98.57061542, 19.77468907 ] } },
{ "type": "Feature", "properties": { "nom_estab": "TIENDAS TRES B", "codigo_act": 462112, "latitud": 19.84241981, "longitud": -98.98016958 }, "geometry": { "type": "Point", "coordinates": [ -98.98016958, 19.84241981 ] } },
{ "type": "Feature", "properties": { "nom_estab": "TIENDAS TRES B", "codigo_act": 462112, "latitud": 20.73894582, "longitud": -99.38274596 }, "geometry": { "type": "Point", "coordinates": [ -99.38274596, 20.73894582 ] } },
{ "type": "Feature", "properties": { "nom_estab": "TIENDAS TRES B", "codigo_act": 462112, "latitud": 19.78635352, "longitud": -98.55348944000001 }, "geometry": { "type": "Point", "coordinates": [ -98.55348944, 19.78635352 ] } },
{ "type": "Feature", "properties": { "nom_estab": "TIENDAS TRES B", "codigo_act": 462112, "latitud": 20.24554768, "longitud": -99.0907696 }, "geometry": { "type": "Point", "coordinates": [ -99.0907696, 20.24554768 ] } },
{ "type": "Feature", "properties": { "nom_estab": "TIENDAS TRES B", "codigo_act": 462112, "latitud": 19.88123389, "longitud": -98.81942127000001 }, "geometry": { "type": "Point", "coordinates": [ -98.81942127, 19.88123389 ] } },
{ "type": "Feature", "properties": { "nom_estab": "TIENDAS TRES B", "codigo_act": 462112, "latitud": 20.28659002, "longitud": -98.66869413000001 }, "geometry": { "type": "Point", "coordinates": [ -98.66869413, 20.28659002 ] } },
{ "type": "Feature", "properties": { "nom_estab": "TIENDAS TRES B", "codigo_act": 462112, "latitud": 20.09379439, "longitud": -99.12458466 }, "geometry": { "type": "Point", "coordinates": [ -99.12458466, 20.09379439 ] } },
{ "type": "Feature", "properties": { "nom_estab": "TIENDAS TRES B", "codigo_act": 462112, "latitud": 20.00745583, "longitud": -99.22122556 }, "geometry": { "type": "Point", "coordinates": [ -99.22122556, 20.00745583 ] } },
{ "type": "Feature", "properties": { "nom_estab": "TIENDAS TRES B", "codigo_act": 462112, "latitud": 20.26768236, "longitud": -98.94411289 }, "geometry": { "type": "Point", "coordinates": [ -98.94411289, 20.26768236 ] } },
{ "type": "Feature", "properties": { "nom_estab": "TIENDAS TRES B", "codigo_act": 462112, "latitud": 20.11086754, "longitud": -98.72672239000001 }, "geometry": { "type": "Point", "coordinates": [ -98.72672239, 20.11086754 ] } },
{ "type": "Feature", "properties": { "nom_estab": "TIENDAS TRES B", "codigo_act": 462112, "latitud": 20.09004154, "longitud": -98.35158986 }, "geometry": { "type": "Point", "coordinates": [ -98.35158986, 20.09004154 ] } },
{ "type": "Feature", "properties": { "nom_estab": "TIENDAS TRES B", "codigo_act": 462112, "latitud": 20.73925874, "longitud": -99.38296298 }, "geometry": { "type": "Point", "coordinates": [ -99.38296298, 20.73925874 ] } },
{ "type": "Feature", "properties": { "nom_estab": "TIENDAS TRES B", "codigo_act": 462112, "latitud": 20.12403649, "longitud": -98.73195667 }, "geometry": { "type": "Point", "coordinates": [ -98.73195667, 20.12403649 ] } },
{ "type": "Feature", "properties": { "nom_estab": "TIENDAS TRES B", "codigo_act": 462112, "latitud": 20.12136192, "longitud": -98.76351096 }, "geometry": { "type": "Point", "coordinates": [ -98.76351096, 20.12136192 ] } },
{ "type": "Feature", "properties": { "nom_estab": "TIENDAS TRES B", "codigo_act": 462112, "latitud": 19.85166418, "longitud": -98.98154209 }, "geometry": { "type": "Point", "coordinates": [ -98.98154209, 19.85166418 ] } },
{ "type": "Feature", "properties": { "nom_estab": "TIENDAS TRES B", "codigo_act": 462112, "latitud": 20.15881863, "longitud": -99.25534246 }, "geometry": { "type": "Point", "coordinates": [ -99.25534246, 20.15881863 ] } },
{ "type": "Feature", "properties": { "nom_estab": "TIENDAS TRES B", "codigo_act": 462112, "latitud": 19.88058522, "longitud": -98.9777844 }, "geometry": { "type": "Point", "coordinates": [ -98.9777844, 19.88058522 ] } },
{ "type": "Feature", "properties": { "nom_estab": "TIENDAS TRES B", "codigo_act": 462112, "latitud": 20.0920158, "longitud": -99.22115454 }, "geometry": { "type": "Point", "coordinates": [ -99.22115454, 20.0920158 ] } },
{ "type": "Feature", "properties": { "nom_estab": "TIENDAS TRES B", "codigo_act": 462112, "latitud": 19.65449939, "longitud": -98.54374784 }, "geometry": { "type": "Point", "coordinates": [ -98.54374784, 19.65449939 ] } },
{ "type": "Feature", "properties": { "nom_estab": "TIENDAS TRES B", "codigo_act": 462112, "latitud": 20.47110789, "longitud": -99.21504409000001 }, "geometry": { "type": "Point", "coordinates": [ -99.21504409, 20.47110789 ] } },
{ "type": "Feature", "properties": { "nom_estab": "TIENDAS TRES B", "codigo_act": 462112, "latitud": 20.00612461, "longitud": -99.21990345 }, "geometry": { "type": "Point", "coordinates": [ -99.21990345, 20.00612461 ] } },
{ "type": "Feature", "properties": { "nom_estab": "TIENDAS TRES B", "codigo_act": 462112, "latitud": 20.03503991, "longitud": -98.31142543 }, "geometry": { "type": "Point", "coordinates": [ -98.31142543, 20.03503991 ] } },
{ "type": "Feature", "properties": { "nom_estab": "TIENDAS TRES B", "codigo_act": 462112, "latitud": 20.05698971, "longitud": -98.7590002 }, "geometry": { "type": "Point", "coordinates": [ -98.7590002, 20.05698971 ] } },
{ "type": "Feature", "properties": { "nom_estab": "TIENDAS TRES B", "codigo_act": 462112, "latitud": 20.03768484, "longitud": -98.29686763 }, "geometry": { "type": "Point", "coordinates": [ -98.29686763, 20.03768484 ] } },
{ "type": "Feature", "properties": { "nom_estab": "TIENDAS TRES B", "codigo_act": 462112, "latitud": 20.06395361, "longitud": -98.36347598 }, "geometry": { "type": "Point", "coordinates": [ -98.36347598, 20.06395361 ] } },
{ "type": "Feature", "properties": { "nom_estab": "TIENDAS TRES B", "codigo_act": 462112, "latitud": 20.08840007, "longitud": -98.79086316 }, "geometry": { "type": "Point", "coordinates": [ -98.79086316, 20.08840007 ] } },
{ "type": "Feature", "properties": { "nom_estab": "TIENDAS TRES B", "codigo_act": 462112, "latitud": 19.83862642, "longitud": -98.97792881 }, "geometry": { "type": "Point", "coordinates": [ -98.97792881, 19.83862642 ] } },
{ "type": "Feature", "properties": { "nom_estab": "TIENDAS TRES B", "codigo_act": 462112, "latitud": 20.27562979, "longitud": -98.9505226 }, "geometry": { "type": "Point", "coordinates": [ -98.9505226, 20.27562979 ] } },
{ "type": "Feature", "properties": { "nom_estab": "TIENDAS TRES B", "codigo_act": 462112, "latitud": 20.26595833, "longitud": -98.94323268 }, "geometry": { "type": "Point", "coordinates": [ -98.94323268, 20.26595833 ] } },
{ "type": "Feature", "properties": { "nom_estab": "TIENDAS TRES B", "codigo_act": 462112, "latitud": 20.1142285, "longitud": -98.75588929 }, "geometry": { "type": "Point", "coordinates": [ -98.75588929, 20.1142285 ] } },
{ "type": "Feature", "properties": { "nom_estab": "TIENDAS TRES B", "codigo_act": 462112, "latitud": 20.5906969, "longitud": -98.76532788 }, "geometry": { "type": "Point", "coordinates": [ -98.76532788, 20.5906969 ] } },
{ "type": "Feature", "properties": { "nom_estab": "TIENDAS TRES B", "codigo_act": 462112, "latitud": 19.89633753, "longitud": -99.23403786 }, "geometry": { "type": "Point", "coordinates": [ -99.23403786, 19.89633753 ] } },
{ "type": "Feature", "properties": { "nom_estab": "TIENDAS TRES B", "codigo_act": 462112, "latitud": 20.11560828, "longitud": -98.71601174 }, "geometry": { "type": "Point", "coordinates": [ -98.71601174, 20.11560828 ] } },
{ "type": "Feature", "properties": { "nom_estab": "TIENDAS TRES B", "codigo_act": 462112, "latitud": 20.10817175, "longitud": -98.76143522 }, "geometry": { "type": "Point", "coordinates": [ -98.76143522, 20.10817175 ] } },
{ "type": "Feature", "properties": { "nom_estab": "TIENDAS TRES B", "codigo_act": 462112, "latitud": 20.08115662, "longitud": -98.35718307 }, "geometry": { "type": "Point", "coordinates": [ -98.35718307, 20.08115662 ] } },
{ "type": "Feature", "properties": { "nom_estab": "TIENDAS TRES B", "codigo_act": 462112, "latitud": 20.04543875, "longitud": -98.71227185 }, "geometry": { "type": "Point", "coordinates": [ -98.71227185, 20.04543875 ] } },
{ "type": "Feature", "properties": { "nom_estab": "TIENDAS TRES B", "codigo_act": 462112, "latitud": 20.16220337, "longitud": -98.26422767 }, "geometry": { "type": "Point", "coordinates": [ -98.26422767, 20.16220337 ] } },
{ "type": "Feature", "properties": { "nom_estab": "TIENDAS TRES B", "codigo_act": 462112, "latitud": 20.10447097, "longitud": -98.77245076 }, "geometry": { "type": "Point", "coordinates": [ -98.77245076, 20.10447097 ] } },
{ "type": "Feature", "properties": { "nom_estab": "TIENDAS TRES B", "codigo_act": 462112, "latitud": 20.09404363, "longitud": -99.22070427 }, "geometry": { "type": "Point", "coordinates": [ -99.22070427, 20.09404363 ] } },
{ "type": "Feature", "properties": { "nom_estab": "TIENDAS TRES B", "codigo_act": 462112, "latitud": 20.65751227, "longitud": -98.6586493 }, "geometry": { "type": "Point", "coordinates": [ -98.6586493, 20.65751227 ] } },
{ "type": "Feature", "properties": { "nom_estab": "TIENDAS TRES B", "codigo_act": 462112, "latitud": 19.70870596, "longitud": -98.45122547 }, "geometry": { "type": "Point", "coordinates": [ -98.45122547, 19.70870596 ] } },
{ "type": "Feature", "properties": { "nom_estab": "TIENDAS TRES B", "codigo_act": 462112, "latitud": 19.97386132, "longitud": -98.86142138 }, "geometry": { "type": "Point", "coordinates": [ -98.86142138, 19.97386132 ] } },
{ "type": "Feature", "properties": { "nom_estab": "TIENDAS TRES B", "codigo_act": 462112, "latitud": 20.07423031, "longitud": -98.37455625 }, "geometry": { "type": "Point", "coordinates": [ -98.37455625, 20.07423031 ] } },
{ "type": "Feature", "properties": { "nom_estab": "TIENDAS TRES B", "codigo_act": 462112, "latitud": 20.24642286, "longitud": -99.18839915 }, "geometry": { "type": "Point", "coordinates": [ -99.18839915, 20.24642286 ] } },
{ "type": "Feature", "properties": { "nom_estab": "TIENDAS TRES B", "codigo_act": 462112, "latitud": 20.64835321, "longitud": -98.6575052 }, "geometry": { "type": "Point", "coordinates": [ -98.6575052, 20.64835321 ] } },
{ "type": "Feature", "properties": { "nom_estab": "TIENDAS TRES B", "codigo_act": 462112, "latitud": 20.15922099, "longitud": -98.20275806 }, "geometry": { "type": "Point", "coordinates": [ -98.20275806, 20.15922099 ] } },
{ "type": "Feature", "properties": { "nom_estab": "TIENDAS TRES B", "codigo_act": 462112, "latitud": 19.90948206, "longitud": -99.3388144 }, "geometry": { "type": "Point", "coordinates": [ -99.3388144, 19.90948206 ] } },
{ "type": "Feature", "properties": { "nom_estab": "TIENDAS TRES B", "codigo_act": 462112, "latitud": 19.89222375, "longitud": -99.23761198 }, "geometry": { "type": "Point", "coordinates": [ -99.23761198, 19.89222375 ] } },
{ "type": "Feature", "properties": { "nom_estab": "TIENDAS TRES B", "codigo_act": 462112, "latitud": 20.05724016, "longitud": -99.34238691 }, "geometry": { "type": "Point", "coordinates": [ -99.34238691, 20.05724016 ] } },
{ "type": "Feature", "properties": { "nom_estab": "TIENDAS TRES B", "codigo_act": 462112, "latitud": 20.17318429, "longitud": -98.31038856000001 }, "geometry": { "type": "Point", "coordinates": [ -98.31038856, 20.17318429 ] } },
{ "type": "Feature", "properties": { "nom_estab": "TIENDAS TRES B", "codigo_act": 462112, "latitud": 20.64633486, "longitud": -98.6536166 }, "geometry": { "type": "Point", "coordinates": [ -98.6536166, 20.64633486 ] } },
{ "type": "Feature", "properties": { "nom_estab": "TIENDAS TRES B", "codigo_act": 462112, "latitud": 20.64311388, "longitud": -98.65387692 }, "geometry": { "type": "Point", "coordinates": [ -98.65387692, 20.64311388 ] } },
{ "type": "Feature", "properties": { "nom_estab": "TIENDAS TRES B", "codigo_act": 462112, "latitud": 20.07946635, "longitud": -98.37052477 }, "geometry": { "type": "Point", "coordinates": [ -98.37052477, 20.07946635 ] } },
{ "type": "Feature", "properties": { "nom_estab": "TIENDAS TRES B", "codigo_act": 462112, "latitud": 20.14043002, "longitud": -98.34362903 }, "geometry": { "type": "Point", "coordinates": [ -98.34362903, 20.14043002 ] } },
{ "type": "Feature", "properties": { "nom_estab": "TIENDAS TRES B", "codigo_act": 462112, "latitud": 20.26927595, "longitud": -98.94920141 }, "geometry": { "type": "Point", "coordinates": [ -98.94920141, 20.26927595 ] } },
{ "type": "Feature", "properties": { "nom_estab": "TIENDAS TRES B", "codigo_act": 462112, "latitud": 20.03629699, "longitud": -98.70066071 }, "geometry": { "type": "Point", "coordinates": [ -98.70066071, 20.03629699 ] } },
{ "type": "Feature", "properties": { "nom_estab": "TIENDAS TRES B", "codigo_act": 462112, "latitud": 20.12134924, "longitud": -98.76350948 }, "geometry": { "type": "Point", "coordinates": [ -98.76350948, 20.12134924 ] } },
{ "type": "Feature", "properties": { "nom_estab": "TIENDAS TRES B", "codigo_act": 462112, "latitud": 20.0892632, "longitud": -98.36420455 }, "geometry": { "type": "Point", "coordinates": [ -98.36420455, 20.0892632 ] } },
{ "type": "Feature", "properties": { "nom_estab": "TIENDAS TRES B", "codigo_act": 462112, "latitud": 20.48661769, "longitud": -99.21640716 }, "geometry": { "type": "Point", "coordinates": [ -99.21640716, 20.48661769 ] } },
{ "type": "Feature", "properties": { "nom_estab": "TIENDAS TRES B", "codigo_act": 462112, "latitud": 20.02697941, "longitud": -98.30838891000001 }, "geometry": { "type": "Point", "coordinates": [ -98.30838891, 20.02697941 ] } },
{ "type": "Feature", "properties": { "nom_estab": "TIENDAS TRES B", "codigo_act": 462112, "latitud": 20.08368957, "longitud": -98.36477684 }, "geometry": { "type": "Point", "coordinates": [ -98.36477684, 20.08368957 ] } },
{ "type": "Feature", "properties": { "nom_estab": "TIENDAS TRES B", "codigo_act": 462112, "latitud": 20.48595333, "longitud": -99.21612604000001 }, "geometry": { "type": "Point", "coordinates": [ -99.21612604, 20.48595333 ] } },
{ "type": "Feature", "properties": { "nom_estab": "TIENDAS TRES B", "codigo_act": 462112, "latitud": 20.05466984, "longitud": -99.33929229 }, "geometry": { "type": "Point", "coordinates": [ -99.33929229, 20.05466984 ] } },
{ "type": "Feature", "properties": { "nom_estab": "TIENDAS TRES B", "codigo_act": 462112, "latitud": 20.04243257, "longitud": -98.72538308 }, "geometry": { "type": "Point", "coordinates": [ -98.72538308, 20.04243257 ] } },
{ "type": "Feature", "properties": { "nom_estab": "TIENDAS TRES B", "codigo_act": 462112, "latitud": 20.53427481, "longitud": -99.63704064 }, "geometry": { "type": "Point", "coordinates": [ -99.63704064, 20.53427481 ] } },
{ "type": "Feature", "properties": { "nom_estab": "TIENDAS TRES B", "codigo_act": 462112, "latitud": 20.33117735, "longitud": -99.23129651000001 }, "geometry": { "type": "Point", "coordinates": [ -99.23129651, 20.33117735 ] } },
{ "type": "Feature", "properties": { "nom_estab": "TIENDAS TRES B", "codigo_act": 462112, "latitud": 19.8179016, "longitud": -98.60431663 }, "geometry": { "type": "Point", "coordinates": [ -98.60431663, 19.8179016 ] } },
{ "type": "Feature", "properties": { "nom_estab": "TIENDAS TRES B", "codigo_act": 462112, "latitud": 20.33680693, "longitud": -98.22312026 }, "geometry": { "type": "Point", "coordinates": [ -98.22312026, 20.33680693 ] } },
{ "type": "Feature", "properties": { "nom_estab": "TIENDAS TRES B", "codigo_act": 462112, "latitud": 20.09744378, "longitud": -98.70477035 }, "geometry": { "type": "Point", "coordinates": [ -98.70477035, 20.09744378 ] } },
{ "type": "Feature", "properties": { "nom_estab": "TIENDAS TRES B", "codigo_act": 462112, "latitud": 20.409926, "longitud": -99.3503516 }, "geometry": { "type": "Point", "coordinates": [ -99.3503516, 20.409926 ] } },
{ "type": "Feature", "properties": { "nom_estab": "TIENDAS TRES B", "codigo_act": 462112, "latitud": 20.08844389, "longitud": -99.24084644 }, "geometry": { "type": "Point", "coordinates": [ -99.24084644, 20.08844389 ] } },
{ "type": "Feature", "properties": { "nom_estab": "TIENDAS TRES B", "codigo_act": 462112, "latitud": 20.02687257, "longitud": -99.33491569 }, "geometry": { "type": "Point", "coordinates": [ -99.33491569, 20.02687257 ] } },
{ "type": "Feature", "properties": { "nom_estab": "TIENDAS TRES B", "codigo_act": 462112, "latitud": 20.02433681, "longitud": -99.34255125 }, "geometry": { "type": "Point", "coordinates": [ -99.34255125, 20.02433681 ] } },
{ "type": "Feature", "properties": { "nom_estab": "TIENDAS TRES B", "codigo_act": 462112, "latitud": 20.28602074, "longitud": -99.41200997 }, "geometry": { "type": "Point", "coordinates": [ -99.41200997, 20.28602074 ] } },
{ "type": "Feature", "properties": { "nom_estab": "TIENDAS TRES B", "codigo_act": 462112, "latitud": 20.02851167, "longitud": -98.7150527 }, "geometry": { "type": "Point", "coordinates": [ -98.7150527, 20.02851167 ] } },
{ "type": "Feature", "properties": { "nom_estab": "TIENDAS TRES B", "codigo_act": 462112, "latitud": 20.04000729, "longitud": -98.71037627 }, "geometry": { "type": "Point", "coordinates": [ -98.71037627, 20.04000729 ] } },
{ "type": "Feature", "properties": { "nom_estab": "TIENDAS TRES B", "codigo_act": 462112, "latitud": 20.03108975, "longitud": -98.78232035000001 }, "geometry": { "type": "Point", "coordinates": [ -98.78232035, 20.03108975 ] } },
{ "type": "Feature", "properties": { "nom_estab": "TIENDAS TRES B", "codigo_act": 462112, "latitud": 20.19306672, "longitud": -99.2721099 }, "geometry": { "type": "Point", "coordinates": [ -99.2721099, 20.19306672 ] } },
{ "type": "Feature", "properties": { "nom_estab": "TIENDAS TRES B", "codigo_act": 462112, "latitud": 19.91425002, "longitud": -98.66888096 }, "geometry": { "type": "Point", "coordinates": [ -98.66888096, 19.91425002 ] } },
{ "type": "Feature", "properties": { "nom_estab": "TIENDAS TRES B", "codigo_act": 462112, "latitud": 20.53488687, "longitud": -99.63434681 }, "geometry": { "type": "Point", "coordinates": [ -99.63434681, 20.53488687 ] } },
{ "type": "Feature", "properties": { "nom_estab": "TIENDAS TRES B", "codigo_act": 462112, "latitud": 20.04145834, "longitud": -98.78516272 }, "geometry": { "type": "Point", "coordinates": [ -98.78516272, 20.04145834 ] } },
{ "type": "Feature", "properties": { "nom_estab": "TIENDAS TRES B", "codigo_act": 462112, "latitud": 20.13131812, "longitud": -99.23314948 }, "geometry": { "type": "Point", "coordinates": [ -99.23314948, 20.13131812 ] } },
{ "type": "Feature", "properties": { "nom_estab": "TIENDAS TRES B", "codigo_act": 462112, "latitud": 19.87576366, "longitud": -98.94753026 }, "geometry": { "type": "Point", "coordinates": [ -98.94753026, 19.87576366 ] } },
{ "type": "Feature", "properties": { "nom_estab": "TIENDAS TRES B", "codigo_act": 462112, "latitud": 20.06892252, "longitud": -98.77391773 }, "geometry": { "type": "Point", "coordinates": [ -98.77391773, 20.06892252 ] } },
{ "type": "Feature", "properties": { "nom_estab": "TIENDAS TRES B", "codigo_act": 462112, "latitud": 20.12802141, "longitud": -98.77402158 }, "geometry": { "type": "Point", "coordinates": [ -98.77402158, 20.12802141 ] } },
{ "type": "Feature", "properties": { "nom_estab": "TIENDAS TRES B", "codigo_act": 462112, "latitud": 20.78598744, "longitud": -98.72352358000001 }, "geometry": { "type": "Point", "coordinates": [ -98.72352358, 20.78598744 ] } },
{ "type": "Feature", "properties": { "nom_estab": "TIENDAS TRES B", "codigo_act": 462112, "latitud": 20.73616548, "longitud": -99.38217247 }, "geometry": { "type": "Point", "coordinates": [ -99.38217247, 20.73616548 ] } },
{ "type": "Feature", "properties": { "nom_estab": "TIENDAS TRES B", "codigo_act": 462112, "latitud": 20.0513394, "longitud": -99.22823261000001 }, "geometry": { "type": "Point", "coordinates": [ -99.22823261, 20.0513394 ] } },
{ "type": "Feature", "properties": { "nom_estab": "TIENDAS TRES B", "codigo_act": 462112, "latitud": 20.05520226, "longitud": -98.80511176 }, "geometry": { "type": "Point", "coordinates": [ -98.80511176, 20.05520226 ] } },
{ "type": "Feature", "properties": { "nom_estab": "TIENDAS TRES B", "codigo_act": 462112, "latitud": 20.11025185, "longitud": -98.82740584 }, "geometry": { "type": "Point", "coordinates": [ -98.82740584, 20.11025185 ] } },
{ "type": "Feature", "properties": { "nom_estab": "TIENDAS TRES B", "codigo_act": 462112, "latitud": 19.65693961, "longitud": -98.54655147 }, "geometry": { "type": "Point", "coordinates": [ -98.54655147, 19.65693961 ] } },
{ "type": "Feature", "properties": { "nom_estab": "TIENDAS TRES B", "codigo_act": 462112, "latitud": 20.08836954, "longitud": -98.74169563 }, "geometry": { "type": "Point", "coordinates": [ -98.74169563, 20.08836954 ] } },
{ "type": "Feature", "properties": { "nom_estab": "TIENDAS TRES B", "codigo_act": 462112, "latitud": 20.37613295, "longitud": -99.65097458 }, "geometry": { "type": "Point", "coordinates": [ -99.65097458, 20.37613295 ] } },
{ "type": "Feature", "properties": { "nom_estab": "TIENDAS TRES B", "codigo_act": 462112, "latitud": 20.05358771, "longitud": -99.34412822 }, "geometry": { "type": "Point", "coordinates": [ -99.34412822, 20.05358771 ] } },
{ "type": "Feature", "properties": { "nom_estab": "TIENDAS TRES B", "codigo_act": 462112, "latitud": 20.37613413, "longitud": -99.65096498 }, "geometry": { "type": "Point", "coordinates": [ -99.65096498, 20.37613413 ] } },
{ "type": "Feature", "properties": { "nom_estab": "TIENDAS TRES B", "codigo_act": 462112, "latitud": 20.7286447, "longitud": -98.63028373 }, "geometry": { "type": "Point", "coordinates": [ -98.63028373, 20.7286447 ] } },
{ "type": "Feature", "properties": { "nom_estab": "TIENDAS TRES B", "codigo_act": 462112, "latitud": 19.84301755, "longitud": -98.97693844 }, "geometry": { "type": "Point", "coordinates": [ -98.97693844, 19.84301755 ] } },
{ "type": "Feature", "properties": { "nom_estab": "TIENDAS TRES B", "codigo_act": 462112, "latitud": 20.03776461, "longitud": -98.35664337 }, "geometry": { "type": "Point", "coordinates": [ -98.35664337, 20.03776461 ] } },
{ "type": "Feature", "properties": { "nom_estab": "TIENDAS TRES B", "codigo_act": 462112, "latitud": 20.40815967, "longitud": -99.34938714 }, "geometry": { "type": "Point", "coordinates": [ -99.34938714, 20.40815967 ] } },
{ "type": "Feature", "properties": { "nom_estab": "TIENDAS TRES B", "codigo_act": 462112, "latitud": 20.07369926, "longitud": -98.69921006 }, "geometry": { "type": "Point", "coordinates": [ -98.69921006, 20.07369926 ] } },
{ "type": "Feature", "properties": { "nom_estab": "TIENDAS TRES B", "codigo_act": 462112, "latitud": 20.12368498, "longitud": -98.74366898 }, "geometry": { "type": "Point", "coordinates": [ -98.74366898, 20.12368498 ] } },
{ "type": "Feature", "properties": { "nom_estab": "TIENDAS TRES B", "codigo_act": 462112, "latitud": 19.70292345, "longitud": -98.4071201 }, "geometry": { "type": "Point", "coordinates": [ -98.4071201, 19.70292345 ] } },
{ "type": "Feature", "properties": { "nom_estab": "TIENDAS TRES B", "codigo_act": 462112, "latitud": 19.96743192, "longitud": -98.51871193 }, "geometry": { "type": "Point", "coordinates": [ -98.51871193, 19.96743192 ] } },
{ "type": "Feature", "properties": { "nom_estab": "TIENDAS TRES B", "codigo_act": 462112, "latitud": 20.16967509, "longitud": -98.64845619 }, "geometry": { "type": "Point", "coordinates": [ -98.64845619, 20.16967509 ] } },
{ "type": "Feature", "properties": { "nom_estab": "TIENDAS TRES B", "codigo_act": 462112, "latitud": 20.08652341, "longitud": -98.36848343 }, "geometry": { "type": "Point", "coordinates": [ -98.36848343, 20.08652341 ] } },
{ "type": "Feature", "properties": { "nom_estab": "TIENDAS TRES B", "codigo_act": 462112, "latitud": 20.0453744, "longitud": -98.7172706 }, "geometry": { "type": "Point", "coordinates": [ -98.7172706, 20.0453744 ] } },
{ "type": "Feature", "properties": { "nom_estab": "TIENDAS TRES B", "codigo_act": 462112, "latitud": 20.46091558, "longitud": -98.0783149 }, "geometry": { "type": "Point", "coordinates": [ -98.0783149, 20.46091558 ] } },
{ "type": "Feature", "properties": { "nom_estab": "TIENDAS TRES B", "codigo_act": 462112, "latitud": 20.03220754, "longitud": -99.33693736 }, "geometry": { "type": "Point", "coordinates": [ -99.33693736, 20.03220754 ] } },
{ "type": "Feature", "properties": { "nom_estab": "TIENDAS TRES B", "codigo_act": 462112, "latitud": 20.23026367, "longitud": -99.21317187 }, "geometry": { "type": "Point", "coordinates": [ -99.21317187, 20.23026367 ] } },
{ "type": "Feature", "properties": { "nom_estab": "TIENDAS TRES B", "codigo_act": 462112, "latitud": 20.06159494, "longitud": -98.71879578 }, "geometry": { "type": "Point", "coordinates": [ -98.71879578, 20.06159494 ] } },
{ "type": "Feature", "properties": { "nom_estab": "TIENDAS TRES B", "codigo_act": 462112, "latitud": 20.08713502, "longitud": -98.35405452000001 }, "geometry": { "type": "Point", "coordinates": [ -98.35405452, 20.08713502 ] } },
{ "type": "Feature", "properties": { "nom_estab": "TIENDAS TRES B", "codigo_act": 462112, "latitud": 20.59153292, "longitud": -98.76274834 }, "geometry": { "type": "Point", "coordinates": [ -98.76274834, 20.59153292 ] } },
{ "type": "Feature", "properties": { "nom_estab": "TIENDAS TRES B", "codigo_act": 462112, "latitud": 19.71387225, "longitud": -98.45123973 }, "geometry": { "type": "Point", "coordinates": [ -98.45123973, 19.71387225 ] } },
{ "type": "Feature", "properties": { "nom_estab": "TIENDAS TRES B", "codigo_act": 462112, "latitud": 20.12807942, "longitud": -98.77407705 }, "geometry": { "type": "Point", "coordinates": [ -98.77407705, 20.12807942 ] } },
{ "type": "Feature", "properties": { "nom_estab": "TIENDAS TRES B", "codigo_act": 462112, "latitud": 20.11729406, "longitud": -98.7213868 }, "geometry": { "type": "Point", "coordinates": [ -98.7213868, 20.11729406 ] } },
{ "type": "Feature", "properties": { "nom_estab": "TIENDAS TRES B", "codigo_act": 462112, "latitud": 20.37159125, "longitud": -99.65043188 }, "geometry": { "type": "Point", "coordinates": [ -99.65043188, 20.37159125 ] } },
{ "type": "Feature", "properties": { "nom_estab": "TIENDAS TRES B", "codigo_act": 462112, "latitud": 20.1180026, "longitud": -98.74175818000001 }, "geometry": { "type": "Point", "coordinates": [ -98.74175818, 20.1180026 ] } },
{ "type": "Feature", "properties": { "nom_estab": "TIENDAS TRES B", "codigo_act": 462112, "latitud": 20.19208731, "longitud": -99.17639372 }, "geometry": { "type": "Point", "coordinates": [ -99.17639372, 20.19208731 ] } },
{ "type": "Feature", "properties": { "nom_estab": "TIENDAS TRES B", "codigo_act": 462112, "latitud": 20.12636036, "longitud": -98.73480224 }, "geometry": { "type": "Point", "coordinates": [ -98.73480224, 20.12636036 ] } },
{ "type": "Feature", "properties": { "nom_estab": "TIENDAS TRES B", "codigo_act": 462112, "latitud": 20.04445493, "longitud": -98.79860476 }, "geometry": { "type": "Point", "coordinates": [ -98.79860476, 20.04445493 ] } },
{ "type": "Feature", "properties": { "nom_estab": "TIENDAS TRES B", "codigo_act": 462112, "latitud": 20.11907294, "longitud": -98.77455475 }, "geometry": { "type": "Point", "coordinates": [ -98.77455475, 20.11907294 ] } },
{ "type": "Feature", "properties": { "nom_estab": "TIENDAS TRES B", "codigo_act": 462112, "latitud": 19.9018482, "longitud": -99.33473335 }, "geometry": { "type": "Point", "coordinates": [ -99.33473335, 19.9018482 ] } },
{ "type": "Feature", "properties": { "nom_estab": "TIENDAS TRES B", "codigo_act": 462112, "latitud": 20.24756124, "longitud": -99.19028878 }, "geometry": { "type": "Point", "coordinates": [ -99.19028878, 20.24756124 ] } },
{ "type": "Feature", "properties": { "nom_estab": "TIENDAS TRES B", "codigo_act": 462112, "latitud": 20.13153865, "longitud": -99.23088423 }, "geometry": { "type": "Point", "coordinates": [ -99.23088423, 20.13153865 ] } },
{ "type": "Feature", "properties": { "nom_estab": "TIENDAS TRES B", "codigo_act": 462112, "latitud": 20.22931277, "longitud": -99.21551384 }, "geometry": { "type": "Point", "coordinates": [ -99.21551384, 20.22931277 ] } },
{ "type": "Feature", "properties": { "nom_estab": "TIENDAS TRES B", "codigo_act": 462112, "latitud": 20.73599834, "longitud": -99.38171827 }, "geometry": { "type": "Point", "coordinates": [ -99.38171827, 20.73599834 ] } },
{ "type": "Feature", "properties": { "nom_estab": "TIENDAS TRES B", "codigo_act": 462112, "latitud": 20.05445895, "longitud": -99.34254517 }, "geometry": { "type": "Point", "coordinates": [ -99.34254517, 20.05445895 ] } },
{ "type": "Feature", "properties": { "nom_estab": "TIENDAS TRES B", "codigo_act": 462112, "latitud": 20.53109385, "longitud": -98.6355376 }, "geometry": { "type": "Point", "coordinates": [ -98.6355376, 20.53109385 ] } },
{ "type": "Feature", "properties": { "nom_estab": "TIENDAS TRES B", "codigo_act": 462112, "latitud": 20.05438848, "longitud": -99.34255905000001 }, "geometry": { "type": "Point", "coordinates": [ -99.34255905, 20.05438848 ] } },
{ "type": "Feature", "properties": { "nom_estab": "TIENDAS TRES B", "codigo_act": 462112, "latitud": 20.05630629, "longitud": -98.71538805 }, "geometry": { "type": "Point", "coordinates": [ -98.71538805, 20.05630629 ] } },
{ "type": "Feature", "properties": { "nom_estab": "TIENDAS TRES B", "codigo_act": 462112, "latitud": 19.91438537, "longitud": -98.66880638000001 }, "geometry": { "type": "Point", "coordinates": [ -98.66880638, 19.91438537 ] } },
{ "type": "Feature", "properties": { "nom_estab": "TIENDAS TRES B", "codigo_act": 462112, "latitud": 20.08981858, "longitud": -98.77586957 }, "geometry": { "type": "Point", "coordinates": [ -98.77586957, 20.08981858 ] } },
{ "type": "Feature", "properties": { "nom_estab": "TIENDAS TRES B", "codigo_act": 462112, "latitud": 20.12290135, "longitud": -98.73764787 }, "geometry": { "type": "Point", "coordinates": [ -98.73764787, 20.12290135 ] } },
{ "type": "Feature", "properties": { "nom_estab": "TIENDAS TRES B", "codigo_act": 462112, "latitud": 20.34902882, "longitud": -98.35754563 }, "geometry": { "type": "Point", "coordinates": [ -98.35754563, 20.34902882 ] } },
{ "type": "Feature", "properties": { "nom_estab": "TIENDAS TRES B", "codigo_act": 462112, "latitud": 20.12625661, "longitud": -98.74460392 }, "geometry": { "type": "Point", "coordinates": [ -98.74460392, 20.12625661 ] } },
{ "type": "Feature", "properties": { "nom_estab": "TIENDAS TRES B", "codigo_act": 462112, "latitud": 20.40056128, "longitud": -98.20034767 }, "geometry": { "type": "Point", "coordinates": [ -98.20034767, 20.40056128 ] } },
{ "type": "Feature", "properties": { "nom_estab": "TIENDAS TRES B", "codigo_act": 462112, "latitud": 20.19001219, "longitud": -99.38269932 }, "geometry": { "type": "Point", "coordinates": [ -99.38269932, 20.19001219 ] } },
{ "type": "Feature", "properties": { "nom_estab": "TIENDAS TRES B", "codigo_act": 462112, "latitud": 19.83694128, "longitud": -98.97405958 }, "geometry": { "type": "Point", "coordinates": [ -98.97405958, 19.83694128 ] } },
{ "type": "Feature", "properties": { "nom_estab": "TIENDAS TRES B", "codigo_act": 462112, "latitud": 19.84075225, "longitud": -98.94587112000001 }, "geometry": { "type": "Point", "coordinates": [ -98.94587112, 19.84075225 ] } },
{ "type": "Feature", "properties": { "nom_estab": "TIENDAS TRES B", "codigo_act": 462112, "latitud": 19.87072106, "longitud": -98.97875644 }, "geometry": { "type": "Point", "coordinates": [ -98.97875644, 19.87072106 ] } },
{ "type": "Feature", "properties": { "nom_estab": "TIENDAS TRES B", "codigo_act": 462112, "latitud": 20.28658627, "longitud": -98.66867633 }, "geometry": { "type": "Point", "coordinates": [ -98.66867633, 20.28658627 ] } },
{ "type": "Feature", "properties": { "nom_estab": "TIENDAS TRES B", "codigo_act": 462112, "latitud": 20.10132294, "longitud": -98.71033608 }, "geometry": { "type": "Point", "coordinates": [ -98.71033608, 20.10132294 ] } },
{ "type": "Feature", "properties": { "nom_estab": "TIENDAS TRES B", "codigo_act": 462112, "latitud": 20.09096104, "longitud": -98.70535158 }, "geometry": { "type": "Point", "coordinates": [ -98.70535158, 20.09096104 ] } },
{ "type": "Feature", "properties": { "nom_estab": "TIENDAS TRES B", "codigo_act": 462112, "latitud": 20.05044961, "longitud": -98.78036435 }, "geometry": { "type": "Point", "coordinates": [ -98.78036435, 20.05044961 ] } },
{ "type": "Feature", "properties": { "nom_estab": "TIENDAS TRES B", "codigo_act": 462112, "latitud": 20.06717402, "longitud": -98.73083231 }, "geometry": { "type": "Point", "coordinates": [ -98.73083231, 20.06717402 ] } },
{ "type": "Feature", "properties": { "nom_estab": "3B", "codigo_act": 462112, "latitud": 21.86816436, "longitud": -101.59561695 }, "geometry": { "type": "Point", "coordinates": [ -101.59561695, 21.86816436 ] } },
{ "type": "Feature", "properties": { "nom_estab": "OXXO SUC 50H3B MILENIO AGU", "codigo_act": 462112, "latitud": 21.51733056, "longitud": -102.24493336 }, "geometry": { "type": "Point", "coordinates": [ -102.24493336, 21.51733056 ] } },
{ "type": "Feature", "properties": { "nom_estab": "TIENDAS TRES B", "codigo_act": 462112, "latitud": 20.5441805, "longitud": -102.79085606 }, "geometry": { "type": "Point", "coordinates": [ -102.79085606, 20.5441805 ] } },
{ "type": "Feature", "properties": { "nom_estab": "TIENDAS TRES B", "codigo_act": 462112, "latitud": 21.03027979, "longitud": -102.40125627 }, "geometry": { "type": "Point", "coordinates": [ -102.40125627, 21.03027979 ] } },
{ "type": "Feature", "properties": { "nom_estab": "TIENDAS TRES B", "codigo_act": 462112, "latitud": 21.24061914, "longitud": -102.32004121 }, "geometry": { "type": "Point", "coordinates": [ -102.32004121, 21.24061914 ] } },
{ "type": "Feature", "properties": { "nom_estab": "TIENDAS TRES B", "codigo_act": 462112, "latitud": 20.92839076, "longitud": -103.03208928 }, "geometry": { "type": "Point", "coordinates": [ -103.03208928, 20.92839076 ] } },
{ "type": "Feature", "properties": { "nom_estab": "TIENDAS TRES B", "codigo_act": 462112, "latitud": 21.35879123, "longitud": -101.90930132 }, "geometry": { "type": "Point", "coordinates": [ -101.90930132, 21.35879123 ] } },
{ "type": "Feature", "properties": { "nom_estab": "TIENDAS TRES B", "codigo_act": 462112, "latitud": 20.36280185, "longitud": -102.78182369 }, "geometry": { "type": "Point", "coordinates": [ -102.78182369, 20.36280185 ] } },
{ "type": "Feature", "properties": { "nom_estab": "TIENDAS TRES B", "codigo_act": 462112, "latitud": 20.37958696, "longitud": -102.92959496 }, "geometry": { "type": "Point", "coordinates": [ -102.92959496, 20.37958696 ] } },
{ "type": "Feature", "properties": { "nom_estab": "MINISUPER TRES B", "codigo_act": 462112, "latitud": 19.40664209, "longitud": -98.92109035 }, "geometry": { "type": "Point", "coordinates": [ -98.92109035, 19.40664209 ] } },
{ "type": "Feature", "properties": { "nom_estab": "OXXO SUC 503B1 ESCUADRA MEX", "codigo_act": 462112, "latitud": 19.31280557, "longitud": -98.92578212 }, "geometry": { "type": "Point", "coordinates": [ -98.92578212, 19.31280557 ] } },
{ "type": "Feature", "properties": { "nom_estab": "OXXO SUC 503BC RIO LAJA MEX", "codigo_act": 462112, "latitud": 19.37189708, "longitud": -98.94598558 }, "geometry": { "type": "Point", "coordinates": [ -98.94598558, 19.37189708 ] } },
{ "type": "Feature", "properties": { "nom_estab": "OXXO SUC 503BE FERMAN PAC", "codigo_act": 462112, "latitud": 19.73125978, "longitud": -99.17072612 }, "geometry": { "type": "Point", "coordinates": [ -99.17072612, 19.73125978 ] } },
{ "type": "Feature", "properties": { "nom_estab": "TIENDA 3B", "codigo_act": 462112, "latitud": 19.43324158, "longitud": -98.96476864 }, "geometry": { "type": "Point", "coordinates": [ -98.96476864, 19.43324158 ] } },
{ "type": "Feature", "properties": { "nom_estab": "TIENDA 3B", "codigo_act": 462112, "latitud": 19.72390082, "longitud": -99.22753341000001 }, "geometry": { "type": "Point", "coordinates": [ -99.22753341, 19.72390082 ] } },
{ "type": "Feature", "properties": { "nom_estab": "TIENDA 3B", "codigo_act": 462112, "latitud": 19.67106886, "longitud": -99.15446389 }, "geometry": { "type": "Point", "coordinates": [ -99.15446389, 19.67106886 ] } },
{ "type": "Feature", "properties": { "nom_estab": "TIENDA 3B CHIPILTEPEC", "codigo_act": 462112, "latitud": 19.61284106, "longitud": -98.89412976 }, "geometry": { "type": "Point", "coordinates": [ -98.89412976, 19.61284106 ] } },
{ "type": "Feature", "properties": { "nom_estab": "TIENDA 3B LA PERLA", "codigo_act": 462112, "latitud": 19.38363474, "longitud": -98.9886826 }, "geometry": { "type": "Point", "coordinates": [ -98.9886826, 19.38363474 ] } },
{ "type": "Feature", "properties": { "nom_estab": "TIENDA TRES B", "codigo_act": 462112, "latitud": 19.04389935, "longitud": -100.04076892 }, "geometry": { "type": "Point", "coordinates": [ -100.04076892, 19.04389935 ] } },
{ "type": "Feature", "properties": { "nom_estab": "TIENDAS 3B", "codigo_act": 462112, "latitud": 19.74025466, "longitud": -99.08099131 }, "geometry": { "type": "Point", "coordinates": [ -99.08099131, 19.74025466 ] } },
{ "type": "Feature", "properties": { "nom_estab": "TIENDAS 3B", "codigo_act": 462112, "latitud": 19.51983344, "longitud": -99.04597613 }, "geometry": { "type": "Point", "coordinates": [ -99.04597613, 19.51983344 ] } },
{ "type": "Feature", "properties": { "nom_estab": "TIENDAS 3B", "codigo_act": 462112, "latitud": 19.54117385, "longitud": -99.068813 }, "geometry": { "type": "Point", "coordinates": [ -99.068813, 19.54117385 ] } },
{ "type": "Feature", "properties": { "nom_estab": "TIENDAS 3B", "codigo_act": 462112, "latitud": 19.0358175, "longitud": -98.79737233 }, "geometry": { "type": "Point", "coordinates": [ -98.79737233, 19.0358175 ] } },
{ "type": "Feature", "properties": { "nom_estab": "TIENDAS 3B", "codigo_act": 462112, "latitud": 18.84496469, "longitud": -99.6772581 }, "geometry": { "type": "Point", "coordinates": [ -99.6772581, 18.84496469 ] } },
{ "type": "Feature", "properties": { "nom_estab": "TIENDAS 3B", "codigo_act": 462112, "latitud": 19.0312678, "longitud": -98.81351506 }, "geometry": { "type": "Point", "coordinates": [ -98.81351506, 19.0312678 ] } },
{ "type": "Feature", "properties": { "nom_estab": "TIENDAS TRES B", "codigo_act": 462112, "latitud": 19.1793544, "longitud": -99.46746418 }, "geometry": { "type": "Point", "coordinates": [ -99.46746418, 19.1793544 ] } },
{ "type": "Feature", "properties": { "nom_estab": "TIENDAS TRES B", "codigo_act": 462112, "latitud": 19.5209865, "longitud": -99.07899278 }, "geometry": { "type": "Point", "coordinates": [ -99.07899278, 19.5209865 ] } },
{ "type": "Feature", "properties": { "nom_estab": "TIENDAS TRES B", "codigo_act": 462112, "latitud": 19.39054085, "longitud": -99.00990674000001 }, "geometry": { "type": "Point", "coordinates": [ -99.00990674, 19.39054085 ] } },
{ "type": "Feature", "properties": { "nom_estab": "TIENDAS TRES B", "codigo_act": 462112, "latitud": 19.49264294, "longitud": -99.05887665 }, "geometry": { "type": "Point", "coordinates": [ -99.05887665, 19.49264294 ] } },
{ "type": "Feature", "properties": { "nom_estab": "TIENDAS TRES B", "codigo_act": 462112, "latitud": 19.45948664, "longitud": -99.2317767 }, "geometry": { "type": "Point", "coordinates": [ -99.2317767, 19.45948664 ] } },
{ "type": "Feature", "properties": { "nom_estab": "TIENDAS TRES B", "codigo_act": 462112, "latitud": 19.20368047, "longitud": -98.80386238 }, "geometry": { "type": "Point", "coordinates": [ -98.80386238, 19.20368047 ] } },
{ "type": "Feature", "properties": { "nom_estab": "TIENDAS TRES B", "codigo_act": 462112, "latitud": 20.09970212, "longitud": -99.82396113 }, "geometry": { "type": "Point", "coordinates": [ -99.82396113, 20.09970212 ] } },
{ "type": "Feature", "properties": { "nom_estab": "TIENDAS TRES B", "codigo_act": 462112, "latitud": 19.43340108, "longitud": -98.90341235 }, "geometry": { "type": "Point", "coordinates": [ -98.90341235, 19.43340108 ] } },
{ "type": "Feature", "properties": { "nom_estab": "TIENDAS TRES B", "codigo_act": 462112, "latitud": 19.62390537, "longitud": -99.31826702 }, "geometry": { "type": "Point", "coordinates": [ -99.31826702, 19.62390537 ] } },
{ "type": "Feature", "properties": { "nom_estab": "TIENDAS TRES B", "codigo_act": 462112, "latitud": 19.32462218, "longitud": -98.9506358 }, "geometry": { "type": "Point", "coordinates": [ -98.9506358, 19.32462218 ] } },
{ "type": "Feature", "properties": { "nom_estab": "TIENDAS TRES B", "codigo_act": 462112, "latitud": 19.56560725, "longitud": -99.76760219000001 }, "geometry": { "type": "Point", "coordinates": [ -99.76760219, 19.56560725 ] } },
{ "type": "Feature", "properties": { "nom_estab": "TIENDAS TRES B", "codigo_act": 462112, "latitud": 19.79918825, "longitud": -99.10008557 }, "geometry": { "type": "Point", "coordinates": [ -99.10008557, 19.79918825 ] } },
{ "type": "Feature", "properties": { "nom_estab": "TIENDAS TRES B", "codigo_act": 462112, "latitud": 19.32132993, "longitud": -99.54526362 }, "geometry": { "type": "Point", "coordinates": [ -99.54526362, 19.32132993 ] } },
{ "type": "Feature", "properties": { "nom_estab": "TIENDAS TRES B", "codigo_act": 462112, "latitud": 19.78569947, "longitud": -99.04977807 }, "geometry": { "type": "Point", "coordinates": [ -99.04977807, 19.78569947 ] } },
{ "type": "Feature", "properties": { "nom_estab": "TIENDAS TRES B", "codigo_act": 462112, "latitud": 19.45548014, "longitud": -99.24596601 }, "geometry": { "type": "Point", "coordinates": [ -99.24596601, 19.45548014 ] } },
{ "type": "Feature", "properties": { "nom_estab": "TIENDAS TRES B", "codigo_act": 462112, "latitud": 19.39291505, "longitud": -98.99850366 }, "geometry": { "type": "Point", "coordinates": [ -98.99850366, 19.39291505 ] } },
{ "type": "Feature", "properties": { "nom_estab": "TIENDAS TRES B", "codigo_act": 462112, "latitud": 19.28503243, "longitud": -98.89962249 }, "geometry": { "type": "Point", "coordinates": [ -98.89962249, 19.28503243 ] } },
{ "type": "Feature", "properties": { "nom_estab": "TIENDAS TRES B", "codigo_act": 462112, "latitud": 19.17621199, "longitud": -100.21641091 }, "geometry": { "type": "Point", "coordinates": [ -100.21641091, 19.17621199 ] } },
{ "type": "Feature", "properties": { "nom_estab": "TIENDAS TRES B", "codigo_act": 462112, "latitud": 19.60057625, "longitud": -98.93246745 }, "geometry": { "type": "Point", "coordinates": [ -98.93246745, 19.60057625 ] } },
{ "type": "Feature", "properties": { "nom_estab": "TIENDAS TRES B", "codigo_act": 462112, "latitud": 19.41906713, "longitud": -99.26812354 }, "geometry": { "type": "Point", "coordinates": [ -99.26812354, 19.41906713 ] } },
{ "type": "Feature", "properties": { "nom_estab": "TIENDAS TRES B", "codigo_act": 462112, "latitud": 19.63183926, "longitud": -99.31085608 }, "geometry": { "type": "Point", "coordinates": [ -99.31085608, 19.63183926 ] } },
{ "type": "Feature", "properties": { "nom_estab": "TIENDAS TRES B", "codigo_act": 462112, "latitud": 19.23769615, "longitud": -99.64296706 }, "geometry": { "type": "Point", "coordinates": [ -99.64296706, 19.23769615 ] } },
{ "type": "Feature", "properties": { "nom_estab": "TIENDAS TRES B", "codigo_act": 462112, "latitud": 19.77590798, "longitud": -99.21024975 }, "geometry": { "type": "Point", "coordinates": [ -99.21024975, 19.77590798 ] } },
{ "type": "Feature", "properties": { "nom_estab": "TIENDAS TRES B", "codigo_act": 462112, "latitud": 19.5011291, "longitud": -99.02810893 }, "geometry": { "type": "Point", "coordinates": [ -99.02810893, 19.5011291 ] } },
{ "type": "Feature", "properties": { "nom_estab": "TIENDAS TRES B", "codigo_act": 462112, "latitud": 19.55332008, "longitud": -99.07230909 }, "geometry": { "type": "Point", "coordinates": [ -99.07230909, 19.55332008 ] } },
{ "type": "Feature", "properties": { "nom_estab": "TIENDAS TRES B", "codigo_act": 462112, "latitud": 19.47059336, "longitud": -99.21125713000001 }, "geometry": { "type": "Point", "coordinates": [ -99.21125713, 19.47059336 ] } },
{ "type": "Feature", "properties": { "nom_estab": "TIENDAS TRES B", "codigo_act": 462112, "latitud": 19.56750586, "longitud": -99.76615199 }, "geometry": { "type": "Point", "coordinates": [ -99.76615199, 19.56750586 ] } },
{ "type": "Feature", "properties": { "nom_estab": "TIENDAS TRES B", "codigo_act": 462112, "latitud": 19.44880207, "longitud": -99.26009812 }, "geometry": { "type": "Point", "coordinates": [ -99.26009812, 19.44880207 ] } },
{ "type": "Feature", "properties": { "nom_estab": "TIENDAS TRES B", "codigo_act": 462112, "latitud": 19.27231693, "longitud": -99.46337081 }, "geometry": { "type": "Point", "coordinates": [ -99.46337081, 19.27231693 ] } },
{ "type": "Feature", "properties": { "nom_estab": "TIENDAS TRES B", "codigo_act": 462112, "latitud": 19.38128805, "longitud": -98.95229728 }, "geometry": { "type": "Point", "coordinates": [ -98.95229728, 19.38128805 ] } },
{ "type": "Feature", "properties": { "nom_estab": "TIENDAS TRES B", "codigo_act": 462112, "latitud": 19.28413185, "longitud": -99.73452881 }, "geometry": { "type": "Point", "coordinates": [ -99.73452881, 19.28413185 ] } },
{ "type": "Feature", "properties": { "nom_estab": "TIENDAS TRES B", "codigo_act": 462112, "latitud": 19.27638739, "longitud": -99.6417756 }, "geometry": { "type": "Point", "coordinates": [ -99.6417756, 19.27638739 ] } },
{ "type": "Feature", "properties": { "nom_estab": "TIENDAS TRES B", "codigo_act": 462112, "latitud": 19.75800037, "longitud": -98.96353314 }, "geometry": { "type": "Point", "coordinates": [ -98.96353314, 19.75800037 ] } },
{ "type": "Feature", "properties": { "nom_estab": "TIENDAS TRES B", "codigo_act": 462112, "latitud": 19.246277, "longitud": -99.53117823 }, "geometry": { "type": "Point", "coordinates": [ -99.53117823, 19.246277 ] } },
{ "type": "Feature", "properties": { "nom_estab": "TIENDAS TRES B", "codigo_act": 462112, "latitud": 19.41771, "longitud": -99.55914475 }, "geometry": { "type": "Point", "coordinates": [ -99.55914475, 19.41771 ] } },
{ "type": "Feature", "properties": { "nom_estab": "TIENDAS TRES B", "codigo_act": 462112, "latitud": 19.82684525, "longitud": -98.90124864000001 }, "geometry": { "type": "Point", "coordinates": [ -98.90124864, 19.82684525 ] } },
{ "type": "Feature", "properties": { "nom_estab": "TIENDAS TRES B", "codigo_act": 462112, "latitud": 19.19109221, "longitud": -99.46518729 }, "geometry": { "type": "Point", "coordinates": [ -99.46518729, 19.19109221 ] } },
{ "type": "Feature", "properties": { "nom_estab": "TIENDAS TRES B", "codigo_act": 462112, "latitud": 19.36068835, "longitud": -98.98137195 }, "geometry": { "type": "Point", "coordinates": [ -98.98137195, 19.36068835 ] } },
{ "type": "Feature", "properties": { "nom_estab": "TIENDAS TRES B", "codigo_act": 462112, "latitud": 19.32949802, "longitud": -98.91134412 }, "geometry": { "type": "Point", "coordinates": [ -98.91134412, 19.32949802 ] } },
{ "type": "Feature", "properties": { "nom_estab": "TIENDAS TRES B", "codigo_act": 462112, "latitud": 19.55016692, "longitud": -99.23560817000001 }, "geometry": { "type": "Point", "coordinates": [ -99.23560817, 19.55016692 ] } },
{ "type": "Feature", "properties": { "nom_estab": "TIENDAS TRES B", "codigo_act": 462112, "latitud": 18.93085267, "longitud": -99.94167959000001 }, "geometry": { "type": "Point", "coordinates": [ -99.94167959, 18.93085267 ] } },
{ "type": "Feature", "properties": { "nom_estab": "TIENDAS TRES B", "codigo_act": 462112, "latitud": 19.53837011, "longitud": -99.39404108 }, "geometry": { "type": "Point", "coordinates": [ -99.39404108, 19.53837011 ] } },
{ "type": "Feature", "properties": { "nom_estab": "TIENDAS TRES B", "codigo_act": 462112, "latitud": 19.81753158, "longitud": -99.91730333 }, "geometry": { "type": "Point", "coordinates": [ -99.91730333, 19.81753158 ] } },
{ "type": "Feature", "properties": { "nom_estab": "TIENDAS TRES B", "codigo_act": 462112, "latitud": 19.37827738, "longitud": -98.99876419 }, "geometry": { "type": "Point", "coordinates": [ -98.99876419, 19.37827738 ] } },
{ "type": "Feature", "properties": { "nom_estab": "TIENDAS TRES B", "codigo_act": 462112, "latitud": 18.9503576, "longitud": -99.49820694 }, "geometry": { "type": "Point", "coordinates": [ -99.49820694, 18.9503576 ] } },
{ "type": "Feature", "properties": { "nom_estab": "TIENDAS TRES B", "codigo_act": 462112, "latitud": 19.45717289, "longitud": -99.24876199000001 }, "geometry": { "type": "Point", "coordinates": [ -99.24876199, 19.45717289 ] } },
{ "type": "Feature", "properties": { "nom_estab": "TIENDAS TRES B", "codigo_act": 462112, "latitud": 19.60974019, "longitud": -99.15352457 }, "geometry": { "type": "Point", "coordinates": [ -99.15352457, 19.60974019 ] } },
{ "type": "Feature", "properties": { "nom_estab": "TIENDAS TRES B", "codigo_act": 462112, "latitud": 19.97689743, "longitud": -99.17506563000001 }, "geometry": { "type": "Point", "coordinates": [ -99.17506563, 19.97689743 ] } },
{ "type": "Feature", "properties": { "nom_estab": "TIENDAS TRES B", "codigo_act": 462112, "latitud": 18.90626804, "longitud": -100.15406202 }, "geometry": { "type": "Point", "coordinates": [ -100.15406202, 18.90626804 ] } },
{ "type": "Feature", "properties": { "nom_estab": "TIENDAS TRES B", "codigo_act": 462112, "latitud": 19.03839306, "longitud": -98.7956001 }, "geometry": { "type": "Point", "coordinates": [ -98.7956001, 19.03839306 ] } },
{ "type": "Feature", "properties": { "nom_estab": "TIENDAS TRES B", "codigo_act": 462112, "latitud": 19.53915452, "longitud": -99.39701304 }, "geometry": { "type": "Point", "coordinates": [ -99.39701304, 19.53915452 ] } },
{ "type": "Feature", "properties": { "nom_estab": "TIENDAS TRES B", "codigo_act": 462112, "latitud": 19.42417252, "longitud": -98.98690432 }, "geometry": { "type": "Point", "coordinates": [ -98.98690432, 19.42417252 ] } },
{ "type": "Feature", "properties": { "nom_estab": "TIENDAS TRES B", "codigo_act": 462112, "latitud": 19.40464305, "longitud": -99.00228614 }, "geometry": { "type": "Point", "coordinates": [ -99.00228614, 19.40464305 ] } },
{ "type": "Feature", "properties": { "nom_estab": "TIENDAS TRES B", "codigo_act": 462112, "latitud": 19.28577122, "longitud": -99.55757889 }, "geometry": { "type": "Point", "coordinates": [ -99.55757889, 19.28577122 ] } },
{ "type": "Feature", "properties": { "nom_estab": "TIENDAS TRES B", "codigo_act": 462112, "latitud": 19.52246364, "longitud": -98.90761183 }, "geometry": { "type": "Point", "coordinates": [ -98.90761183, 19.52246364 ] } },
{ "type": "Feature", "properties": { "nom_estab": "TIENDAS TRES B", "codigo_act": 462112, "latitud": 19.9321608, "longitud": -99.09905185 }, "geometry": { "type": "Point", "coordinates": [ -99.09905185, 19.9321608 ] } },
{ "type": "Feature", "properties": { "nom_estab": "TIENDAS TRES B", "codigo_act": 462112, "latitud": 18.96070435, "longitud": -99.5913669 }, "geometry": { "type": "Point", "coordinates": [ -99.5913669, 18.96070435 ] } },
{ "type": "Feature", "properties": { "nom_estab": "TIENDAS TRES B", "codigo_act": 462112, "latitud": 19.51084409, "longitud": -99.03173496 }, "geometry": { "type": "Point", "coordinates": [ -99.03173496, 19.51084409 ] } },
{ "type": "Feature", "properties": { "nom_estab": "TIENDAS TRES B", "codigo_act": 462112, "latitud": 19.32541688, "longitud": -99.4705394 }, "geometry": { "type": "Point", "coordinates": [ -99.4705394, 19.32541688 ] } },
{ "type": "Feature", "properties": { "nom_estab": "TIENDAS TRES B", "codigo_act": 462112, "latitud": 19.54087287, "longitud": -99.18922376 }, "geometry": { "type": "Point", "coordinates": [ -99.18922376, 19.54087287 ] } },
{ "type": "Feature", "properties": { "nom_estab": "TIENDAS TRES B", "codigo_act": 462112, "latitud": 19.53850519, "longitud": -99.08895163 }, "geometry": { "type": "Point", "coordinates": [ -99.08895163, 19.53850519 ] } },
{ "type": "Feature", "properties": { "nom_estab": "TIENDAS TRES B", "codigo_act": 462112, "latitud": 19.55103074, "longitud": -99.07119509 }, "geometry": { "type": "Point", "coordinates": [ -99.07119509, 19.55103074 ] } },
{ "type": "Feature", "properties": { "nom_estab": "TIENDAS TRES B", "codigo_act": 462112, "latitud": 19.40556479, "longitud": -99.56277558 }, "geometry": { "type": "Point", "coordinates": [ -99.56277558, 19.40556479 ] } },
{ "type": "Feature", "properties": { "nom_estab": "TIENDAS TRES B", "codigo_act": 462112, "latitud": 19.74631516, "longitud": -99.1851582 }, "geometry": { "type": "Point", "coordinates": [ -99.1851582, 19.74631516 ] } },
{ "type": "Feature", "properties": { "nom_estab": "TIENDAS TRES B", "codigo_act": 462112, "latitud": 19.25118534, "longitud": -99.60604169 }, "geometry": { "type": "Point", "coordinates": [ -99.60604169, 19.25118534 ] } },
{ "type": "Feature", "properties": { "nom_estab": "TIENDAS TRES B", "codigo_act": 462112, "latitud": 19.24388109, "longitud": -99.54851201 }, "geometry": { "type": "Point", "coordinates": [ -99.54851201, 19.24388109 ] } },
{ "type": "Feature", "properties": { "nom_estab": "TIENDAS TRES B", "codigo_act": 462112, "latitud": 19.589533, "longitud": -98.98355283 }, "geometry": { "type": "Point", "coordinates": [ -98.98355283, 19.589533 ] } },
{ "type": "Feature", "properties": { "nom_estab": "TIENDAS TRES B", "codigo_act": 462112, "latitud": 19.62309548, "longitud": -99.09488083 }, "geometry": { "type": "Point", "coordinates": [ -99.09488083, 19.62309548 ] } },
{ "type": "Feature", "properties": { "nom_estab": "TIENDAS TRES B", "codigo_act": 462112, "latitud": 19.22717298, "longitud": -99.63237321 }, "geometry": { "type": "Point", "coordinates": [ -99.63237321, 19.22717298 ] } },
{ "type": "Feature", "properties": { "nom_estab": "TIENDAS TRES B", "codigo_act": 462112, "latitud": 19.26914899, "longitud": -98.94238234 }, "geometry": { "type": "Point", "coordinates": [ -98.94238234, 19.26914899 ] } },
{ "type": "Feature", "properties": { "nom_estab": "TIENDAS TRES B", "codigo_act": 462112, "latitud": 19.71647805, "longitud": -99.94750253 }, "geometry": { "type": "Point", "coordinates": [ -99.94750253, 19.71647805 ] } },
{ "type": "Feature", "properties": { "nom_estab": "TIENDAS TRES B", "codigo_act": 462112, "latitud": 19.61750889, "longitud": -99.1994429 }, "geometry": { "type": "Point", "coordinates": [ -99.1994429, 19.61750889 ] } },
{ "type": "Feature", "properties": { "nom_estab": "TIENDAS TRES B", "codigo_act": 462112, "latitud": 19.29463316, "longitud": -99.78517219 }, "geometry": { "type": "Point", "coordinates": [ -99.78517219, 19.29463316 ] } },
{ "type": "Feature", "properties": { "nom_estab": "TIENDAS TRES B", "codigo_act": 462112, "latitud": 19.435336, "longitud": -100.00102695 }, "geometry": { "type": "Point", "coordinates": [ -100.00102695, 19.435336 ] } },
{ "type": "Feature", "properties": { "nom_estab": "TIENDAS TRES B", "codigo_act": 462112, "latitud": 19.21311531, "longitud": -99.6310907 }, "geometry": { "type": "Point", "coordinates": [ -99.6310907, 19.21311531 ] } },
{ "type": "Feature", "properties": { "nom_estab": "TIENDAS TRES B", "codigo_act": 462112, "latitud": 19.54683234, "longitud": -99.07682581 }, "geometry": { "type": "Point", "coordinates": [ -99.07682581, 19.54683234 ] } },
{ "type": "Feature", "properties": { "nom_estab": "TIENDAS TRES B", "codigo_act": 462112, "latitud": 19.43402798, "longitud": -99.26600281 }, "geometry": { "type": "Point", "coordinates": [ -99.26600281, 19.43402798 ] } },
{ "type": "Feature", "properties": { "nom_estab": "TIENDAS TRES B", "codigo_act": 462112, "latitud": 19.19989004, "longitud": -98.79775112 }, "geometry": { "type": "Point", "coordinates": [ -98.79775112, 19.19989004 ] } },
{ "type": "Feature", "properties": { "nom_estab": "TIENDAS TRES B", "codigo_act": 462112, "latitud": 19.66188087, "longitud": -98.99715181000001 }, "geometry": { "type": "Point", "coordinates": [ -98.99715181, 19.66188087 ] } },
{ "type": "Feature", "properties": { "nom_estab": "TIENDAS TRES B", "codigo_act": 462112, "latitud": 19.43680905, "longitud": -99.26176923 }, "geometry": { "type": "Point", "coordinates": [ -99.26176923, 19.43680905 ] } },
{ "type": "Feature", "properties": { "nom_estab": "TIENDAS TRES B", "codigo_act": 462112, "latitud": 19.46034669, "longitud": -99.2430412 }, "geometry": { "type": "Point", "coordinates": [ -99.2430412, 19.46034669 ] } },
{ "type": "Feature", "properties": { "nom_estab": "TIENDAS TRES B", "codigo_act": 462112, "latitud": 19.59066709, "longitud": -99.25584455000001 }, "geometry": { "type": "Point", "coordinates": [ -99.25584455, 19.59066709 ] } },
{ "type": "Feature", "properties": { "nom_estab": "TIENDAS TRES B", "codigo_act": 462112, "latitud": 19.18333408, "longitud": -99.46676798 }, "geometry": { "type": "Point", "coordinates": [ -99.46676798, 19.18333408 ] } },
{ "type": "Feature", "properties": { "nom_estab": "TIENDAS TRES B", "codigo_act": 462112, "latitud": 19.68709968, "longitud": -98.86777352 }, "geometry": { "type": "Point", "coordinates": [ -98.86777352, 19.68709968 ] } },
{ "type": "Feature", "properties": { "nom_estab": "TIENDAS TRES B", "codigo_act": 462112, "latitud": 19.37760723, "longitud": -98.93303477000001 }, "geometry": { "type": "Point", "coordinates": [ -98.93303477, 19.37760723 ] } },
{ "type": "Feature", "properties": { "nom_estab": "TIENDAS TRES B", "codigo_act": 462112, "latitud": 19.41993477, "longitud": -98.88673402000001 }, "geometry": { "type": "Point", "coordinates": [ -98.88673402, 19.41993477 ] } },
{ "type": "Feature", "properties": { "nom_estab": "TIENDAS TRES B", "codigo_act": 462112, "latitud": 19.77785006, "longitud": -99.21800599 }, "geometry": { "type": "Point", "coordinates": [ -99.21800599, 19.77785006 ] } },
{ "type": "Feature", "properties": { "nom_estab": "TIENDAS TRES B", "codigo_act": 462112, "latitud": 19.40566836, "longitud": -99.02466564 }, "geometry": { "type": "Point", "coordinates": [ -99.02466564, 19.40566836 ] } },
{ "type": "Feature", "properties": { "nom_estab": "TIENDAS TRES B", "codigo_act": 462112, "latitud": 19.36751364, "longitud": -98.93394505000001 }, "geometry": { "type": "Point", "coordinates": [ -98.93394505, 19.36751364 ] } },
{ "type": "Feature", "properties": { "nom_estab": "TIENDAS TRES B", "codigo_act": 462112, "latitud": 19.20422944, "longitud": -98.90207683 }, "geometry": { "type": "Point", "coordinates": [ -98.90207683, 19.20422944 ] } },
{ "type": "Feature", "properties": { "nom_estab": "TIENDAS TRES B", "codigo_act": 462112, "latitud": 19.65477839, "longitud": -99.38216723 }, "geometry": { "type": "Point", "coordinates": [ -99.38216723, 19.65477839 ] } },
{ "type": "Feature", "properties": { "nom_estab": "TIENDAS TRES B", "codigo_act": 462112, "latitud": 19.59357746, "longitud": -99.03622575 }, "geometry": { "type": "Point", "coordinates": [ -99.03622575, 19.59357746 ] } },
{ "type": "Feature", "properties": { "nom_estab": "TIENDAS TRES B", "codigo_act": 462112, "latitud": 19.30632169, "longitud": -99.60849194 }, "geometry": { "type": "Point", "coordinates": [ -99.60849194, 19.30632169 ] } },
{ "type": "Feature", "properties": { "nom_estab": "TIENDAS TRES B", "codigo_act": 462112, "latitud": 19.28415628, "longitud": -98.90241159 }, "geometry": { "type": "Point", "coordinates": [ -98.90241159, 19.28415628 ] } },
{ "type": "Feature", "properties": { "nom_estab": "TIENDAS TRES B", "codigo_act": 462112, "latitud": 19.55996087, "longitud": -99.24895398 }, "geometry": { "type": "Point", "coordinates": [ -99.24895398, 19.55996087 ] } },
{ "type": "Feature", "properties": { "nom_estab": "TIENDAS TRES B", "codigo_act": 462112, "latitud": 19.28764255, "longitud": -98.93150898 }, "geometry": { "type": "Point", "coordinates": [ -98.93150898, 19.28764255 ] } },
{ "type": "Feature", "properties": { "nom_estab": "TIENDAS TRES B", "codigo_act": 462112, "latitud": 19.62470259, "longitud": -99.31353986000001 }, "geometry": { "type": "Point", "coordinates": [ -99.31353986, 19.62470259 ] } },
{ "type": "Feature", "properties": { "nom_estab": "TIENDAS TRES B", "codigo_act": 462112, "latitud": 19.38091475, "longitud": -98.90525409 }, "geometry": { "type": "Point", "coordinates": [ -98.90525409, 19.38091475 ] } },
{ "type": "Feature", "properties": { "nom_estab": "TIENDAS TRES B", "codigo_act": 462112, "latitud": 19.30634199, "longitud": -98.90712625 }, "geometry": { "type": "Point", "coordinates": [ -98.90712625, 19.30634199 ] } },
{ "type": "Feature", "properties": { "nom_estab": "TIENDAS TRES B", "codigo_act": 462112, "latitud": 19.61108917, "longitud": -99.06477309 }, "geometry": { "type": "Point", "coordinates": [ -99.06477309, 19.61108917 ] } },
{ "type": "Feature", "properties": { "nom_estab": "TIENDAS TRES B", "codigo_act": 462112, "latitud": 19.20271164, "longitud": -99.56144401 }, "geometry": { "type": "Point", "coordinates": [ -99.56144401, 19.20271164 ] } },
{ "type": "Feature", "properties": { "nom_estab": "TIENDAS TRES B", "codigo_act": 462112, "latitud": 19.19662837, "longitud": -99.4661283 }, "geometry": { "type": "Point", "coordinates": [ -99.4661283, 19.19662837 ] } },
{ "type": "Feature", "properties": { "nom_estab": "TIENDAS TRES B", "codigo_act": 462112, "latitud": 18.95908008, "longitud": -99.59084967 }, "geometry": { "type": "Point", "coordinates": [ -99.59084967, 18.95908008 ] } },
{ "type": "Feature", "properties": { "nom_estab": "TIENDAS TRES B", "codigo_act": 462112, "latitud": 19.52736648, "longitud": -99.12081517 }, "geometry": { "type": "Point", "coordinates": [ -99.12081517, 19.52736648 ] } },
{ "type": "Feature", "properties": { "nom_estab": "TIENDAS TRES B", "codigo_act": 462112, "latitud": 19.51984824, "longitud": -99.04601287 }, "geometry": { "type": "Point", "coordinates": [ -99.04601287, 19.51984824 ] } },
{ "type": "Feature", "properties": { "nom_estab": "TIENDAS TRES B", "codigo_act": 462112, "latitud": 19.55612302, "longitud": -99.60802274 }, "geometry": { "type": "Point", "coordinates": [ -99.60802274, 19.55612302 ] } },
{ "type": "Feature", "properties": { "nom_estab": "TIENDAS TRES B", "codigo_act": 462112, "latitud": 19.30253876, "longitud": -98.9036889 }, "geometry": { "type": "Point", "coordinates": [ -98.9036889, 19.30253876 ] } },
{ "type": "Feature", "properties": { "nom_estab": "TIENDAS TRES B", "codigo_act": 462112, "latitud": 19.33698614, "longitud": -99.69095585 }, "geometry": { "type": "Point", "coordinates": [ -99.69095585, 19.33698614 ] } },
{ "type": "Feature", "properties": { "nom_estab": "TIENDAS TRES B", "codigo_act": 462112, "latitud": 19.62059077, "longitud": -99.31335668 }, "geometry": { "type": "Point", "coordinates": [ -99.31335668, 19.62059077 ] } },
{ "type": "Feature", "properties": { "nom_estab": "TIENDAS TRES B", "codigo_act": 462112, "latitud": 20.01494513, "longitud": -99.52856971 }, "geometry": { "type": "Point", "coordinates": [ -99.52856971, 20.01494513 ] } },
{ "type": "Feature", "properties": { "nom_estab": "TIENDAS TRES B", "codigo_act": 462112, "latitud": 19.35209353, "longitud": -99.65657444 }, "geometry": { "type": "Point", "coordinates": [ -99.65657444, 19.35209353 ] } },
{ "type": "Feature", "properties": { "nom_estab": "TIENDAS TRES B", "codigo_act": 462112, "latitud": 19.70272094, "longitud": -99.14619683 }, "geometry": { "type": "Point", "coordinates": [ -99.14619683, 19.70272094 ] } },
{ "type": "Feature", "properties": { "nom_estab": "TIENDAS TRES B", "codigo_act": 462112, "latitud": 19.84247459, "longitud": -99.24040186000001 }, "geometry": { "type": "Point", "coordinates": [ -99.24040186, 19.84247459 ] } },
{ "type": "Feature", "properties": { "nom_estab": "TIENDAS TRES B", "codigo_act": 462112, "latitud": 19.15897412, "longitud": -99.61791378 }, "geometry": { "type": "Point", "coordinates": [ -99.61791378, 19.15897412 ] } },
{ "type": "Feature", "properties": { "nom_estab": "TIENDAS TRES B", "codigo_act": 462112, "latitud": 19.50190903, "longitud": -99.27303599 }, "geometry": { "type": "Point", "coordinates": [ -99.27303599, 19.50190903 ] } },
{ "type": "Feature", "properties": { "nom_estab": "TIENDAS TRES B", "codigo_act": 462112, "latitud": 19.31749499, "longitud": -99.65786995000001 }, "geometry": { "type": "Point", "coordinates": [ -99.65786995, 19.31749499 ] } },
{ "type": "Feature", "properties": { "nom_estab": "TIENDAS TRES B", "codigo_act": 462112, "latitud": 19.41771871, "longitud": -99.55914628 }, "geometry": { "type": "Point", "coordinates": [ -99.55914628, 19.41771871 ] } },
{ "type": "Feature", "properties": { "nom_estab": "TIENDAS TRES B", "codigo_act": 462112, "latitud": 19.95324952, "longitud": -99.53373502 }, "geometry": { "type": "Point", "coordinates": [ -99.53373502, 19.95324952 ] } },
{ "type": "Feature", "properties": { "nom_estab": "TIENDAS TRES B", "codigo_act": 462112, "latitud": 19.74759894, "longitud": -99.19093624 }, "geometry": { "type": "Point", "coordinates": [ -99.19093624, 19.74759894 ] } },
{ "type": "Feature", "properties": { "nom_estab": "TIENDAS TRES B", "codigo_act": 462112, "latitud": 19.53261061, "longitud": -99.05300647 }, "geometry": { "type": "Point", "coordinates": [ -99.05300647, 19.53261061 ] } },
{ "type": "Feature", "properties": { "nom_estab": "TIENDAS TRES B", "codigo_act": 462112, "latitud": 19.15962892, "longitud": -99.48594752 }, "geometry": { "type": "Point", "coordinates": [ -99.48594752, 19.15962892 ] } },
{ "type": "Feature", "properties": { "nom_estab": "TIENDAS TRES B", "codigo_act": 462112, "latitud": 19.14818251, "longitud": -99.64643513 }, "geometry": { "type": "Point", "coordinates": [ -99.64643513, 19.14818251 ] } },
{ "type": "Feature", "properties": { "nom_estab": "TIENDAS TRES B", "codigo_act": 462112, "latitud": 19.70753946, "longitud": -98.8299133 }, "geometry": { "type": "Point", "coordinates": [ -98.8299133, 19.70753946 ] } },
{ "type": "Feature", "properties": { "nom_estab": "TIENDAS TRES B", "codigo_act": 462111, "latitud": 19.28062168, "longitud": -99.68322168 }, "geometry": { "type": "Point", "coordinates": [ -99.68322168, 19.28062168 ] } },
{ "type": "Feature", "properties": { "nom_estab": "TIENDAS TRES B", "codigo_act": 462112, "latitud": 19.57625816, "longitud": -99.04584741 }, "geometry": { "type": "Point", "coordinates": [ -99.04584741, 19.57625816 ] } },
{ "type": "Feature", "properties": { "nom_estab": "TIENDAS TRES B", "codigo_act": 462112, "latitud": 19.61798304, "longitud": -99.32845053 }, "geometry": { "type": "Point", "coordinates": [ -99.32845053, 19.61798304 ] } },
{ "type": "Feature", "properties": { "nom_estab": "TIENDAS TRES B", "codigo_act": 462112, "latitud": 19.6825316, "longitud": -99.00789728 }, "geometry": { "type": "Point", "coordinates": [ -99.00789728, 19.6825316 ] } },
{ "type": "Feature", "properties": { "nom_estab": "TIENDAS TRES B", "codigo_act": 462112, "latitud": 19.52331493, "longitud": -99.05637926 }, "geometry": { "type": "Point", "coordinates": [ -99.05637926, 19.52331493 ] } },
{ "type": "Feature", "properties": { "nom_estab": "TIENDAS TRES B", "codigo_act": 462112, "latitud": 19.65224398, "longitud": -99.09413462000001 }, "geometry": { "type": "Point", "coordinates": [ -99.09413462, 19.65224398 ] } },
{ "type": "Feature", "properties": { "nom_estab": "TIENDAS TRES B", "codigo_act": 462112, "latitud": 19.5453003, "longitud": -99.16649825 }, "geometry": { "type": "Point", "coordinates": [ -99.16649825, 19.5453003 ] } },
{ "type": "Feature", "properties": { "nom_estab": "TIENDAS TRES B", "codigo_act": 462112, "latitud": 19.32650597, "longitud": -99.46106236 }, "geometry": { "type": "Point", "coordinates": [ -99.46106236, 19.32650597 ] } },
{ "type": "Feature", "properties": { "nom_estab": "TIENDAS TRES B", "codigo_act": 462112, "latitud": 19.41440809, "longitud": -98.94490345 }, "geometry": { "type": "Point", "coordinates": [ -98.94490345, 19.41440809 ] } },
{ "type": "Feature", "properties": { "nom_estab": "TIENDAS TRES B", "codigo_act": 462112, "latitud": 19.55287455, "longitud": -99.06827934 }, "geometry": { "type": "Point", "coordinates": [ -99.06827934, 19.55287455 ] } },
{ "type": "Feature", "properties": { "nom_estab": "TIENDAS TRES B", "codigo_act": 462112, "latitud": 19.54387107, "longitud": -99.22713086 }, "geometry": { "type": "Point", "coordinates": [ -99.22713086, 19.54387107 ] } },
{ "type": "Feature", "properties": { "nom_estab": "TIENDAS TRES B", "codigo_act": 462112, "latitud": 19.64732275, "longitud": -99.0276609 }, "geometry": { "type": "Point", "coordinates": [ -99.0276609, 19.64732275 ] } },
{ "type": "Feature", "properties": { "nom_estab": "TIENDAS TRES B", "codigo_act": 462112, "latitud": 19.27123469, "longitud": -98.94352364 }, "geometry": { "type": "Point", "coordinates": [ -98.94352364, 19.27123469 ] } },
{ "type": "Feature", "properties": { "nom_estab": "TIENDAS TRES B", "codigo_act": 462112, "latitud": 19.30630789, "longitud": -99.60857717 }, "geometry": { "type": "Point", "coordinates": [ -99.60857717, 19.30630789 ] } },
{ "type": "Feature", "properties": { "nom_estab": "TIENDAS TRES B", "codigo_act": 462112, "latitud": 19.35503131, "longitud": -98.97528535 }, "geometry": { "type": "Point", "coordinates": [ -98.97528535, 19.35503131 ] } },
{ "type": "Feature", "properties": { "nom_estab": "TIENDAS TRES B", "codigo_act": 462112, "latitud": 19.39917193, "longitud": -98.92899171000001 }, "geometry": { "type": "Point", "coordinates": [ -98.92899171, 19.39917193 ] } },
{ "type": "Feature", "properties": { "nom_estab": "TIENDAS TRES B", "codigo_act": 462112, "latitud": 19.41630081, "longitud": -98.94156612 }, "geometry": { "type": "Point", "coordinates": [ -98.94156612, 19.41630081 ] } },
{ "type": "Feature", "properties": { "nom_estab": "TIENDAS TRES B", "codigo_act": 462112, "latitud": 19.66727793, "longitud": -98.87007617 }, "geometry": { "type": "Point", "coordinates": [ -98.87007617, 19.66727793 ] } },
{ "type": "Feature", "properties": { "nom_estab": "TIENDAS TRES B", "codigo_act": 462112, "latitud": 19.46309102, "longitud": -98.88120678 }, "geometry": { "type": "Point", "coordinates": [ -98.88120678, 19.46309102 ] } },
{ "type": "Feature", "properties": { "nom_estab": "TIENDAS TRES B", "codigo_act": 462112, "latitud": 19.27612498, "longitud": -98.92622711 }, "geometry": { "type": "Point", "coordinates": [ -98.92622711, 19.27612498 ] } },
{ "type": "Feature", "properties": { "nom_estab": "TIENDAS TRES B", "codigo_act": 462112, "latitud": 19.40866619, "longitud": -98.97511119000001 }, "geometry": { "type": "Point", "coordinates": [ -98.97511119, 19.40866619 ] } },
{ "type": "Feature", "properties": { "nom_estab": "TIENDAS TRES B", "codigo_act": 462112, "latitud": 19.57375832, "longitud": -99.2186946 }, "geometry": { "type": "Point", "coordinates": [ -99.2186946, 19.57375832 ] } },
{ "type": "Feature", "properties": { "nom_estab": "TIENDAS TRES B", "codigo_act": 462112, "latitud": 19.0380923, "longitud": -98.79664856 }, "geometry": { "type": "Point", "coordinates": [ -98.79664856, 19.0380923 ] } },
{ "type": "Feature", "properties": { "nom_estab": "TIENDAS TRES B", "codigo_act": 462112, "latitud": 19.2725627, "longitud": -99.45989086 }, "geometry": { "type": "Point", "coordinates": [ -99.45989086, 19.2725627 ] } },
{ "type": "Feature", "properties": { "nom_estab": "TIENDAS TRES B", "codigo_act": 462112, "latitud": 19.40324967, "longitud": -98.90798384 }, "geometry": { "type": "Point", "coordinates": [ -98.90798384, 19.40324967 ] } },
{ "type": "Feature", "properties": { "nom_estab": "TIENDAS TRES B", "codigo_act": 462112, "latitud": 19.72689974, "longitud": -98.75741341 }, "geometry": { "type": "Point", "coordinates": [ -98.75741341, 19.72689974 ] } },
{ "type": "Feature", "properties": { "nom_estab": "TIENDAS TRES B", "codigo_act": 462112, "latitud": 19.03643667, "longitud": -98.79694536 }, "geometry": { "type": "Point", "coordinates": [ -98.79694536, 19.03643667 ] } },
{ "type": "Feature", "properties": { "nom_estab": "TIENDAS TRES B", "codigo_act": 462112, "latitud": 19.46792975, "longitud": -99.59259182 }, "geometry": { "type": "Point", "coordinates": [ -99.59259182, 19.46792975 ] } },
{ "type": "Feature", "properties": { "nom_estab": "TIENDAS TRES B", "codigo_act": 462112, "latitud": 19.38883706, "longitud": -98.96247537000001 }, "geometry": { "type": "Point", "coordinates": [ -98.96247537, 19.38883706 ] } },
{ "type": "Feature", "properties": { "nom_estab": "TIENDAS TRES B", "codigo_act": 462112, "latitud": 19.40753467, "longitud": -98.99851748 }, "geometry": { "type": "Point", "coordinates": [ -98.99851748, 19.40753467 ] } },
{ "type": "Feature", "properties": { "nom_estab": "TIENDAS TRES B", "codigo_act": 462112, "latitud": 19.56146763, "longitud": -99.20171267000001 }, "geometry": { "type": "Point", "coordinates": [ -99.20171267, 19.56146763 ] } },
{ "type": "Feature", "properties": { "nom_estab": "TIENDAS TRES B", "codigo_act": 462112, "latitud": 19.35007662, "longitud": -98.98059756000001 }, "geometry": { "type": "Point", "coordinates": [ -98.98059756, 19.35007662 ] } },
{ "type": "Feature", "properties": { "nom_estab": "TIENDAS TRES B", "codigo_act": 462112, "latitud": 19.40214315, "longitud": -98.97689055 }, "geometry": { "type": "Point", "coordinates": [ -98.97689055, 19.40214315 ] } },
{ "type": "Feature", "properties": { "nom_estab": "TIENDAS TRES B", "codigo_act": 462112, "latitud": 19.81151358, "longitud": -99.00837312 }, "geometry": { "type": "Point", "coordinates": [ -99.00837312, 19.81151358 ] } },
{ "type": "Feature", "properties": { "nom_estab": "TIENDAS TRES B", "codigo_act": 462112, "latitud": 19.54088002, "longitud": -99.18922331 }, "geometry": { "type": "Point", "coordinates": [ -99.18922331, 19.54088002 ] } },
{ "type": "Feature", "properties": { "nom_estab": "TIENDAS TRES B", "codigo_act": 462112, "latitud": 19.61483701, "longitud": -99.01467921 }, "geometry": { "type": "Point", "coordinates": [ -99.01467921, 19.61483701 ] } },
{ "type": "Feature", "properties": { "nom_estab": "TIENDAS TRES B", "codigo_act": 462112, "latitud": 19.32200839, "longitud": -98.91453631 }, "geometry": { "type": "Point", "coordinates": [ -98.91453631, 19.32200839 ] } },
{ "type": "Feature", "properties": { "nom_estab": "TIENDAS TRES B", "codigo_act": 462112, "latitud": 19.52080222, "longitud": -99.23329262 }, "geometry": { "type": "Point", "coordinates": [ -99.23329262, 19.52080222 ] } },
{ "type": "Feature", "properties": { "nom_estab": "TIENDAS TRES B", "codigo_act": 462112, "latitud": 19.69056783, "longitud": -98.97746558 }, "geometry": { "type": "Point", "coordinates": [ -98.97746558, 19.69056783 ] } },
{ "type": "Feature", "properties": { "nom_estab": "TIENDAS TRES B", "codigo_act": 462112, "latitud": 19.60795638, "longitud": -99.65184788000001 }, "geometry": { "type": "Point", "coordinates": [ -99.65184788, 19.60795638 ] } },
{ "type": "Feature", "properties": { "nom_estab": "TIENDAS TRES B", "codigo_act": 462112, "latitud": 19.43781308, "longitud": -98.93153389 }, "geometry": { "type": "Point", "coordinates": [ -98.93153389, 19.43781308 ] } },
{ "type": "Feature", "properties": { "nom_estab": "TIENDAS TRES B", "codigo_act": 462112, "latitud": 20.09839326, "longitud": -99.82717873 }, "geometry": { "type": "Point", "coordinates": [ -99.82717873, 20.09839326 ] } },
{ "type": "Feature", "properties": { "nom_estab": "TIENDAS TRES B", "codigo_act": 462112, "latitud": 19.4929836, "longitud": -98.901956 }, "geometry": { "type": "Point", "coordinates": [ -98.901956, 19.4929836 ] } },
{ "type": "Feature", "properties": { "nom_estab": "TIENDAS TRES B", "codigo_act": 462112, "latitud": 19.27809935, "longitud": -98.85817898000001 }, "geometry": { "type": "Point", "coordinates": [ -98.85817898, 19.27809935 ] } },
{ "type": "Feature", "properties": { "nom_estab": "TIENDAS TRES B", "codigo_act": 462112, "latitud": 19.31640824, "longitud": -98.89853957 }, "geometry": { "type": "Point", "coordinates": [ -98.89853957, 19.31640824 ] } },
{ "type": "Feature", "properties": { "nom_estab": "TIENDAS TRES B", "codigo_act": 462112, "latitud": 19.43541171, "longitud": -98.94708345 }, "geometry": { "type": "Point", "coordinates": [ -98.94708345, 19.43541171 ] } },
{ "type": "Feature", "properties": { "nom_estab": "TIENDAS TRES B", "codigo_act": 462112, "latitud": 19.54612892, "longitud": -99.2264436 }, "geometry": { "type": "Point", "coordinates": [ -99.2264436, 19.54612892 ] } },
{ "type": "Feature", "properties": { "nom_estab": "TIENDAS TRES B", "codigo_act": 462112, "latitud": 19.60394764, "longitud": -99.05332989 }, "geometry": { "type": "Point", "coordinates": [ -99.05332989, 19.60394764 ] } },
{ "type": "Feature", "properties": { "nom_estab": "TIENDAS TRES B", "codigo_act": 462112, "latitud": 19.563311, "longitud": -98.90642524 }, "geometry": { "type": "Point", "coordinates": [ -98.90642524, 19.563311 ] } },
{ "type": "Feature", "properties": { "nom_estab": "TIENDAS TRES B", "codigo_act": 462112, "latitud": 19.57005667, "longitud": -99.24501215 }, "geometry": { "type": "Point", "coordinates": [ -99.24501215, 19.57005667 ] } },
{ "type": "Feature", "properties": { "nom_estab": "TIENDAS TRES B", "codigo_act": 462112, "latitud": 19.66119422, "longitud": -99.0869866 }, "geometry": { "type": "Point", "coordinates": [ -99.0869866, 19.66119422 ] } },
{ "type": "Feature", "properties": { "nom_estab": "TIENDAS TRES B", "codigo_act": 462112, "latitud": 19.68493404, "longitud": -99.15850198 }, "geometry": { "type": "Point", "coordinates": [ -99.15850198, 19.68493404 ] } },
{ "type": "Feature", "properties": { "nom_estab": "TIENDAS TRES B", "codigo_act": 462112, "latitud": 19.30071223, "longitud": -98.90366434000001 }, "geometry": { "type": "Point", "coordinates": [ -98.90366434, 19.30071223 ] } },
{ "type": "Feature", "properties": { "nom_estab": "TIENDAS TRES B", "codigo_act": 462112, "latitud": 19.37457551, "longitud": -98.97283007 }, "geometry": { "type": "Point", "coordinates": [ -98.97283007, 19.37457551 ] } },
{ "type": "Feature", "properties": { "nom_estab": "TIENDAS TRES B", "codigo_act": 462112, "latitud": 19.80594486, "longitud": -99.03923304 }, "geometry": { "type": "Point", "coordinates": [ -99.03923304, 19.80594486 ] } },
{ "type": "Feature", "properties": { "nom_estab": "TIENDAS TRES B", "codigo_act": 462112, "latitud": 19.66232622, "longitud": -99.11718736 }, "geometry": { "type": "Point", "coordinates": [ -99.11718736, 19.66232622 ] } },
{ "type": "Feature", "properties": { "nom_estab": "TIENDAS TRES B", "codigo_act": 462112, "latitud": 19.27802559, "longitud": -98.9476584 }, "geometry": { "type": "Point", "coordinates": [ -98.9476584, 19.27802559 ] } },
{ "type": "Feature", "properties": { "nom_estab": "TIENDAS TRES B", "codigo_act": 462112, "latitud": 19.10252984, "longitud": -99.59116228000001 }, "geometry": { "type": "Point", "coordinates": [ -99.59116228, 19.10252984 ] } },
{ "type": "Feature", "properties": { "nom_estab": "TIENDAS TRES B", "codigo_act": 462112, "latitud": 19.81183904, "longitud": -98.97943248 }, "geometry": { "type": "Point", "coordinates": [ -98.97943248, 19.81183904 ] } },
{ "type": "Feature", "properties": { "nom_estab": "TIENDAS TRES B", "codigo_act": 462112, "latitud": 19.74425209, "longitud": -99.17767896 }, "geometry": { "type": "Point", "coordinates": [ -99.17767896, 19.74425209 ] } },
{ "type": "Feature", "properties": { "nom_estab": "TIENDAS TRES B", "codigo_act": 462112, "latitud": 19.29079443, "longitud": -98.92125613 }, "geometry": { "type": "Point", "coordinates": [ -98.92125613, 19.29079443 ] } },
{ "type": "Feature", "properties": { "nom_estab": "TIENDAS TRES B", "codigo_act": 462112, "latitud": 19.55752908, "longitud": -99.41757012 }, "geometry": { "type": "Point", "coordinates": [ -99.41757012, 19.55752908 ] } },
{ "type": "Feature", "properties": { "nom_estab": "TIENDAS TRES B", "codigo_act": 462112, "latitud": 19.60248363, "longitud": -99.05755385000001 }, "geometry": { "type": "Point", "coordinates": [ -99.05755385, 19.60248363 ] } },
{ "type": "Feature", "properties": { "nom_estab": "TIENDAS TRES B", "codigo_act": 462112, "latitud": 19.69001507, "longitud": -98.99477063 }, "geometry": { "type": "Point", "coordinates": [ -98.99477063, 19.69001507 ] } },
{ "type": "Feature", "properties": { "nom_estab": "TIENDAS TRES B", "codigo_act": 462112, "latitud": 19.36490101, "longitud": -98.97115947 }, "geometry": { "type": "Point", "coordinates": [ -98.97115947, 19.36490101 ] } },
{ "type": "Feature", "properties": { "nom_estab": "TIENDAS TRES B", "codigo_act": 462112, "latitud": 19.43380348, "longitud": -98.93131718 }, "geometry": { "type": "Point", "coordinates": [ -98.93131718, 19.43380348 ] } },
{ "type": "Feature", "properties": { "nom_estab": "TIENDAS TRES B", "codigo_act": 462112, "latitud": 19.51025917, "longitud": -99.05950729 }, "geometry": { "type": "Point", "coordinates": [ -99.05950729, 19.51025917 ] } },
{ "type": "Feature", "properties": { "nom_estab": "TIENDAS TRES B", "codigo_act": 462112, "latitud": 19.49540185, "longitud": -99.03572952 }, "geometry": { "type": "Point", "coordinates": [ -99.03572952, 19.49540185 ] } },
{ "type": "Feature", "properties": { "nom_estab": "TIENDAS TRES B", "codigo_act": 462112, "latitud": 19.23025173, "longitud": -98.92444211 }, "geometry": { "type": "Point", "coordinates": [ -98.92444211, 19.23025173 ] } },
{ "type": "Feature", "properties": { "nom_estab": "TIENDAS TRES B", "codigo_act": 462112, "latitud": 19.67608004, "longitud": -99.02518793 }, "geometry": { "type": "Point", "coordinates": [ -99.02518793, 19.67608004 ] } },
{ "type": "Feature", "properties": { "nom_estab": "TIENDAS TRES B", "codigo_act": 462112, "latitud": 19.53870374, "longitud": -99.04773809 }, "geometry": { "type": "Point", "coordinates": [ -99.04773809, 19.53870374 ] } },
{ "type": "Feature", "properties": { "nom_estab": "TIENDAS TRES B", "codigo_act": 462112, "latitud": 19.33606153, "longitud": -99.63486109 }, "geometry": { "type": "Point", "coordinates": [ -99.63486109, 19.33606153 ] } },
{ "type": "Feature", "properties": { "nom_estab": "TIENDAS TRES B", "codigo_act": 462112, "latitud": 19.28295456, "longitud": -99.73647543 }, "geometry": { "type": "Point", "coordinates": [ -99.73647543, 19.28295456 ] } },
{ "type": "Feature", "properties": { "nom_estab": "TIENDAS TRES B", "codigo_act": 462112, "latitud": 19.66451526, "longitud": -99.07785845 }, "geometry": { "type": "Point", "coordinates": [ -99.07785845, 19.66451526 ] } },
{ "type": "Feature", "properties": { "nom_estab": "TIENDAS TRES B", "codigo_act": 462112, "latitud": 19.50274873, "longitud": -99.03105341 }, "geometry": { "type": "Point", "coordinates": [ -99.03105341, 19.50274873 ] } },
{ "type": "Feature", "properties": { "nom_estab": "TIENDAS TRES B", "codigo_act": 462112, "latitud": 19.4018851, "longitud": -99.04018174 }, "geometry": { "type": "Point", "coordinates": [ -99.04018174, 19.4018851 ] } },
{ "type": "Feature", "properties": { "nom_estab": "TIENDAS TRES B", "codigo_act": 462112, "latitud": 19.26035224, "longitud": -98.89639661 }, "geometry": { "type": "Point", "coordinates": [ -98.89639661, 19.26035224 ] } },
{ "type": "Feature", "properties": { "nom_estab": "TIENDAS TRES B", "codigo_act": 462112, "latitud": 19.97893624, "longitud": -99.0458301 }, "geometry": { "type": "Point", "coordinates": [ -99.0458301, 19.97893624 ] } },
{ "type": "Feature", "properties": { "nom_estab": "TIENDAS TRES B", "codigo_act": 462112, "latitud": 19.56126745, "longitud": -98.89667833 }, "geometry": { "type": "Point", "coordinates": [ -98.89667833, 19.56126745 ] } },
{ "type": "Feature", "properties": { "nom_estab": "TIENDAS TRES B", "codigo_act": 462112, "latitud": 19.84772783, "longitud": -99.25968494 }, "geometry": { "type": "Point", "coordinates": [ -99.25968494, 19.84772783 ] } },
{ "type": "Feature", "properties": { "nom_estab": "TIENDAS TRES B", "codigo_act": 462112, "latitud": 19.33927893, "longitud": -98.94591458 }, "geometry": { "type": "Point", "coordinates": [ -98.94591458, 19.33927893 ] } },
{ "type": "Feature", "properties": { "nom_estab": "TIENDAS TRES B", "codigo_act": 462112, "latitud": 19.68562747, "longitud": -98.89094689 }, "geometry": { "type": "Point", "coordinates": [ -98.89094689, 19.68562747 ] } },
{ "type": "Feature", "properties": { "nom_estab": "TIENDAS TRES B", "codigo_act": 462112, "latitud": 19.61752635, "longitud": -99.19924529 }, "geometry": { "type": "Point", "coordinates": [ -99.19924529, 19.61752635 ] } },
{ "type": "Feature", "properties": { "nom_estab": "TIENDAS TRES B", "codigo_act": 462112, "latitud": 19.40526152, "longitud": -99.52780152 }, "geometry": { "type": "Point", "coordinates": [ -99.52780152, 19.40526152 ] } },
{ "type": "Feature", "properties": { "nom_estab": "TIENDAS TRES B", "codigo_act": 462112, "latitud": 19.27539919, "longitud": -98.89212964 }, "geometry": { "type": "Point", "coordinates": [ -98.89212964, 19.27539919 ] } },
{ "type": "Feature", "properties": { "nom_estab": "TIENDAS TRES B", "codigo_act": 462112, "latitud": 19.55317858, "longitud": -99.09314881 }, "geometry": { "type": "Point", "coordinates": [ -99.09314881, 19.55317858 ] } },
{ "type": "Feature", "properties": { "nom_estab": "TIENDAS TRES B", "codigo_act": 462112, "latitud": 19.64795506, "longitud": -99.24848856 }, "geometry": { "type": "Point", "coordinates": [ -99.24848856, 19.64795506 ] } },
{ "type": "Feature", "properties": { "nom_estab": "TIENDAS TRES B", "codigo_act": 462112, "latitud": 19.62703978, "longitud": -99.31433832 }, "geometry": { "type": "Point", "coordinates": [ -99.31433832, 19.62703978 ] } },
{ "type": "Feature", "properties": { "nom_estab": "TIENDAS TRES B", "codigo_act": 462112, "latitud": 19.43049078, "longitud": -98.97404955 }, "geometry": { "type": "Point", "coordinates": [ -98.97404955, 19.43049078 ] } },
{ "type": "Feature", "properties": { "nom_estab": "TIENDAS TRES B", "codigo_act": 462112, "latitud": 19.64466882, "longitud": -98.98707582 }, "geometry": { "type": "Point", "coordinates": [ -98.98707582, 19.64466882 ] } },
{ "type": "Feature", "properties": { "nom_estab": "TIENDAS TRES B", "codigo_act": 462112, "latitud": 19.80998178, "longitud": -99.1482058 }, "geometry": { "type": "Point", "coordinates": [ -99.1482058, 19.80998178 ] } },
{ "type": "Feature", "properties": { "nom_estab": "TIENDAS TRES B", "codigo_act": 462112, "latitud": 19.66158144, "longitud": -99.16454708000001 }, "geometry": { "type": "Point", "coordinates": [ -99.16454708, 19.66158144 ] } },
{ "type": "Feature", "properties": { "nom_estab": "TIENDAS TRES B", "codigo_act": 462112, "latitud": 19.77381147, "longitud": -98.98367822 }, "geometry": { "type": "Point", "coordinates": [ -98.98367822, 19.77381147 ] } },
{ "type": "Feature", "properties": { "nom_estab": "TIENDAS TRES B", "codigo_act": 462112, "latitud": 19.65171807, "longitud": -99.07965676000001 }, "geometry": { "type": "Point", "coordinates": [ -99.07965676, 19.65171807 ] } },
{ "type": "Feature", "properties": { "nom_estab": "TIENDAS TRES B", "codigo_act": 462112, "latitud": 19.75304784, "longitud": -99.09226238 }, "geometry": { "type": "Point", "coordinates": [ -99.09226238, 19.75304784 ] } },
{ "type": "Feature", "properties": { "nom_estab": "TIENDAS TRES B", "codigo_act": 462112, "latitud": 19.74292559, "longitud": -98.96978331 }, "geometry": { "type": "Point", "coordinates": [ -98.96978331, 19.74292559 ] } },
{ "type": "Feature", "properties": { "nom_estab": "TIENDAS TRES B", "codigo_act": 462112, "latitud": 19.58625114, "longitud": -99.16746321 }, "geometry": { "type": "Point", "coordinates": [ -99.16746321, 19.58625114 ] } },
{ "type": "Feature", "properties": { "nom_estab": "TIENDAS TRES B", "codigo_act": 462112, "latitud": 19.57897921, "longitud": -99.1935496 }, "geometry": { "type": "Point", "coordinates": [ -99.1935496, 19.57897921 ] } },
{ "type": "Feature", "properties": { "nom_estab": "TIENDAS TRES B", "codigo_act": 462112, "latitud": 19.27803508, "longitud": -98.88682983 }, "geometry": { "type": "Point", "coordinates": [ -98.88682983, 19.27803508 ] } },
{ "type": "Feature", "properties": { "nom_estab": "TIENDAS TRES B", "codigo_act": 462112, "latitud": 19.95326563, "longitud": -99.53854455 }, "geometry": { "type": "Point", "coordinates": [ -99.53854455, 19.95326563 ] } },
{ "type": "Feature", "properties": { "nom_estab": "TIENDAS TRES B", "codigo_act": 462112, "latitud": 19.49598805, "longitud": -99.02735523 }, "geometry": { "type": "Point", "coordinates": [ -99.02735523, 19.49598805 ] } },
{ "type": "Feature", "properties": { "nom_estab": "TIENDAS TRES B", "codigo_act": 462112, "latitud": 19.5967695, "longitud": -99.00417166 }, "geometry": { "type": "Point", "coordinates": [ -99.00417166, 19.5967695 ] } },
{ "type": "Feature", "properties": { "nom_estab": "TIENDAS TRES B", "codigo_act": 462112, "latitud": 19.31901932, "longitud": -98.88613275 }, "geometry": { "type": "Point", "coordinates": [ -98.88613275, 19.31901932 ] } },
{ "type": "Feature", "properties": { "nom_estab": "TIENDAS TRES B", "codigo_act": 462112, "latitud": 18.99001762, "longitud": -99.42068236 }, "geometry": { "type": "Point", "coordinates": [ -99.42068236, 18.99001762 ] } },
{ "type": "Feature", "properties": { "nom_estab": "TIENDAS TRES B", "codigo_act": 462112, "latitud": 19.4494649, "longitud": -99.24746063000001 }, "geometry": { "type": "Point", "coordinates": [ -99.24746063, 19.4494649 ] } },
{ "type": "Feature", "properties": { "nom_estab": "TIENDAS TRES B", "codigo_act": 462112, "latitud": 19.76549685, "longitud": -98.88760037 }, "geometry": { "type": "Point", "coordinates": [ -98.88760037, 19.76549685 ] } },
{ "type": "Feature", "properties": { "nom_estab": "TIENDAS TRES B", "codigo_act": 462112, "latitud": 19.57250534, "longitud": -99.2408454 }, "geometry": { "type": "Point", "coordinates": [ -99.2408454, 19.57250534 ] } },
{ "type": "Feature", "properties": { "nom_estab": "TIENDAS TRES B", "codigo_act": 462112, "latitud": 19.80147849, "longitud": -99.87654946000001 }, "geometry": { "type": "Point", "coordinates": [ -99.87654946, 19.80147849 ] } },
{ "type": "Feature", "properties": { "nom_estab": "TIENDAS TRES B", "codigo_act": 462112, "latitud": 19.54220098, "longitud": -99.06778712000001 }, "geometry": { "type": "Point", "coordinates": [ -99.06778712, 19.54220098 ] } },
{ "type": "Feature", "properties": { "nom_estab": "TIENDAS TRES B", "codigo_act": 462112, "latitud": 19.83369101, "longitud": -99.20646678 }, "geometry": { "type": "Point", "coordinates": [ -99.20646678, 19.83369101 ] } },
{ "type": "Feature", "properties": { "nom_estab": "TIENDAS TRES B", "codigo_act": 462112, "latitud": 19.43407664, "longitud": -99.265936 }, "geometry": { "type": "Point", "coordinates": [ -99.265936, 19.43407664 ] } },
{ "type": "Feature", "properties": { "nom_estab": "TIENDAS TRES B", "codigo_act": 462112, "latitud": 19.62911004, "longitud": -98.99647033 }, "geometry": { "type": "Point", "coordinates": [ -98.99647033, 19.62911004 ] } },
{ "type": "Feature", "properties": { "nom_estab": "TIENDAS TRES B", "codigo_act": 462112, "latitud": 19.83180145, "longitud": -99.20589694 }, "geometry": { "type": "Point", "coordinates": [ -99.20589694, 19.83180145 ] } },
{ "type": "Feature", "properties": { "nom_estab": "TIENDAS TRES B", "codigo_act": 462112, "latitud": 19.63361632, "longitud": -99.21930693 }, "geometry": { "type": "Point", "coordinates": [ -99.21930693, 19.63361632 ] } },
{ "type": "Feature", "properties": { "nom_estab": "TIENDAS TRES B", "codigo_act": 462112, "latitud": 19.30033912, "longitud": -98.92360978000001 }, "geometry": { "type": "Point", "coordinates": [ -98.92360978, 19.30033912 ] } },
{ "type": "Feature", "properties": { "nom_estab": "TIENDAS TRES B", "codigo_act": 462112, "latitud": 19.41601735, "longitud": -98.90930298000001 }, "geometry": { "type": "Point", "coordinates": [ -98.90930298, 19.41601735 ] } },
{ "type": "Feature", "properties": { "nom_estab": "TIENDAS TRES B", "codigo_act": 462112, "latitud": 19.57301327, "longitud": -99.05355956 }, "geometry": { "type": "Point", "coordinates": [ -99.05355956, 19.57301327 ] } },
{ "type": "Feature", "properties": { "nom_estab": "TIENDAS TRES B", "codigo_act": 462112, "latitud": 19.77756797, "longitud": -99.20941519 }, "geometry": { "type": "Point", "coordinates": [ -99.20941519, 19.77756797 ] } },
{ "type": "Feature", "properties": { "nom_estab": "TIENDAS TRES B", "codigo_act": 462112, "latitud": 19.37921407, "longitud": -98.99448119 }, "geometry": { "type": "Point", "coordinates": [ -98.99448119, 19.37921407 ] } },
{ "type": "Feature", "properties": { "nom_estab": "TIENDAS TRES B", "codigo_act": 462112, "latitud": 19.64264385, "longitud": -99.30075844 }, "geometry": { "type": "Point", "coordinates": [ -99.30075844, 19.64264385 ] } },
{ "type": "Feature", "properties": { "nom_estab": "TIENDAS TRES B", "codigo_act": 462112, "latitud": 19.53375583, "longitud": -99.04035876 }, "geometry": { "type": "Point", "coordinates": [ -99.04035876, 19.53375583 ] } },
{ "type": "Feature", "properties": { "nom_estab": "TIENDAS TRES B", "codigo_act": 462112, "latitud": 19.53479081, "longitud": -99.07867237000001 }, "geometry": { "type": "Point", "coordinates": [ -99.07867237, 19.53479081 ] } },
{ "type": "Feature", "properties": { "nom_estab": "TIENDAS TRES B", "codigo_act": 462112, "latitud": 19.3157834, "longitud": -98.88221481 }, "geometry": { "type": "Point", "coordinates": [ -98.88221481, 19.3157834 ] } },
{ "type": "Feature", "properties": { "nom_estab": "TIENDAS TRES B", "codigo_act": 462112, "latitud": 19.41208117, "longitud": -98.93474038 }, "geometry": { "type": "Point", "coordinates": [ -98.93474038, 19.41208117 ] } },
{ "type": "Feature", "properties": { "nom_estab": "TIENDAS TRES B", "codigo_act": 462112, "latitud": 19.70453981, "longitud": -98.83624997 }, "geometry": { "type": "Point", "coordinates": [ -98.83624997, 19.70453981 ] } },
{ "type": "Feature", "properties": { "nom_estab": "TIENDAS TRES B", "codigo_act": 462112, "latitud": 19.60597766, "longitud": -99.23374992 }, "geometry": { "type": "Point", "coordinates": [ -99.23374992, 19.60597766 ] } },
{ "type": "Feature", "properties": { "nom_estab": "TIENDAS TRES B", "codigo_act": 462112, "latitud": 19.37849468, "longitud": -98.96375532 }, "geometry": { "type": "Point", "coordinates": [ -98.96375532, 19.37849468 ] } },
{ "type": "Feature", "properties": { "nom_estab": "TIENDAS TRES B", "codigo_act": 462112, "latitud": 19.41421383, "longitud": -98.90480632000001 }, "geometry": { "type": "Point", "coordinates": [ -98.90480632, 19.41421383 ] } },
{ "type": "Feature", "properties": { "nom_estab": "TIENDAS TRES B", "codigo_act": 462112, "latitud": 19.53378451, "longitud": -99.16020803000001 }, "geometry": { "type": "Point", "coordinates": [ -99.16020803, 19.53378451 ] } },
{ "type": "Feature", "properties": { "nom_estab": "TIENDAS TRES B", "codigo_act": 462112, "latitud": 19.51922832, "longitud": -99.10721229000001 }, "geometry": { "type": "Point", "coordinates": [ -99.10721229, 19.51922832 ] } },
{ "type": "Feature", "properties": { "nom_estab": "TIENDAS TRES B", "codigo_act": 462112, "latitud": 19.55438519, "longitud": -99.17406779 }, "geometry": { "type": "Point", "coordinates": [ -99.17406779, 19.55438519 ] } },
{ "type": "Feature", "properties": { "nom_estab": "TIENDAS TRES B", "codigo_act": 462112, "latitud": 19.83917624, "longitud": -99.22970752000001 }, "geometry": { "type": "Point", "coordinates": [ -99.22970752, 19.83917624 ] } },
{ "type": "Feature", "properties": { "nom_estab": "TIENDAS TRES B", "codigo_act": 462112, "latitud": 19.41996719, "longitud": -98.98364948 }, "geometry": { "type": "Point", "coordinates": [ -98.98364948, 19.41996719 ] } },
{ "type": "Feature", "properties": { "nom_estab": "TIENDAS TRES B", "codigo_act": 462112, "latitud": 19.29816028, "longitud": -99.73453142 }, "geometry": { "type": "Point", "coordinates": [ -99.73453142, 19.29816028 ] } },
{ "type": "Feature", "properties": { "nom_estab": "TIENDAS TRES B", "codigo_act": 462112, "latitud": 19.68530474, "longitud": -99.09302574 }, "geometry": { "type": "Point", "coordinates": [ -99.09302574, 19.68530474 ] } },
{ "type": "Feature", "properties": { "nom_estab": "TIENDAS TRES B", "codigo_act": 462112, "latitud": 19.68374621, "longitud": -99.28648968 }, "geometry": { "type": "Point", "coordinates": [ -99.28648968, 19.68374621 ] } },
{ "type": "Feature", "properties": { "nom_estab": "TIENDAS TRES B", "codigo_act": 462112, "latitud": 19.63241756, "longitud": -99.20591528 }, "geometry": { "type": "Point", "coordinates": [ -99.20591528, 19.63241756 ] } },
{ "type": "Feature", "properties": { "nom_estab": "TIENDAS TRES B", "codigo_act": 462112, "latitud": 19.3405772, "longitud": -99.72909424 }, "geometry": { "type": "Point", "coordinates": [ -99.72909424, 19.3405772 ] } },
{ "type": "Feature", "properties": { "nom_estab": "TIENDAS TRES B", "codigo_act": 462112, "latitud": 19.72450355, "longitud": -99.15387386 }, "geometry": { "type": "Point", "coordinates": [ -99.15387386, 19.72450355 ] } },
{ "type": "Feature", "properties": { "nom_estab": "TIENDAS TRES B", "codigo_act": 462112, "latitud": 19.62615056, "longitud": -99.31172187 }, "geometry": { "type": "Point", "coordinates": [ -99.31172187, 19.62615056 ] } },
{ "type": "Feature", "properties": { "nom_estab": "TIENDAS TRES B", "codigo_act": 462112, "latitud": 19.60535659, "longitud": -99.29217466 }, "geometry": { "type": "Point", "coordinates": [ -99.29217466, 19.60535659 ] } },
{ "type": "Feature", "properties": { "nom_estab": "TIENDAS TRES B", "codigo_act": 462112, "latitud": 19.32529871, "longitud": -99.73345317 }, "geometry": { "type": "Point", "coordinates": [ -99.73345317, 19.32529871 ] } },
{ "type": "Feature", "properties": { "nom_estab": "TIENDAS TRES B", "codigo_act": 462112, "latitud": 19.43633544, "longitud": -98.96638531000001 }, "geometry": { "type": "Point", "coordinates": [ -98.96638531, 19.43633544 ] } },
{ "type": "Feature", "properties": { "nom_estab": "TIENDAS TRES B", "codigo_act": 462112, "latitud": 19.62519537, "longitud": -99.14546917 }, "geometry": { "type": "Point", "coordinates": [ -99.14546917, 19.62519537 ] } },
{ "type": "Feature", "properties": { "nom_estab": "TIENDAS TRES B", "codigo_act": 462112, "latitud": 19.54110349, "longitud": -99.06830718000001 }, "geometry": { "type": "Point", "coordinates": [ -99.06830718, 19.54110349 ] } },
{ "type": "Feature", "properties": { "nom_estab": "TIENDAS TRES B", "codigo_act": 462112, "latitud": 19.29117925, "longitud": -99.82270449000001 }, "geometry": { "type": "Point", "coordinates": [ -99.82270449, 19.29117925 ] } },
{ "type": "Feature", "properties": { "nom_estab": "TIENDAS TRES B", "codigo_act": 462112, "latitud": 19.64468962, "longitud": -98.98712979 }, "geometry": { "type": "Point", "coordinates": [ -98.98712979, 19.64468962 ] } },
{ "type": "Feature", "properties": { "nom_estab": "TIENDAS TRES B", "codigo_act": 462112, "latitud": 19.72213488, "longitud": -99.2268039 }, "geometry": { "type": "Point", "coordinates": [ -99.2268039, 19.72213488 ] } },
{ "type": "Feature", "properties": { "nom_estab": "TIENDAS TRES B", "codigo_act": 462112, "latitud": 19.24821495, "longitud": -99.66388241 }, "geometry": { "type": "Point", "coordinates": [ -99.66388241, 19.24821495 ] } },
{ "type": "Feature", "properties": { "nom_estab": "TIENDAS TRES B", "codigo_act": 462112, "latitud": 19.19661557, "longitud": -100.13204463 }, "geometry": { "type": "Point", "coordinates": [ -100.13204463, 19.19661557 ] } },
{ "type": "Feature", "properties": { "nom_estab": "TIENDAS TRES B", "codigo_act": 462112, "latitud": 19.41759887, "longitud": -98.97764739 }, "geometry": { "type": "Point", "coordinates": [ -98.97764739, 19.41759887 ] } },
{ "type": "Feature", "properties": { "nom_estab": "TIENDAS TRES B", "codigo_act": 462112, "latitud": 19.68519076, "longitud": -98.99006879 }, "geometry": { "type": "Point", "coordinates": [ -98.99006879, 19.68519076 ] } },
{ "type": "Feature", "properties": { "nom_estab": "TIENDAS TRES B", "codigo_act": 462112, "latitud": 19.63646412, "longitud": -98.91241041000001 }, "geometry": { "type": "Point", "coordinates": [ -98.91241041, 19.63646412 ] } },
{ "type": "Feature", "properties": { "nom_estab": "TIENDAS TRES B", "codigo_act": 462112, "latitud": 19.10888175, "longitud": -99.65249364 }, "geometry": { "type": "Point", "coordinates": [ -99.65249364, 19.10888175 ] } },
{ "type": "Feature", "properties": { "nom_estab": "TIENDAS TRES B", "codigo_act": 462112, "latitud": 19.27212821, "longitud": -98.85585269000001 }, "geometry": { "type": "Point", "coordinates": [ -98.85585269, 19.27212821 ] } },
{ "type": "Feature", "properties": { "nom_estab": "TIENDAS TRES B", "codigo_act": 462112, "latitud": 19.68104513, "longitud": -99.76133788 }, "geometry": { "type": "Point", "coordinates": [ -99.76133788, 19.68104513 ] } },
{ "type": "Feature", "properties": { "nom_estab": "TIENDAS TRES B", "codigo_act": 462112, "latitud": 18.86674015, "longitud": -99.8939058 }, "geometry": { "type": "Point", "coordinates": [ -99.8939058, 18.86674015 ] } },
{ "type": "Feature", "properties": { "nom_estab": "TIENDAS TRES B", "codigo_act": 462112, "latitud": 19.35766705, "longitud": -99.65722295 }, "geometry": { "type": "Point", "coordinates": [ -99.65722295, 19.35766705 ] } },
{ "type": "Feature", "properties": { "nom_estab": "TIENDAS TRES B", "codigo_act": 462112, "latitud": 19.44235707, "longitud": -98.94842394 }, "geometry": { "type": "Point", "coordinates": [ -98.94842394, 19.44235707 ] } },
{ "type": "Feature", "properties": { "nom_estab": "TIENDAS TRES B", "codigo_act": 462112, "latitud": 19.29371465, "longitud": -98.94024289 }, "geometry": { "type": "Point", "coordinates": [ -98.94024289, 19.29371465 ] } },
{ "type": "Feature", "properties": { "nom_estab": "TIENDAS TRES B", "codigo_act": 462112, "latitud": 19.47788846, "longitud": -99.0598932 }, "geometry": { "type": "Point", "coordinates": [ -99.0598932, 19.47788846 ] } },
{ "type": "Feature", "properties": { "nom_estab": "TIENDAS TRES B", "codigo_act": 462112, "latitud": 19.78443148, "longitud": -99.66872251 }, "geometry": { "type": "Point", "coordinates": [ -99.66872251, 19.78443148 ] } },
{ "type": "Feature", "properties": { "nom_estab": "TIENDAS TRES B", "codigo_act": 462112, "latitud": 19.26170953, "longitud": -99.61134475 }, "geometry": { "type": "Point", "coordinates": [ -99.61134475, 19.26170953 ] } },
{ "type": "Feature", "properties": { "nom_estab": "TIENDAS TRES B", "codigo_act": 462112, "latitud": 19.28000609, "longitud": -99.6400025 }, "geometry": { "type": "Point", "coordinates": [ -99.6400025, 19.28000609 ] } },
{ "type": "Feature", "properties": { "nom_estab": "TIENDAS TRES B", "codigo_act": 462112, "latitud": 19.21806807, "longitud": -99.66066489000001 }, "geometry": { "type": "Point", "coordinates": [ -99.66066489, 19.21806807 ] } },
{ "type": "Feature", "properties": { "nom_estab": "TIENDAS TRES B", "codigo_act": 462112, "latitud": 19.79781288, "longitud": -99.87427976 }, "geometry": { "type": "Point", "coordinates": [ -99.87427976, 19.79781288 ] } },
{ "type": "Feature", "properties": { "nom_estab": "TIENDAS TRES B", "codigo_act": 462112, "latitud": 19.20831854, "longitud": -99.58386472 }, "geometry": { "type": "Point", "coordinates": [ -99.58386472, 19.20831854 ] } },
{ "type": "Feature", "properties": { "nom_estab": "TIENDAS TRES B", "codigo_act": 462112, "latitud": 19.68513407, "longitud": -99.17508004 }, "geometry": { "type": "Point", "coordinates": [ -99.17508004, 19.68513407 ] } },
{ "type": "Feature", "properties": { "nom_estab": "TIENDAS TRES B", "codigo_act": 462112, "latitud": 19.20837147, "longitud": -98.92995206000001 }, "geometry": { "type": "Point", "coordinates": [ -98.92995206, 19.20837147 ] } },
{ "type": "Feature", "properties": { "nom_estab": "TIENDAS TRES B", "codigo_act": 462112, "latitud": 19.25900528, "longitud": -99.5853142 }, "geometry": { "type": "Point", "coordinates": [ -99.5853142, 19.25900528 ] } },
{ "type": "Feature", "properties": { "nom_estab": "TIENDAS TRES B", "codigo_act": 462112, "latitud": 19.67249106, "longitud": -99.17183435 }, "geometry": { "type": "Point", "coordinates": [ -99.17183435, 19.67249106 ] } },
{ "type": "Feature", "properties": { "nom_estab": "TIENDAS TRES B", "codigo_act": 462112, "latitud": 19.21146371, "longitud": -98.75365417 }, "geometry": { "type": "Point", "coordinates": [ -98.75365417, 19.21146371 ] } },
{ "type": "Feature", "properties": { "nom_estab": "TIENDAS TRES B", "codigo_act": 462112, "latitud": 19.24685243, "longitud": -99.75660871 }, "geometry": { "type": "Point", "coordinates": [ -99.75660871, 19.24685243 ] } },
{ "type": "Feature", "properties": { "nom_estab": "TIENDAS TRES B", "codigo_act": 462112, "latitud": 19.23116245, "longitud": -99.53868791 }, "geometry": { "type": "Point", "coordinates": [ -99.53868791, 19.23116245 ] } },
{ "type": "Feature", "properties": { "nom_estab": "TIENDAS TRES B", "codigo_act": 462112, "latitud": 19.05512221, "longitud": -98.77057134 }, "geometry": { "type": "Point", "coordinates": [ -98.77057134, 19.05512221 ] } },
{ "type": "Feature", "properties": { "nom_estab": "TIENDAS TRES B", "codigo_act": 462112, "latitud": 19.60956738, "longitud": -99.16745243 }, "geometry": { "type": "Point", "coordinates": [ -99.16745243, 19.60956738 ] } },
{ "type": "Feature", "properties": { "nom_estab": "TIENDAS TRES B", "codigo_act": 462112, "latitud": 19.28812726, "longitud": -98.95424955 }, "geometry": { "type": "Point", "coordinates": [ -98.95424955, 19.28812726 ] } },
{ "type": "Feature", "properties": { "nom_estab": "TIENDAS TRES B", "codigo_act": 462112, "latitud": 19.21174018, "longitud": -99.58772556 }, "geometry": { "type": "Point", "coordinates": [ -99.58772556, 19.21174018 ] } },
{ "type": "Feature", "properties": { "nom_estab": "TIENDAS TRES B", "codigo_act": 462112, "latitud": 19.41438924, "longitud": -98.94490289 }, "geometry": { "type": "Point", "coordinates": [ -98.94490289, 19.41438924 ] } },
{ "type": "Feature", "properties": { "nom_estab": "TIENDAS TRES B", "codigo_act": 462112, "latitud": 19.69947851, "longitud": -98.75537704 }, "geometry": { "type": "Point", "coordinates": [ -98.75537704, 19.69947851 ] } },
{ "type": "Feature", "properties": { "nom_estab": "TIENDAS TRES B", "codigo_act": 462112, "latitud": 19.41801696, "longitud": -99.49233355 }, "geometry": { "type": "Point", "coordinates": [ -99.49233355, 19.41801696 ] } },
{ "type": "Feature", "properties": { "nom_estab": "TIENDAS TRES B", "codigo_act": 462112, "latitud": 19.17796799, "longitud": -99.57682592 }, "geometry": { "type": "Point", "coordinates": [ -99.57682592, 19.17796799 ] } },
{ "type": "Feature", "properties": { "nom_estab": "TIENDAS TRES B", "codigo_act": 462112, "latitud": 19.25283024, "longitud": -98.90215078 }, "geometry": { "type": "Point", "coordinates": [ -98.90215078, 19.25283024 ] } },
{ "type": "Feature", "properties": { "nom_estab": "TIENDAS TRES B", "codigo_act": 462112, "latitud": 19.10512972, "longitud": -99.58919252 }, "geometry": { "type": "Point", "coordinates": [ -99.58919252, 19.10512972 ] } },
{ "type": "Feature", "properties": { "nom_estab": "TIENDAS TRES B", "codigo_act": 462112, "latitud": 19.30805352, "longitud": -98.92590517 }, "geometry": { "type": "Point", "coordinates": [ -98.92590517, 19.30805352 ] } },
{ "type": "Feature", "properties": { "nom_estab": "TIENDAS TRES B", "codigo_act": 462112, "latitud": 19.17752913, "longitud": -99.48906015 }, "geometry": { "type": "Point", "coordinates": [ -99.48906015, 19.17752913 ] } },
{ "type": "Feature", "properties": { "nom_estab": "TIENDAS TRES B", "codigo_act": 462112, "latitud": 19.70335565, "longitud": -99.07988898000001 }, "geometry": { "type": "Point", "coordinates": [ -99.07988898, 19.70335565 ] } },
{ "type": "Feature", "properties": { "nom_estab": "TIENDAS TRES B", "codigo_act": 462112, "latitud": 19.97497829, "longitud": -99.6053239 }, "geometry": { "type": "Point", "coordinates": [ -99.6053239, 19.97497829 ] } },
{ "type": "Feature", "properties": { "nom_estab": "TIENDAS TRES B", "codigo_act": 462112, "latitud": 19.40398825, "longitud": -99.52954359 }, "geometry": { "type": "Point", "coordinates": [ -99.52954359, 19.40398825 ] } },
{ "type": "Feature", "properties": { "nom_estab": "TIENDAS TRES B", "codigo_act": 462112, "latitud": 19.180669, "longitud": -99.46891051 }, "geometry": { "type": "Point", "coordinates": [ -99.46891051, 19.180669 ] } },
{ "type": "Feature", "properties": { "nom_estab": "TIENDAS TRES B", "codigo_act": 462112, "latitud": 19.83250312, "longitud": -99.20641772 }, "geometry": { "type": "Point", "coordinates": [ -99.20641772, 19.83250312 ] } },
{ "type": "Feature", "properties": { "nom_estab": "TIENDAS TRES B", "codigo_act": 462112, "latitud": 19.40461784, "longitud": -99.05338031 }, "geometry": { "type": "Point", "coordinates": [ -99.05338031, 19.40461784 ] } },
{ "type": "Feature", "properties": { "nom_estab": "TIENDAS TRES B", "codigo_act": 462112, "latitud": 19.39758636, "longitud": -99.01819276000001 }, "geometry": { "type": "Point", "coordinates": [ -99.01819276, 19.39758636 ] } },
{ "type": "Feature", "properties": { "nom_estab": "TIENDAS TRES B", "codigo_act": 462112, "latitud": 19.26568994, "longitud": -99.51272445 }, "geometry": { "type": "Point", "coordinates": [ -99.51272445, 19.26568994 ] } },
{ "type": "Feature", "properties": { "nom_estab": "TIENDAS TRES B", "codigo_act": 462112, "latitud": 19.39070115, "longitud": -99.00990765 }, "geometry": { "type": "Point", "coordinates": [ -99.00990765, 19.39070115 ] } },
{ "type": "Feature", "properties": { "nom_estab": "TIENDAS TRES B", "codigo_act": 462112, "latitud": 19.59190135, "longitud": -99.22135464 }, "geometry": { "type": "Point", "coordinates": [ -99.22135464, 19.59190135 ] } },
{ "type": "Feature", "properties": { "nom_estab": "TIENDAS TRES B", "codigo_act": 462112, "latitud": 19.28874028, "longitud": -99.51083049 }, "geometry": { "type": "Point", "coordinates": [ -99.51083049, 19.28874028 ] } },
{ "type": "Feature", "properties": { "nom_estab": "TIENDAS TRES B", "codigo_act": 462112, "latitud": 19.46789379, "longitud": -99.5926008 }, "geometry": { "type": "Point", "coordinates": [ -99.5926008, 19.46789379 ] } },
{ "type": "Feature", "properties": { "nom_estab": "TIENDAS TRES B", "codigo_act": 462112, "latitud": 19.28143928, "longitud": -99.62740111 }, "geometry": { "type": "Point", "coordinates": [ -99.62740111, 19.28143928 ] } },
{ "type": "Feature", "properties": { "nom_estab": "TIENDAS TRES B", "codigo_act": 462112, "latitud": 19.59711244, "longitud": -98.99426831 }, "geometry": { "type": "Point", "coordinates": [ -98.99426831, 19.59711244 ] } },
{ "type": "Feature", "properties": { "nom_estab": "TIENDAS TRES B", "codigo_act": 462112, "latitud": 19.80999115, "longitud": -99.14815985 }, "geometry": { "type": "Point", "coordinates": [ -99.14815985, 19.80999115 ] } },
{ "type": "Feature", "properties": { "nom_estab": "TIENDAS TRES B", "codigo_act": 462112, "latitud": 19.41817905, "longitud": -99.55762832000001 }, "geometry": { "type": "Point", "coordinates": [ -99.55762832, 19.41817905 ] } },
{ "type": "Feature", "properties": { "nom_estab": "TIENDAS TRES B", "codigo_act": 462112, "latitud": 20.23114995, "longitud": -99.82103821 }, "geometry": { "type": "Point", "coordinates": [ -99.82103821, 20.23114995 ] } },
{ "type": "Feature", "properties": { "nom_estab": "TIENDAS TRES B", "codigo_act": 462112, "latitud": 19.28463282, "longitud": -99.72966265 }, "geometry": { "type": "Point", "coordinates": [ -99.72966265, 19.28463282 ] } },
{ "type": "Feature", "properties": { "nom_estab": "TIENDAS TRES B", "codigo_act": 462112, "latitud": 19.26606838, "longitud": -99.53201747 }, "geometry": { "type": "Point", "coordinates": [ -99.53201747, 19.26606838 ] } },
{ "type": "Feature", "properties": { "nom_estab": "TIENDAS TRES B", "codigo_act": 462112, "latitud": 19.40136617, "longitud": -99.52912674 }, "geometry": { "type": "Point", "coordinates": [ -99.52912674, 19.40136617 ] } },
{ "type": "Feature", "properties": { "nom_estab": "TIENDAS TRES B", "codigo_act": 462112, "latitud": 19.19110792, "longitud": -99.46518505 }, "geometry": { "type": "Point", "coordinates": [ -99.46518505, 19.19110792 ] } },
{ "type": "Feature", "properties": { "nom_estab": "TIENDAS TRES B", "codigo_act": 462112, "latitud": 19.27553147, "longitud": -98.91115997 }, "geometry": { "type": "Point", "coordinates": [ -98.91115997, 19.27553147 ] } },
{ "type": "Feature", "properties": { "nom_estab": "TIENDAS TRES B", "codigo_act": 462112, "latitud": 19.41100753, "longitud": -99.03497152 }, "geometry": { "type": "Point", "coordinates": [ -99.03497152, 19.41100753 ] } },
{ "type": "Feature", "properties": { "nom_estab": "TIENDAS TRES B", "codigo_act": 462112, "latitud": 19.7684225, "longitud": -99.22385081 }, "geometry": { "type": "Point", "coordinates": [ -99.22385081, 19.7684225 ] } },
{ "type": "Feature", "properties": { "nom_estab": "TIENDAS TRES B", "codigo_act": 462112, "latitud": 18.8667418, "longitud": -99.89389299 }, "geometry": { "type": "Point", "coordinates": [ -99.89389299, 18.8667418 ] } },
{ "type": "Feature", "properties": { "nom_estab": "TIENDAS TRES B", "codigo_act": 462112, "latitud": 19.88512426, "longitud": -99.20918183000001 }, "geometry": { "type": "Point", "coordinates": [ -99.20918183, 19.88512426 ] } },
{ "type": "Feature", "properties": { "nom_estab": "TIENDAS TRES B", "codigo_act": 462112, "latitud": 19.2655169, "longitud": -99.48647823 }, "geometry": { "type": "Point", "coordinates": [ -99.48647823, 19.2655169 ] } },
{ "type": "Feature", "properties": { "nom_estab": "TIENDAS TRES B", "codigo_act": 462112, "latitud": 19.32641021, "longitud": -99.60496626 }, "geometry": { "type": "Point", "coordinates": [ -99.60496626, 19.32641021 ] } },
{ "type": "Feature", "properties": { "nom_estab": "TIENDAS TRES B", "codigo_act": 462112, "latitud": 19.80164249, "longitud": -100.12852922 }, "geometry": { "type": "Point", "coordinates": [ -100.12852922, 19.80164249 ] } },
{ "type": "Feature", "properties": { "nom_estab": "TIENDAS TRES B", "codigo_act": 462112, "latitud": 19.80714666, "longitud": -99.87879379 }, "geometry": { "type": "Point", "coordinates": [ -99.87879379, 19.80714666 ] } },
{ "type": "Feature", "properties": { "nom_estab": "TIENDAS TRES B", "codigo_act": 462112, "latitud": 19.36156513, "longitud": -98.97654664 }, "geometry": { "type": "Point", "coordinates": [ -98.97654664, 19.36156513 ] } },
{ "type": "Feature", "properties": { "nom_estab": "TIENDAS TRES B", "codigo_act": 462112, "latitud": 19.31163407, "longitud": -99.62234976000001 }, "geometry": { "type": "Point", "coordinates": [ -99.62234976, 19.31163407 ] } },
{ "type": "Feature", "properties": { "nom_estab": "TIENDAS TRES B", "codigo_act": 462112, "latitud": 19.26675591, "longitud": -99.52946749 }, "geometry": { "type": "Point", "coordinates": [ -99.52946749, 19.26675591 ] } },
{ "type": "Feature", "properties": { "nom_estab": "TIENDAS TRES B", "codigo_act": 462112, "latitud": 19.83080465, "longitud": -99.2458845 }, "geometry": { "type": "Point", "coordinates": [ -99.2458845, 19.83080465 ] } },
{ "type": "Feature", "properties": { "nom_estab": "TIENDAS TRES B", "codigo_act": 462112, "latitud": 19.18338959, "longitud": -99.45949853 }, "geometry": { "type": "Point", "coordinates": [ -99.45949853, 19.18338959 ] } },
{ "type": "Feature", "properties": { "nom_estab": "TIENDAS TRES B", "codigo_act": 462112, "latitud": 19.19394839, "longitud": -99.58579817 }, "geometry": { "type": "Point", "coordinates": [ -99.58579817, 19.19394839 ] } },
{ "type": "Feature", "properties": { "nom_estab": "TIENDAS TRES B", "codigo_act": 462112, "latitud": 19.2745417, "longitud": -99.54153059 }, "geometry": { "type": "Point", "coordinates": [ -99.54153059, 19.2745417 ] } },
{ "type": "Feature", "properties": { "nom_estab": "TIENDAS TRES B", "codigo_act": 462112, "latitud": 19.218783, "longitud": -98.90827351 }, "geometry": { "type": "Point", "coordinates": [ -98.90827351, 19.218783 ] } },
{ "type": "Feature", "properties": { "nom_estab": "TIENDAS TRES B", "codigo_act": 462112, "latitud": 19.4513067, "longitud": -98.87101398 }, "geometry": { "type": "Point", "coordinates": [ -98.87101398, 19.4513067 ] } },
{ "type": "Feature", "properties": { "nom_estab": "TIENDAS TRES B", "codigo_act": 462112, "latitud": 19.2602976, "longitud": -99.63921391 }, "geometry": { "type": "Point", "coordinates": [ -99.63921391, 19.2602976 ] } },
{ "type": "Feature", "properties": { "nom_estab": "TIENDAS TRES B", "codigo_act": 462112, "latitud": 19.26926244, "longitud": -99.58871904 }, "geometry": { "type": "Point", "coordinates": [ -99.58871904, 19.26926244 ] } },
{ "type": "Feature", "properties": { "nom_estab": "TIENDAS TRES B", "codigo_act": 462112, "latitud": 19.47431862, "longitud": -99.23442171000001 }, "geometry": { "type": "Point", "coordinates": [ -99.23442171, 19.47431862 ] } },
{ "type": "Feature", "properties": { "nom_estab": "TIENDAS TRES B", "codigo_act": 462112, "latitud": 19.71407202, "longitud": -99.95283939 }, "geometry": { "type": "Point", "coordinates": [ -99.95283939, 19.71407202 ] } },
{ "type": "Feature", "properties": { "nom_estab": "TIENDAS TRES B", "codigo_act": 462112, "latitud": 19.5660168, "longitud": -99.76672837 }, "geometry": { "type": "Point", "coordinates": [ -99.76672837, 19.5660168 ] } },
{ "type": "Feature", "properties": { "nom_estab": "TIENDAS TRES B", "codigo_act": 462112, "latitud": 19.37877044, "longitud": -100.14827641 }, "geometry": { "type": "Point", "coordinates": [ -100.14827641, 19.37877044 ] } },
{ "type": "Feature", "properties": { "nom_estab": "TIENDAS TRES B", "codigo_act": 462112, "latitud": 19.36105288, "longitud": -98.969512 }, "geometry": { "type": "Point", "coordinates": [ -98.969512, 19.36105288 ] } },
{ "type": "Feature", "properties": { "nom_estab": "TIENDAS TRES B", "codigo_act": 462112, "latitud": 19.83140284, "longitud": -99.24552598 }, "geometry": { "type": "Point", "coordinates": [ -99.24552598, 19.83140284 ] } },
{ "type": "Feature", "properties": { "nom_estab": "TIENDAS TRES B", "codigo_act": 462112, "latitud": 19.31145584, "longitud": -98.91945549 }, "geometry": { "type": "Point", "coordinates": [ -98.91945549, 19.31145584 ] } },
{ "type": "Feature", "properties": { "nom_estab": "TIENDAS TRES B", "codigo_act": 462112, "latitud": 19.53362509, "longitud": -99.24279112000001 }, "geometry": { "type": "Point", "coordinates": [ -99.24279112, 19.53362509 ] } },
{ "type": "Feature", "properties": { "nom_estab": "TIENDAS TRES B", "codigo_act": 462112, "latitud": 19.67761862, "longitud": -98.99856778 }, "geometry": { "type": "Point", "coordinates": [ -98.99856778, 19.67761862 ] } },
{ "type": "Feature", "properties": { "nom_estab": "TIENDAS TRES B", "codigo_act": 462112, "latitud": 19.71196601, "longitud": -99.78847373000001 }, "geometry": { "type": "Point", "coordinates": [ -99.78847373, 19.71196601 ] } },
{ "type": "Feature", "properties": { "nom_estab": "TIENDAS TRES B", "codigo_act": 462112, "latitud": 19.45393217, "longitud": -98.90323134 }, "geometry": { "type": "Point", "coordinates": [ -98.90323134, 19.45393217 ] } },
{ "type": "Feature", "properties": { "nom_estab": "TIENDAS TRES B", "codigo_act": 462112, "latitud": 19.932163, "longitud": -99.09905445 }, "geometry": { "type": "Point", "coordinates": [ -99.09905445, 19.932163 ] } },
{ "type": "Feature", "properties": { "nom_estab": "TIENDAS TRES B", "codigo_act": 462112, "latitud": 19.61723084, "longitud": -99.05176602 }, "geometry": { "type": "Point", "coordinates": [ -99.05176602, 19.61723084 ] } },
{ "type": "Feature", "properties": { "nom_estab": "TIENDAS TRES B", "codigo_act": 462112, "latitud": 19.42942498, "longitud": -98.98268624000001 }, "geometry": { "type": "Point", "coordinates": [ -98.98268624, 19.42942498 ] } },
{ "type": "Feature", "properties": { "nom_estab": "TIENDAS TRES B", "codigo_act": 462112, "latitud": 19.35330099, "longitud": -99.64372304 }, "geometry": { "type": "Point", "coordinates": [ -99.64372304, 19.35330099 ] } },
{ "type": "Feature", "properties": { "nom_estab": "TIENDAS TRES B", "codigo_act": 462112, "latitud": 19.60539487, "longitud": -99.29201719 }, "geometry": { "type": "Point", "coordinates": [ -99.29201719, 19.60539487 ] } },
{ "type": "Feature", "properties": { "nom_estab": "TIENDAS TRES B", "codigo_act": 462112, "latitud": 19.83989346, "longitud": -99.24231309 }, "geometry": { "type": "Point", "coordinates": [ -99.24231309, 19.83989346 ] } },
{ "type": "Feature", "properties": { "nom_estab": "TIENDAS TRES B", "codigo_act": 462112, "latitud": 19.61630093, "longitud": -99.33181599 }, "geometry": { "type": "Point", "coordinates": [ -99.33181599, 19.61630093 ] } },
{ "type": "Feature", "properties": { "nom_estab": "TIENDAS TRES B", "codigo_act": 462112, "latitud": 19.65789218, "longitud": -98.98280113 }, "geometry": { "type": "Point", "coordinates": [ -98.98280113, 19.65789218 ] } },
{ "type": "Feature", "properties": { "nom_estab": "TIENDAS TRES B", "codigo_act": 462112, "latitud": 19.39353134, "longitud": -99.01369337 }, "geometry": { "type": "Point", "coordinates": [ -99.01369337, 19.39353134 ] } },
{ "type": "Feature", "properties": { "nom_estab": "TIENDAS TRES B", "codigo_act": 462112, "latitud": 19.6518756, "longitud": -99.07966659 }, "geometry": { "type": "Point", "coordinates": [ -99.07966659, 19.6518756 ] } },
{ "type": "Feature", "properties": { "nom_estab": "TIENDAS TRES B", "codigo_act": 462112, "latitud": 19.39251706, "longitud": -98.94611108 }, "geometry": { "type": "Point", "coordinates": [ -98.94611108, 19.39251706 ] } },
{ "type": "Feature", "properties": { "nom_estab": "TIENDAS TRES B", "codigo_act": 462112, "latitud": 19.31859993, "longitud": -98.89257635 }, "geometry": { "type": "Point", "coordinates": [ -98.89257635, 19.31859993 ] } },
{ "type": "Feature", "properties": { "nom_estab": "TIENDAS TRES B", "codigo_act": 462112, "latitud": 19.40753899, "longitud": -98.99852648 }, "geometry": { "type": "Point", "coordinates": [ -98.99852648, 19.40753899 ] } },
{ "type": "Feature", "properties": { "nom_estab": "TIENDAS TRES B", "codigo_act": 462112, "latitud": 19.26833396, "longitud": -99.73991105 }, "geometry": { "type": "Point", "coordinates": [ -99.73991105, 19.26833396 ] } },
{ "type": "Feature", "properties": { "nom_estab": "TIENDAS TRES B", "codigo_act": 462112, "latitud": 19.19885616, "longitud": -99.49939648 }, "geometry": { "type": "Point", "coordinates": [ -99.49939648, 19.19885616 ] } },
{ "type": "Feature", "properties": { "nom_estab": "TIENDAS TRES B", "codigo_act": 462112, "latitud": 18.96177266, "longitud": -99.57741766 }, "geometry": { "type": "Point", "coordinates": [ -99.57741766, 18.96177266 ] } },
{ "type": "Feature", "properties": { "nom_estab": "TIENDAS TRES B", "codigo_act": 462112, "latitud": 19.63140539, "longitud": -99.32673814 }, "geometry": { "type": "Point", "coordinates": [ -99.32673814, 19.63140539 ] } },
{ "type": "Feature", "properties": { "nom_estab": "TIENDAS TRES B", "codigo_act": 462112, "latitud": 19.60641115, "longitud": -99.16088871 }, "geometry": { "type": "Point", "coordinates": [ -99.16088871, 19.60641115 ] } },
{ "type": "Feature", "properties": { "nom_estab": "TIENDAS TRES B", "codigo_act": 462112, "latitud": 19.12676986, "longitud": -98.76775833000001 }, "geometry": { "type": "Point", "coordinates": [ -98.76775833, 19.12676986 ] } },
{ "type": "Feature", "properties": { "nom_estab": "TIENDAS TRES B", "codigo_act": 462112, "latitud": 19.29802812, "longitud": -99.73257954 }, "geometry": { "type": "Point", "coordinates": [ -99.73257954, 19.29802812 ] } },
{ "type": "Feature", "properties": { "nom_estab": "TIENDAS TRES B", "codigo_act": 462112, "latitud": 19.40464423, "longitud": -99.00228857 }, "geometry": { "type": "Point", "coordinates": [ -99.00228857, 19.40464423 ] } },
{ "type": "Feature", "properties": { "nom_estab": "TIENDAS TRES B", "codigo_act": 462112, "latitud": 19.65571883, "longitud": -99.03963008 }, "geometry": { "type": "Point", "coordinates": [ -99.03963008, 19.65571883 ] } },
{ "type": "Feature", "properties": { "nom_estab": "TIENDAS TRES B", "codigo_act": 462112, "latitud": 19.95611447, "longitud": -99.8452468 }, "geometry": { "type": "Point", "coordinates": [ -99.8452468, 19.95611447 ] } },
{ "type": "Feature", "properties": { "nom_estab": "TIENDAS TRES B", "codigo_act": 462112, "latitud": 19.5902041, "longitud": -99.25587892 }, "geometry": { "type": "Point", "coordinates": [ -99.25587892, 19.5902041 ] } },
{ "type": "Feature", "properties": { "nom_estab": "TIENDAS TRES B", "codigo_act": 462112, "latitud": 19.39294435, "longitud": -98.99855732 }, "geometry": { "type": "Point", "coordinates": [ -98.99855732, 19.39294435 ] } },
{ "type": "Feature", "properties": { "nom_estab": "TIENDAS TRES B", "codigo_act": 462112, "latitud": 19.62267027, "longitud": -99.31635379 }, "geometry": { "type": "Point", "coordinates": [ -99.31635379, 19.62267027 ] } },
{ "type": "Feature", "properties": { "nom_estab": "TIENDAS TRES B", "codigo_act": 462112, "latitud": 19.22248261, "longitud": -98.8157989 }, "geometry": { "type": "Point", "coordinates": [ -98.8157989, 19.22248261 ] } },
{ "type": "Feature", "properties": { "nom_estab": "TIENDAS TRES B", "codigo_act": 462112, "latitud": 19.83722039, "longitud": -99.20491996 }, "geometry": { "type": "Point", "coordinates": [ -99.20491996, 19.83722039 ] } },
{ "type": "Feature", "properties": { "nom_estab": "TIENDAS TRES B", "codigo_act": 462112, "latitud": 19.32204796, "longitud": -98.91452913000001 }, "geometry": { "type": "Point", "coordinates": [ -98.91452913, 19.32204796 ] } },
{ "type": "Feature", "properties": { "nom_estab": "TIENDAS TRES B", "codigo_act": 462112, "latitud": 19.68596414, "longitud": -98.86621845000001 }, "geometry": { "type": "Point", "coordinates": [ -98.86621845, 19.68596414 ] } },
{ "type": "Feature", "properties": { "nom_estab": "TIENDAS TRES B", "codigo_act": 462112, "latitud": 19.79957092, "longitud": -99.871868 }, "geometry": { "type": "Point", "coordinates": [ -99.871868, 19.79957092 ] } },
{ "type": "Feature", "properties": { "nom_estab": "TIENDAS TRES B", "codigo_act": 462112, "latitud": 19.97624213, "longitud": -99.17422163000001 }, "geometry": { "type": "Point", "coordinates": [ -99.17422163, 19.97624213 ] } },
{ "type": "Feature", "properties": { "nom_estab": "TIENDAS TRES B", "codigo_act": 462112, "latitud": 19.68002584, "longitud": -99.14377528 }, "geometry": { "type": "Point", "coordinates": [ -99.14377528, 19.68002584 ] } },
{ "type": "Feature", "properties": { "nom_estab": "TIENDAS TRES B", "codigo_act": 462112, "latitud": 19.80186929, "longitud": -100.12852092 }, "geometry": { "type": "Point", "coordinates": [ -100.12852092, 19.80186929 ] } },
{ "type": "Feature", "properties": { "nom_estab": "TIENDAS TRES B", "codigo_act": 462112, "latitud": 19.41356916, "longitud": -99.04733925 }, "geometry": { "type": "Point", "coordinates": [ -99.04733925, 19.41356916 ] } },
{ "type": "Feature", "properties": { "nom_estab": "TIENDAS TRES B", "codigo_act": 462112, "latitud": 19.64207305, "longitud": -99.4140367 }, "geometry": { "type": "Point", "coordinates": [ -99.4140367, 19.64207305 ] } },
{ "type": "Feature", "properties": { "nom_estab": "TIENDAS TRES B", "codigo_act": 462112, "latitud": 19.77708937, "longitud": -99.21414821 }, "geometry": { "type": "Point", "coordinates": [ -99.21414821, 19.77708937 ] } },
{ "type": "Feature", "properties": { "nom_estab": "TIENDAS TRES B", "codigo_act": 462112, "latitud": 19.67902888, "longitud": -99.08742673 }, "geometry": { "type": "Point", "coordinates": [ -99.08742673, 19.67902888 ] } },
{ "type": "Feature", "properties": { "nom_estab": "TIENDAS TRES B", "codigo_act": 462112, "latitud": 19.62550255, "longitud": -99.31346668 }, "geometry": { "type": "Point", "coordinates": [ -99.31346668, 19.62550255 ] } },
{ "type": "Feature", "properties": { "nom_estab": "TIENDAS TRES B", "codigo_act": 462112, "latitud": 19.63622102, "longitud": -98.99219688 }, "geometry": { "type": "Point", "coordinates": [ -98.99219688, 19.63622102 ] } },
{ "type": "Feature", "properties": { "nom_estab": "TIENDAS TRES B", "codigo_act": 462112, "latitud": 19.36504448, "longitud": -98.97111425 }, "geometry": { "type": "Point", "coordinates": [ -98.97111425, 19.36504448 ] } },
{ "type": "Feature", "properties": { "nom_estab": "TIENDAS TRES B", "codigo_act": 462112, "latitud": 19.31259665, "longitud": -99.57581295 }, "geometry": { "type": "Point", "coordinates": [ -99.57581295, 19.31259665 ] } },
{ "type": "Feature", "properties": { "nom_estab": "TIENDAS TRES B", "codigo_act": 462112, "latitud": 19.86975227, "longitud": -99.05780858 }, "geometry": { "type": "Point", "coordinates": [ -99.05780858, 19.86975227 ] } },
{ "type": "Feature", "properties": { "nom_estab": "TIENDAS TRES B", "codigo_act": 462112, "latitud": 19.83242887, "longitud": -99.20346527 }, "geometry": { "type": "Point", "coordinates": [ -99.20346527, 19.83242887 ] } },
{ "type": "Feature", "properties": { "nom_estab": "TIENDAS TRES B", "codigo_act": 462112, "latitud": 19.46645903, "longitud": -99.26663509 }, "geometry": { "type": "Point", "coordinates": [ -99.26663509, 19.46645903 ] } },
{ "type": "Feature", "properties": { "nom_estab": "TIENDAS TRES B", "codigo_act": 462112, "latitud": 19.4164967, "longitud": -98.97299105 }, "geometry": { "type": "Point", "coordinates": [ -98.97299105, 19.4164967 ] } },
{ "type": "Feature", "properties": { "nom_estab": "TIENDAS TRES B", "codigo_act": 462112, "latitud": 19.71565252, "longitud": -99.22411874 }, "geometry": { "type": "Point", "coordinates": [ -99.22411874, 19.71565252 ] } },
{ "type": "Feature", "properties": { "nom_estab": "TIENDAS TRES B", "codigo_act": 462112, "latitud": 19.63113377, "longitud": -99.03020286 }, "geometry": { "type": "Point", "coordinates": [ -99.03020286, 19.63113377 ] } },
{ "type": "Feature", "properties": { "nom_estab": "TIENDAS TRES B", "codigo_act": 462112, "latitud": 19.44164459, "longitud": -99.26444053 }, "geometry": { "type": "Point", "coordinates": [ -99.26444053, 19.44164459 ] } },
{ "type": "Feature", "properties": { "nom_estab": "TIENDAS TRES B", "codigo_act": 462112, "latitud": 19.72797148, "longitud": -99.19774754 }, "geometry": { "type": "Point", "coordinates": [ -99.19774754, 19.72797148 ] } },
{ "type": "Feature", "properties": { "nom_estab": "TIENDAS TRES B", "codigo_act": 462112, "latitud": 19.67340263, "longitud": -99.23383433 }, "geometry": { "type": "Point", "coordinates": [ -99.23383433, 19.67340263 ] } },
{ "type": "Feature", "properties": { "nom_estab": "TIENDAS TRES B", "codigo_act": 462112, "latitud": 19.22574641, "longitud": -99.67192698 }, "geometry": { "type": "Point", "coordinates": [ -99.67192698, 19.22574641 ] } },
{ "type": "Feature", "properties": { "nom_estab": "TIENDAS TRES B", "codigo_act": 462112, "latitud": 19.12987551, "longitud": -98.76690622 }, "geometry": { "type": "Point", "coordinates": [ -98.76690622, 19.12987551 ] } },
{ "type": "Feature", "properties": { "nom_estab": "TIENDAS TRES B", "codigo_act": 462112, "latitud": 19.61798737, "longitud": -98.960844 }, "geometry": { "type": "Point", "coordinates": [ -98.960844, 19.61798737 ] } },
{ "type": "Feature", "properties": { "nom_estab": "TIENDAS TRES B", "codigo_act": 462112, "latitud": 19.71859453, "longitud": -99.22435685000001 }, "geometry": { "type": "Point", "coordinates": [ -99.22435685, 19.71859453 ] } },
{ "type": "Feature", "properties": { "nom_estab": "TIENDAS TRES B", "codigo_act": 462112, "latitud": 19.64455129, "longitud": -99.16708283 }, "geometry": { "type": "Point", "coordinates": [ -99.16708283, 19.64455129 ] } },
{ "type": "Feature", "properties": { "nom_estab": "TIENDAS TRES B", "codigo_act": 462112, "latitud": 19.22242788, "longitud": -98.81578371000001 }, "geometry": { "type": "Point", "coordinates": [ -98.81578371, 19.22242788 ] } },
{ "type": "Feature", "properties": { "nom_estab": "TIENDAS TRES B", "codigo_act": 462112, "latitud": 19.46634131, "longitud": -99.23594601000001 }, "geometry": { "type": "Point", "coordinates": [ -99.23594601, 19.46634131 ] } },
{ "type": "Feature", "properties": { "nom_estab": "TIENDAS TRES B", "codigo_act": 462112, "latitud": 19.67784238, "longitud": -99.21311605 }, "geometry": { "type": "Point", "coordinates": [ -99.21311605, 19.67784238 ] } },
{ "type": "Feature", "properties": { "nom_estab": "TIENDAS TRES B", "codigo_act": 462112, "latitud": 19.58403711, "longitud": -98.94475131 }, "geometry": { "type": "Point", "coordinates": [ -98.94475131, 19.58403711 ] } },
{ "type": "Feature", "properties": { "nom_estab": "TIENDAS TRES B", "codigo_act": 462112, "latitud": 19.60337628, "longitud": -99.22017982 }, "geometry": { "type": "Point", "coordinates": [ -99.22017982, 19.60337628 ] } },
{ "type": "Feature", "properties": { "nom_estab": "TIENDAS TRES B", "codigo_act": 462112, "latitud": 19.70273655, "longitud": -99.1462846 }, "geometry": { "type": "Point", "coordinates": [ -99.1462846, 19.70273655 ] } },
{ "type": "Feature", "properties": { "nom_estab": "TIENDAS TRES B", "codigo_act": 462112, "latitud": 19.35887597, "longitud": -99.80318001000001 }, "geometry": { "type": "Point", "coordinates": [ -99.80318001, 19.35887597 ] } },
{ "type": "Feature", "properties": { "nom_estab": "TIENDAS TRES B", "codigo_act": 462112, "latitud": 19.61336698, "longitud": -99.34859324 }, "geometry": { "type": "Point", "coordinates": [ -99.34859324, 19.61336698 ] } },
{ "type": "Feature", "properties": { "nom_estab": "TIENDAS TRES B", "codigo_act": 462112, "latitud": 19.41392578, "longitud": -98.90073449 }, "geometry": { "type": "Point", "coordinates": [ -98.90073449, 19.41392578 ] } },
{ "type": "Feature", "properties": { "nom_estab": "TIENDAS TRES B", "codigo_act": 462112, "latitud": 19.40002415, "longitud": -99.01009232 }, "geometry": { "type": "Point", "coordinates": [ -99.01009232, 19.40002415 ] } },
{ "type": "Feature", "properties": { "nom_estab": "TIENDAS TRES B", "codigo_act": 462112, "latitud": 19.51029106, "longitud": -99.05949297 }, "geometry": { "type": "Point", "coordinates": [ -99.05949297, 19.51029106 ] } },
{ "type": "Feature", "properties": { "nom_estab": "TIENDAS TRES B", "codigo_act": 462112, "latitud": 19.4683237, "longitud": -99.25140626 }, "geometry": { "type": "Point", "coordinates": [ -99.25140626, 19.4683237 ] } },
{ "type": "Feature", "properties": { "nom_estab": "TIENDAS TRES B", "codigo_act": 462112, "latitud": 19.41691483, "longitud": -98.90433182 }, "geometry": { "type": "Point", "coordinates": [ -98.90433182, 19.41691483 ] } },
{ "type": "Feature", "properties": { "nom_estab": "TIENDAS TRES B", "codigo_act": 462112, "latitud": 19.26533039, "longitud": -99.64847017 }, "geometry": { "type": "Point", "coordinates": [ -99.64847017, 19.26533039 ] } },
{ "type": "Feature", "properties": { "nom_estab": "TIENDAS TRES B", "codigo_act": 462112, "latitud": 19.37423892, "longitud": -100.14867389 }, "geometry": { "type": "Point", "coordinates": [ -100.14867389, 19.37423892 ] } },
{ "type": "Feature", "properties": { "nom_estab": "TIENDAS TRES B", "codigo_act": 462112, "latitud": 19.67826247, "longitud": -99.17921647 }, "geometry": { "type": "Point", "coordinates": [ -99.17921647, 19.67826247 ] } },
{ "type": "Feature", "properties": { "nom_estab": "TIENDAS TRES B", "codigo_act": 462112, "latitud": 19.42995458, "longitud": -98.95100725 }, "geometry": { "type": "Point", "coordinates": [ -98.95100725, 19.42995458 ] } },
{ "type": "Feature", "properties": { "nom_estab": "TIENDAS TRES B ", "codigo_act": 462112, "latitud": 19.33920658, "longitud": -98.94896619 }, "geometry": { "type": "Point", "coordinates": [ -98.94896619, 19.33920658 ] } },
{ "type": "Feature", "properties": { "nom_estab": "TIENDAS TRES B", "codigo_act": 462112, "latitud": 19.10177021, "longitud": -98.8787105 }, "geometry": { "type": "Point", "coordinates": [ -98.8787105, 19.10177021 ] } },
{ "type": "Feature", "properties": { "nom_estab": "TIENDAS TRES B", "codigo_act": 462112, "latitud": 19.30635663, "longitud": -98.91486554 }, "geometry": { "type": "Point", "coordinates": [ -98.91486554, 19.30635663 ] } },
{ "type": "Feature", "properties": { "nom_estab": "TIENDAS TRES B", "codigo_act": 462112, "latitud": 19.39250392, "longitud": -98.94604621000001 }, "geometry": { "type": "Point", "coordinates": [ -98.94604621, 19.39250392 ] } },
{ "type": "Feature", "properties": { "nom_estab": "TIENDAS TRES B", "codigo_act": 462112, "latitud": 19.74288456, "longitud": -98.95403586 }, "geometry": { "type": "Point", "coordinates": [ -98.95403586, 19.74288456 ] } },
{ "type": "Feature", "properties": { "nom_estab": "TIENDAS TRES B", "codigo_act": 462112, "latitud": 19.30856954, "longitud": -100.14298662 }, "geometry": { "type": "Point", "coordinates": [ -100.14298662, 19.30856954 ] } },
{ "type": "Feature", "properties": { "nom_estab": "TIENDAS TRES B", "codigo_act": 462112, "latitud": 19.59308529, "longitud": -98.99712512000001 }, "geometry": { "type": "Point", "coordinates": [ -98.99712512, 19.59308529 ] } },
{ "type": "Feature", "properties": { "nom_estab": "TIENDAS TRES B", "codigo_act": 462112, "latitud": 19.43748239, "longitud": -98.97326737 }, "geometry": { "type": "Point", "coordinates": [ -98.97326737, 19.43748239 ] } },
{ "type": "Feature", "properties": { "nom_estab": "TIENDAS TRES B", "codigo_act": 462112, "latitud": 19.40056192, "longitud": -98.92101316 }, "geometry": { "type": "Point", "coordinates": [ -98.92101316, 19.40056192 ] } },
{ "type": "Feature", "properties": { "nom_estab": "TIENDAS TRES B", "codigo_act": 462112, "latitud": 19.40851364, "longitud": -99.05516243 }, "geometry": { "type": "Point", "coordinates": [ -99.05516243, 19.40851364 ] } },
{ "type": "Feature", "properties": { "nom_estab": "TIENDAS TRES B", "codigo_act": 462112, "latitud": 19.63077446, "longitud": -99.10696184 }, "geometry": { "type": "Point", "coordinates": [ -99.10696184, 19.63077446 ] } },
{ "type": "Feature", "properties": { "nom_estab": "TIENDAS TRES B", "codigo_act": 462112, "latitud": 19.24329661, "longitud": -98.84483862 }, "geometry": { "type": "Point", "coordinates": [ -98.84483862, 19.24329661 ] } },
{ "type": "Feature", "properties": { "nom_estab": "TIENDAS TRES B", "codigo_act": 462112, "latitud": 20.22579197, "longitud": -99.81647424000001 }, "geometry": { "type": "Point", "coordinates": [ -99.81647424, 20.22579197 ] } },
{ "type": "Feature", "properties": { "nom_estab": "TIENDAS TRES B", "codigo_act": 462112, "latitud": 18.97817885, "longitud": -99.41735974 }, "geometry": { "type": "Point", "coordinates": [ -99.41735974, 18.97817885 ] } },
{ "type": "Feature", "properties": { "nom_estab": "TIENDAS TRES B", "codigo_act": 462112, "latitud": 19.56845814, "longitud": -99.21780895000001 }, "geometry": { "type": "Point", "coordinates": [ -99.21780895, 19.56845814 ] } },
{ "type": "Feature", "properties": { "nom_estab": "TIENDAS TRES B", "codigo_act": 462112, "latitud": 19.41676303, "longitud": -98.97284958 }, "geometry": { "type": "Point", "coordinates": [ -98.97284958, 19.41676303 ] } },
{ "type": "Feature", "properties": { "nom_estab": "TIENDAS TRES B", "codigo_act": 462112, "latitud": 19.60477111, "longitud": -99.30901944 }, "geometry": { "type": "Point", "coordinates": [ -99.30901944, 19.60477111 ] } },
{ "type": "Feature", "properties": { "nom_estab": "TIENDAS TRES B", "codigo_act": 462112, "latitud": 19.68422064, "longitud": -98.86736406 }, "geometry": { "type": "Point", "coordinates": [ -98.86736406, 19.68422064 ] } },
{ "type": "Feature", "properties": { "nom_estab": "TIENDAS TRES B", "codigo_act": 462112, "latitud": 19.40928254, "longitud": -99.00207813 }, "geometry": { "type": "Point", "coordinates": [ -99.00207813, 19.40928254 ] } },
{ "type": "Feature", "properties": { "nom_estab": "TIENDAS TRES B", "codigo_act": 462112, "latitud": 19.43779807, "longitud": -98.93153156 }, "geometry": { "type": "Point", "coordinates": [ -98.93153156, 19.43779807 ] } },
{ "type": "Feature", "properties": { "nom_estab": "TIENDAS TRES B", "codigo_act": 462112, "latitud": 19.23646218, "longitud": -99.62186771 }, "geometry": { "type": "Point", "coordinates": [ -99.62186771, 19.23646218 ] } },
{ "type": "Feature", "properties": { "nom_estab": "TIENDAS TRES B", "codigo_act": 462112, "latitud": 19.14793997, "longitud": -99.582068 }, "geometry": { "type": "Point", "coordinates": [ -99.582068, 19.14793997 ] } },
{ "type": "Feature", "properties": { "nom_estab": "TIENDAS TRES B", "codigo_act": 462112, "latitud": 19.38466245, "longitud": -98.84807981 }, "geometry": { "type": "Point", "coordinates": [ -98.84807981, 19.38466245 ] } },
{ "type": "Feature", "properties": { "nom_estab": "TIENDAS TRES B", "codigo_act": 462112, "latitud": 19.40208944, "longitud": -98.97691621 }, "geometry": { "type": "Point", "coordinates": [ -98.97691621, 19.40208944 ] } },
{ "type": "Feature", "properties": { "nom_estab": "TIENDAS TRES B", "codigo_act": 462112, "latitud": 19.78790515, "longitud": -99.20355798 }, "geometry": { "type": "Point", "coordinates": [ -99.20355798, 19.78790515 ] } },
{ "type": "Feature", "properties": { "nom_estab": "TIENDAS TRES B", "codigo_act": 462112, "latitud": 19.32829648, "longitud": -98.94647303000001 }, "geometry": { "type": "Point", "coordinates": [ -98.94647303, 19.32829648 ] } },
{ "type": "Feature", "properties": { "nom_estab": "TIENDAS TRES B", "codigo_act": 462112, "latitud": 19.34258992, "longitud": -99.64324862 }, "geometry": { "type": "Point", "coordinates": [ -99.64324862, 19.34258992 ] } },
{ "type": "Feature", "properties": { "nom_estab": "TIENDAS TRES B", "codigo_act": 462112, "latitud": 19.41760362, "longitud": -98.97765666 }, "geometry": { "type": "Point", "coordinates": [ -98.97765666, 19.41760362 ] } },
{ "type": "Feature", "properties": { "nom_estab": "TIENDAS TRES B", "codigo_act": 462112, "latitud": 19.88407428, "longitud": -99.20325933 }, "geometry": { "type": "Point", "coordinates": [ -99.20325933, 19.88407428 ] } },
{ "type": "Feature", "properties": { "nom_estab": "TIENDAS TRES B", "codigo_act": 462112, "latitud": 19.16527832, "longitud": -99.56891557 }, "geometry": { "type": "Point", "coordinates": [ -99.56891557, 19.16527832 ] } },
{ "type": "Feature", "properties": { "nom_estab": "TIENDAS TRES B", "codigo_act": 462112, "latitud": 19.55082236, "longitud": -98.91428367 }, "geometry": { "type": "Point", "coordinates": [ -98.91428367, 19.55082236 ] } },
{ "type": "Feature", "properties": { "nom_estab": "TIENDAS TRES B", "codigo_act": 462112, "latitud": 19.70196514, "longitud": -99.12005665 }, "geometry": { "type": "Point", "coordinates": [ -99.12005665, 19.70196514 ] } },
{ "type": "Feature", "properties": { "nom_estab": "TIENDAS TRES B", "codigo_act": 462112, "latitud": 19.68094462, "longitud": -98.89943568 }, "geometry": { "type": "Point", "coordinates": [ -98.89943568, 19.68094462 ] } },
{ "type": "Feature", "properties": { "nom_estab": "TIENDAS TRES B", "codigo_act": 462112, "latitud": 19.08475844, "longitud": -98.85222332 }, "geometry": { "type": "Point", "coordinates": [ -98.85222332, 19.08475844 ] } },
{ "type": "Feature", "properties": { "nom_estab": "TIENDAS TRES B", "codigo_act": 462112, "latitud": 19.43636898, "longitud": -98.96644473000001 }, "geometry": { "type": "Point", "coordinates": [ -98.96644473, 19.43636898 ] } },
{ "type": "Feature", "properties": { "nom_estab": "TIENDAS TRES B", "codigo_act": 462112, "latitud": 19.28861657, "longitud": -99.51243415 }, "geometry": { "type": "Point", "coordinates": [ -99.51243415, 19.28861657 ] } },
{ "type": "Feature", "properties": { "nom_estab": "TIENDAS TRES B", "codigo_act": 462112, "latitud": 19.50751569, "longitud": -98.81298415000001 }, "geometry": { "type": "Point", "coordinates": [ -98.81298415, 19.50751569 ] } },
{ "type": "Feature", "properties": { "nom_estab": "TIENDAS TRES B", "codigo_act": 462112, "latitud": 19.80054921, "longitud": -100.13094845000001 }, "geometry": { "type": "Point", "coordinates": [ -100.13094845, 19.80054921 ] } },
{ "type": "Feature", "properties": { "nom_estab": "TIENDAS TRES B", "codigo_act": 462112, "latitud": 19.37749071, "longitud": -98.93309982 }, "geometry": { "type": "Point", "coordinates": [ -98.93309982, 19.37749071 ] } },
{ "type": "Feature", "properties": { "nom_estab": "TIENDAS TRES B", "codigo_act": 462112, "latitud": 19.3084008, "longitud": -100.14302132 }, "geometry": { "type": "Point", "coordinates": [ -100.14302132, 19.3084008 ] } },
{ "type": "Feature", "properties": { "nom_estab": "TIENDAS TRES B", "codigo_act": 462112, "latitud": 19.24484023, "longitud": -98.90674783 }, "geometry": { "type": "Point", "coordinates": [ -98.90674783, 19.24484023 ] } },
{ "type": "Feature", "properties": { "nom_estab": "TIENDAS TRES B", "codigo_act": 462112, "latitud": 19.67996033, "longitud": -99.14358657 }, "geometry": { "type": "Point", "coordinates": [ -99.14358657, 19.67996033 ] } },
{ "type": "Feature", "properties": { "nom_estab": "TIENDAS TRES B", "codigo_act": 462112, "latitud": 19.34095965, "longitud": -98.84712507 }, "geometry": { "type": "Point", "coordinates": [ -98.84712507, 19.34095965 ] } },
{ "type": "Feature", "properties": { "nom_estab": "TIENDAS TRES B", "codigo_act": 462112, "latitud": 20.09970241, "longitud": -99.83040007 }, "geometry": { "type": "Point", "coordinates": [ -99.83040007, 20.09970241 ] } },
{ "type": "Feature", "properties": { "nom_estab": "TIENDAS TRES B", "codigo_act": 462112, "latitud": 19.22708844, "longitud": -99.6323002 }, "geometry": { "type": "Point", "coordinates": [ -99.6323002, 19.22708844 ] } },
{ "type": "Feature", "properties": { "nom_estab": "TIENDAS TRES B", "codigo_act": 462112, "latitud": 19.56747805, "longitud": -99.76613667 }, "geometry": { "type": "Point", "coordinates": [ -99.76613667, 19.56747805 ] } },
{ "type": "Feature", "properties": { "nom_estab": "TIENDAS TRES B", "codigo_act": 462112, "latitud": 19.53632285, "longitud": -99.1199733 }, "geometry": { "type": "Point", "coordinates": [ -99.1199733, 19.53632285 ] } },
{ "type": "Feature", "properties": { "nom_estab": "TIENDAS TRES B", "codigo_act": 462112, "latitud": 19.29339599, "longitud": -99.65291993 }, "geometry": { "type": "Point", "coordinates": [ -99.65291993, 19.29339599 ] } },
{ "type": "Feature", "properties": { "nom_estab": "TIENDAS TRES B", "codigo_act": 462112, "latitud": 19.85963138, "longitud": -99.23188188 }, "geometry": { "type": "Point", "coordinates": [ -99.23188188, 19.85963138 ] } },
{ "type": "Feature", "properties": { "nom_estab": "TIENDAS TRES B", "codigo_act": 462112, "latitud": 19.34961337, "longitud": -98.94914806 }, "geometry": { "type": "Point", "coordinates": [ -98.94914806, 19.34961337 ] } },
{ "type": "Feature", "properties": { "nom_estab": "TIENDAS TRES B", "codigo_act": 462112, "latitud": 19.655596, "longitud": -99.07614769 }, "geometry": { "type": "Point", "coordinates": [ -99.07614769, 19.655596 ] } },
{ "type": "Feature", "properties": { "nom_estab": "TIENDAS TRES B", "codigo_act": 462112, "latitud": 19.29884872, "longitud": -99.59190204 }, "geometry": { "type": "Point", "coordinates": [ -99.59190204, 19.29884872 ] } },
{ "type": "Feature", "properties": { "nom_estab": "TIENDAS TRES B", "codigo_act": 462112, "latitud": 19.66577354, "longitud": -99.18120989000001 }, "geometry": { "type": "Point", "coordinates": [ -99.18120989, 19.66577354 ] } },
{ "type": "Feature", "properties": { "nom_estab": "TIENDAS TRES B", "codigo_act": 462112, "latitud": 19.6617935, "longitud": -100.14940582 }, "geometry": { "type": "Point", "coordinates": [ -100.14940582, 19.6617935 ] } },
{ "type": "Feature", "properties": { "nom_estab": "TIENDAS TRES B", "codigo_act": 462112, "latitud": 20.09977344, "longitud": -99.83043954 }, "geometry": { "type": "Point", "coordinates": [ -99.83043954, 20.09977344 ] } },
{ "type": "Feature", "properties": { "nom_estab": "TIENDAS TRES B", "codigo_act": 462112, "latitud": 19.10349107, "longitud": -99.58635434 }, "geometry": { "type": "Point", "coordinates": [ -99.58635434, 19.10349107 ] } },
{ "type": "Feature", "properties": { "nom_estab": "TIENDAS TRES B", "codigo_act": 462112, "latitud": 18.96000277, "longitud": -99.69811785 }, "geometry": { "type": "Point", "coordinates": [ -99.69811785, 18.96000277 ] } },
{ "type": "Feature", "properties": { "nom_estab": "TIENDAS TRES B", "codigo_act": 462112, "latitud": 19.530913, "longitud": -99.22426522000001 }, "geometry": { "type": "Point", "coordinates": [ -99.22426522, 19.530913 ] } },
{ "type": "Feature", "properties": { "nom_estab": "TIENDAS TRES B", "codigo_act": 462112, "latitud": 19.77398762, "longitud": -98.98176878 }, "geometry": { "type": "Point", "coordinates": [ -98.98176878, 19.77398762 ] } },
{ "type": "Feature", "properties": { "nom_estab": "TIENDAS TRES B", "codigo_act": 462112, "latitud": 19.66668633, "longitud": -99.09082364 }, "geometry": { "type": "Point", "coordinates": [ -99.09082364, 19.66668633 ] } },
{ "type": "Feature", "properties": { "nom_estab": "TIENDAS TRES B", "codigo_act": 462112, "latitud": 19.7691008, "longitud": -99.67716533 }, "geometry": { "type": "Point", "coordinates": [ -99.67716533, 19.7691008 ] } },
{ "type": "Feature", "properties": { "nom_estab": "TIENDAS TRES B", "codigo_act": 462112, "latitud": 19.72909064, "longitud": -99.46406412 }, "geometry": { "type": "Point", "coordinates": [ -99.46406412, 19.72909064 ] } },
{ "type": "Feature", "properties": { "nom_estab": "TIENDAS TRES B", "codigo_act": 462112, "latitud": 19.66377977, "longitud": -99.07319061 }, "geometry": { "type": "Point", "coordinates": [ -99.07319061, 19.66377977 ] } },
{ "type": "Feature", "properties": { "nom_estab": "TIENDAS TRES B", "codigo_act": 462112, "latitud": 19.58823991, "longitud": -99.1752925 }, "geometry": { "type": "Point", "coordinates": [ -99.1752925, 19.58823991 ] } },
{ "type": "Feature", "properties": { "nom_estab": "TIENDAS TRES B", "codigo_act": 462112, "latitud": 19.37191006, "longitud": -98.95663624 }, "geometry": { "type": "Point", "coordinates": [ -98.95663624, 19.37191006 ] } },
{ "type": "Feature", "properties": { "nom_estab": "TIENDAS TRES B", "codigo_act": 462112, "latitud": 20.09825844, "longitud": -99.82910436 }, "geometry": { "type": "Point", "coordinates": [ -99.82910436, 20.09825844 ] } },
{ "type": "Feature", "properties": { "nom_estab": "TIENDAS TRES B", "codigo_act": 462112, "latitud": 19.51262577, "longitud": -98.88602064 }, "geometry": { "type": "Point", "coordinates": [ -98.88602064, 19.51262577 ] } },
{ "type": "Feature", "properties": { "nom_estab": "TIENDAS TRES B", "codigo_act": 462112, "latitud": 19.52277922, "longitud": -99.06795336 }, "geometry": { "type": "Point", "coordinates": [ -99.06795336, 19.52277922 ] } },
{ "type": "Feature", "properties": { "nom_estab": "TIENDAS TRES B", "codigo_act": 462112, "latitud": 19.95327941, "longitud": -99.5320194 }, "geometry": { "type": "Point", "coordinates": [ -99.5320194, 19.95327941 ] } },
{ "type": "Feature", "properties": { "nom_estab": "TIENDAS TRES B", "codigo_act": 462112, "latitud": 19.1120104, "longitud": -99.53446832 }, "geometry": { "type": "Point", "coordinates": [ -99.53446832, 19.1120104 ] } },
{ "type": "Feature", "properties": { "nom_estab": "TIENDAS TRES B", "codigo_act": 462112, "latitud": 19.26585046, "longitud": -99.51283003 }, "geometry": { "type": "Point", "coordinates": [ -99.51283003, 19.26585046 ] } },
{ "type": "Feature", "properties": { "nom_estab": "TIENDAS TRES B", "codigo_act": 462112, "latitud": 19.51168611, "longitud": -99.07913835 }, "geometry": { "type": "Point", "coordinates": [ -99.07913835, 19.51168611 ] } },
{ "type": "Feature", "properties": { "nom_estab": "TIENDAS TRES B", "codigo_act": 462112, "latitud": 19.52742188, "longitud": -99.20733103000001 }, "geometry": { "type": "Point", "coordinates": [ -99.20733103, 19.52742188 ] } },
{ "type": "Feature", "properties": { "nom_estab": "TIENDAS TRES B", "codigo_act": 462112, "latitud": 19.12628467, "longitud": -99.58575301 }, "geometry": { "type": "Point", "coordinates": [ -99.58575301, 19.12628467 ] } },
{ "type": "Feature", "properties": { "nom_estab": "TIENDAS TRES B", "codigo_act": 462112, "latitud": 19.381308, "longitud": -98.95239053 }, "geometry": { "type": "Point", "coordinates": [ -98.95239053, 19.381308 ] } },
{ "type": "Feature", "properties": { "nom_estab": "TIENDAS TRES B", "codigo_act": 462112, "latitud": 19.60061482, "longitud": -98.93287255 }, "geometry": { "type": "Point", "coordinates": [ -98.93287255, 19.60061482 ] } },
{ "type": "Feature", "properties": { "nom_estab": "TIENDAS TRES B", "codigo_act": 462112, "latitud": 19.36939875, "longitud": -98.95194342000001 }, "geometry": { "type": "Point", "coordinates": [ -98.95194342, 19.36939875 ] } },
{ "type": "Feature", "properties": { "nom_estab": "TIENDAS TRES B", "codigo_act": 462112, "latitud": 19.16462932, "longitud": -99.61773702000001 }, "geometry": { "type": "Point", "coordinates": [ -99.61773702, 19.16462932 ] } },
{ "type": "Feature", "properties": { "nom_estab": "TIENDAS TRES B", "codigo_act": 462112, "latitud": 19.36114196, "longitud": -98.96959131 }, "geometry": { "type": "Point", "coordinates": [ -98.96959131, 19.36114196 ] } },
{ "type": "Feature", "properties": { "nom_estab": "TIENDAS TRES B", "codigo_act": 462112, "latitud": 19.6195165, "longitud": -99.21727637 }, "geometry": { "type": "Point", "coordinates": [ -99.21727637, 19.6195165 ] } },
{ "type": "Feature", "properties": { "nom_estab": "TIENDAS TRES B", "codigo_act": 462112, "latitud": 19.63397941, "longitud": -99.06746935 }, "geometry": { "type": "Point", "coordinates": [ -99.06746935, 19.63397941 ] } },
{ "type": "Feature", "properties": { "nom_estab": "TIENDAS TRES B", "codigo_act": 462112, "latitud": 19.27673531, "longitud": -99.77097282 }, "geometry": { "type": "Point", "coordinates": [ -99.77097282, 19.27673531 ] } },
{ "type": "Feature", "properties": { "nom_estab": "TIENDAS TRES B", "codigo_act": 462112, "latitud": 19.26031437, "longitud": -99.63937206 }, "geometry": { "type": "Point", "coordinates": [ -99.63937206, 19.26031437 ] } },
{ "type": "Feature", "properties": { "nom_estab": "TIENDAS TRES B", "codigo_act": 462112, "latitud": 19.53839782, "longitud": -99.04772048 }, "geometry": { "type": "Point", "coordinates": [ -99.04772048, 19.53839782 ] } },
{ "type": "Feature", "properties": { "nom_estab": "TIENDAS TRES B", "codigo_act": 462112, "latitud": 19.75311384, "longitud": -99.19238118 }, "geometry": { "type": "Point", "coordinates": [ -99.19238118, 19.75311384 ] } },
{ "type": "Feature", "properties": { "nom_estab": "TIENDAS TRES B", "codigo_act": 462112, "latitud": 19.41788541, "longitud": -99.55917624 }, "geometry": { "type": "Point", "coordinates": [ -99.55917624, 19.41788541 ] } },
{ "type": "Feature", "properties": { "nom_estab": "TIENDAS TRES B", "codigo_act": 462112, "latitud": 19.71343272, "longitud": -98.97233173 }, "geometry": { "type": "Point", "coordinates": [ -98.97233173, 19.71343272 ] } },
{ "type": "Feature", "properties": { "nom_estab": "TIENDAS TRES B", "codigo_act": 462112, "latitud": 19.27862471, "longitud": -98.90017438 }, "geometry": { "type": "Point", "coordinates": [ -98.90017438, 19.27862471 ] } },
{ "type": "Feature", "properties": { "nom_estab": "TIENDAS TRES B", "codigo_act": 462112, "latitud": 19.68421539, "longitud": -99.12682365000001 }, "geometry": { "type": "Point", "coordinates": [ -99.12682365, 19.68421539 ] } },
{ "type": "Feature", "properties": { "nom_estab": "TIENDAS TRES B", "codigo_act": 462112, "latitud": 19.29344469, "longitud": -99.77078585 }, "geometry": { "type": "Point", "coordinates": [ -99.77078585, 19.29344469 ] } },
{ "type": "Feature", "properties": { "nom_estab": "TIENDAS TRES B", "codigo_act": 462112, "latitud": 19.70167701, "longitud": -98.75682773 }, "geometry": { "type": "Point", "coordinates": [ -98.75682773, 19.70167701 ] } },
{ "type": "Feature", "properties": { "nom_estab": "TIENDAS TRES B", "codigo_act": 462112, "latitud": 19.63802127, "longitud": -99.13231783000001 }, "geometry": { "type": "Point", "coordinates": [ -99.13231783, 19.63802127 ] } },
{ "type": "Feature", "properties": { "nom_estab": "TIENDAS TRES B", "codigo_act": 462112, "latitud": 19.69936876, "longitud": -98.75788145 }, "geometry": { "type": "Point", "coordinates": [ -98.75788145, 19.69936876 ] } },
{ "type": "Feature", "properties": { "nom_estab": "TIENDAS TRES B", "codigo_act": 462112, "latitud": 19.37077433, "longitud": -99.75815959000001 }, "geometry": { "type": "Point", "coordinates": [ -99.75815959, 19.37077433 ] } },
{ "type": "Feature", "properties": { "nom_estab": "TIENDAS TRES B", "codigo_act": 462112, "latitud": 19.56010316, "longitud": -99.08325014 }, "geometry": { "type": "Point", "coordinates": [ -99.08325014, 19.56010316 ] } },
{ "type": "Feature", "properties": { "nom_estab": "TIENDAS TRES B", "codigo_act": 462112, "latitud": 19.63639777, "longitud": -98.99215215 }, "geometry": { "type": "Point", "coordinates": [ -98.99215215, 19.63639777 ] } },
{ "type": "Feature", "properties": { "nom_estab": "TIENDAS TRES B", "codigo_act": 462112, "latitud": 19.59464536, "longitud": -99.02989157 }, "geometry": { "type": "Point", "coordinates": [ -99.02989157, 19.59464536 ] } },
{ "type": "Feature", "properties": { "nom_estab": "TIENDAS TRES B", "codigo_act": 462112, "latitud": 19.44158156, "longitud": -98.95864472 }, "geometry": { "type": "Point", "coordinates": [ -98.95864472, 19.44158156 ] } },
{ "type": "Feature", "properties": { "nom_estab": "TIENDAS TRES B", "codigo_act": 462112, "latitud": 19.59845426, "longitud": -99.02563169 }, "geometry": { "type": "Point", "coordinates": [ -99.02563169, 19.59845426 ] } },
{ "type": "Feature", "properties": { "nom_estab": "TIENDAS TRES B", "codigo_act": 462112, "latitud": 19.66017302, "longitud": -99.07173529000001 }, "geometry": { "type": "Point", "coordinates": [ -99.07173529, 19.66017302 ] } },
{ "type": "Feature", "properties": { "nom_estab": "TIENDAS TRES B", "codigo_act": 462112, "latitud": 19.53475976, "longitud": -99.07869103 }, "geometry": { "type": "Point", "coordinates": [ -99.07869103, 19.53475976 ] } },
{ "type": "Feature", "properties": { "nom_estab": "TIENDAS TRES B", "codigo_act": 462112, "latitud": 19.5893455, "longitud": -98.90840093 }, "geometry": { "type": "Point", "coordinates": [ -98.90840093, 19.5893455 ] } },
{ "type": "Feature", "properties": { "nom_estab": "TIENDAS TRES B", "codigo_act": 462112, "latitud": 19.54963613, "longitud": -99.04637936 }, "geometry": { "type": "Point", "coordinates": [ -99.04637936, 19.54963613 ] } },
{ "type": "Feature", "properties": { "nom_estab": "TIENDAS TRES B", "codigo_act": 462112, "latitud": 19.62735755, "longitud": -99.10316548 }, "geometry": { "type": "Point", "coordinates": [ -99.10316548, 19.62735755 ] } },
{ "type": "Feature", "properties": { "nom_estab": "TIENDAS TRES B", "codigo_act": 462112, "latitud": 19.55062753, "longitud": -99.03648471 }, "geometry": { "type": "Point", "coordinates": [ -99.03648471, 19.55062753 ] } },
{ "type": "Feature", "properties": { "nom_estab": "TIENDAS TRES B", "codigo_act": 462112, "latitud": 19.62501311, "longitud": -99.0047045 }, "geometry": { "type": "Point", "coordinates": [ -99.0047045, 19.62501311 ] } },
{ "type": "Feature", "properties": { "nom_estab": "TIENDAS TRES B", "codigo_act": 462112, "latitud": 19.32615083, "longitud": -98.88745192 }, "geometry": { "type": "Point", "coordinates": [ -98.88745192, 19.32615083 ] } },
{ "type": "Feature", "properties": { "nom_estab": "TIENDAS TRES B", "codigo_act": 462112, "latitud": 19.44572542, "longitud": -98.96364362 }, "geometry": { "type": "Point", "coordinates": [ -98.96364362, 19.44572542 ] } },
{ "type": "Feature", "properties": { "nom_estab": "TIENDAS TRES B", "codigo_act": 462112, "latitud": 19.29952975, "longitud": -98.90553834000001 }, "geometry": { "type": "Point", "coordinates": [ -98.90553834, 19.29952975 ] } },
{ "type": "Feature", "properties": { "nom_estab": "TIENDAS TRES B", "codigo_act": 462112, "latitud": 19.26257388, "longitud": -98.83954597 }, "geometry": { "type": "Point", "coordinates": [ -98.83954597, 19.26257388 ] } },
{ "type": "Feature", "properties": { "nom_estab": "TIENDAS TRES B", "codigo_act": 462112, "latitud": 19.20709501, "longitud": -98.95901532000001 }, "geometry": { "type": "Point", "coordinates": [ -98.95901532, 19.20709501 ] } },
{ "type": "Feature", "properties": { "nom_estab": "TIENDAS TRES B", "codigo_act": 462112, "latitud": 19.31157448, "longitud": -98.85016312 }, "geometry": { "type": "Point", "coordinates": [ -98.85016312, 19.31157448 ] } },
{ "type": "Feature", "properties": { "nom_estab": "TIENDAS TRES B", "codigo_act": 462112, "latitud": 19.56856537, "longitud": -99.2533292 }, "geometry": { "type": "Point", "coordinates": [ -99.2533292, 19.56856537 ] } },
{ "type": "Feature", "properties": { "nom_estab": "TIENDAS TRES B", "codigo_act": 462112, "latitud": 19.30584171, "longitud": -98.86256163 }, "geometry": { "type": "Point", "coordinates": [ -98.86256163, 19.30584171 ] } },
{ "type": "Feature", "properties": { "nom_estab": "TIENDAS TRES B", "codigo_act": 462112, "latitud": 19.24793509, "longitud": -99.72669436 }, "geometry": { "type": "Point", "coordinates": [ -99.72669436, 19.24793509 ] } },
{ "type": "Feature", "properties": { "nom_estab": "TIENDAS TRES B", "codigo_act": 462112, "latitud": 19.4704662, "longitud": -99.21486187 }, "geometry": { "type": "Point", "coordinates": [ -99.21486187, 19.4704662 ] } },
{ "type": "Feature", "properties": { "nom_estab": "TIENDAS TRES B", "codigo_act": 462112, "latitud": 19.56856335, "longitud": -99.02260019000001 }, "geometry": { "type": "Point", "coordinates": [ -99.02260019, 19.56856335 ] } },
{ "type": "Feature", "properties": { "nom_estab": "TIENDAS TRES B", "codigo_act": 462112, "latitud": 19.2616814, "longitud": -98.89386144 }, "geometry": { "type": "Point", "coordinates": [ -98.89386144, 19.2616814 ] } },
{ "type": "Feature", "properties": { "nom_estab": "TIENDAS TRES B", "codigo_act": 462112, "latitud": 19.45798687, "longitud": -99.2627472 }, "geometry": { "type": "Point", "coordinates": [ -99.2627472, 19.45798687 ] } },
{ "type": "Feature", "properties": { "nom_estab": "TIENDAS TRES B", "codigo_act": 462112, "latitud": 19.41607496, "longitud": -99.01618549 }, "geometry": { "type": "Point", "coordinates": [ -99.01618549, 19.41607496 ] } },
{ "type": "Feature", "properties": { "nom_estab": "TIENDAS TRES B", "codigo_act": 462112, "latitud": 19.31494637, "longitud": -98.92965901 }, "geometry": { "type": "Point", "coordinates": [ -98.92965901, 19.31494637 ] } },
{ "type": "Feature", "properties": { "nom_estab": "TIENDAS TRES B", "codigo_act": 462112, "latitud": 19.4329353, "longitud": -98.93647728000001 }, "geometry": { "type": "Point", "coordinates": [ -98.93647728, 19.4329353 ] } },
{ "type": "Feature", "properties": { "nom_estab": "TIENDAS TRES B", "codigo_act": 462112, "latitud": 19.59686999, "longitud": -99.00410575 }, "geometry": { "type": "Point", "coordinates": [ -99.00410575, 19.59686999 ] } },
{ "type": "Feature", "properties": { "nom_estab": "TIENDAS TRES B", "codigo_act": 462112, "latitud": 19.43166691, "longitud": -99.24685435000001 }, "geometry": { "type": "Point", "coordinates": [ -99.24685435, 19.43166691 ] } },
{ "type": "Feature", "properties": { "nom_estab": "TIENDAS TRES B", "codigo_act": 462112, "latitud": 19.42942659, "longitud": -98.98268813 }, "geometry": { "type": "Point", "coordinates": [ -98.98268813, 19.42942659 ] } },
{ "type": "Feature", "properties": { "nom_estab": "TIENDAS TRES B", "codigo_act": 462112, "latitud": 19.34570813, "longitud": -98.8534209 }, "geometry": { "type": "Point", "coordinates": [ -98.8534209, 19.34570813 ] } },
{ "type": "Feature", "properties": { "nom_estab": "TIENDAS TRES B", "codigo_act": 462112, "latitud": 19.71102438, "longitud": -99.94986166 }, "geometry": { "type": "Point", "coordinates": [ -99.94986166, 19.71102438 ] } },
{ "type": "Feature", "properties": { "nom_estab": "TIENDAS TRES B", "codigo_act": 462112, "latitud": 19.25665409, "longitud": -98.81838015 }, "geometry": { "type": "Point", "coordinates": [ -98.81838015, 19.25665409 ] } },
{ "type": "Feature", "properties": { "nom_estab": "TIENDAS TRES B", "codigo_act": 462112, "latitud": 19.68755448, "longitud": -99.2517401 }, "geometry": { "type": "Point", "coordinates": [ -99.2517401, 19.68755448 ] } },
{ "type": "Feature", "properties": { "nom_estab": "TIENDAS TRES B", "codigo_act": 462112, "latitud": 19.41690182, "longitud": -98.90423213 }, "geometry": { "type": "Point", "coordinates": [ -98.90423213, 19.41690182 ] } },
{ "type": "Feature", "properties": { "nom_estab": "TIENDAS TRES B", "codigo_act": 462112, "latitud": 19.79782031, "longitud": -99.87431301 }, "geometry": { "type": "Point", "coordinates": [ -99.87431301, 19.79782031 ] } },
{ "type": "Feature", "properties": { "nom_estab": "TIENDAS TRES B", "codigo_act": 462112, "latitud": 19.05053589, "longitud": -99.5326518 }, "geometry": { "type": "Point", "coordinates": [ -99.5326518, 19.05053589 ] } },
{ "type": "Feature", "properties": { "nom_estab": "TIENDAS TRES B", "codigo_act": 462112, "latitud": 18.96185204, "longitud": -99.59421663000001 }, "geometry": { "type": "Point", "coordinates": [ -99.59421663, 18.96185204 ] } },
{ "type": "Feature", "properties": { "nom_estab": "TIENDAS TRES B", "codigo_act": 462112, "latitud": 19.60334129, "longitud": -99.22019672 }, "geometry": { "type": "Point", "coordinates": [ -99.22019672, 19.60334129 ] } },
{ "type": "Feature", "properties": { "nom_estab": "TIENDAS TRES B", "codigo_act": 462112, "latitud": 19.53957163, "longitud": -99.19263437 }, "geometry": { "type": "Point", "coordinates": [ -99.19263437, 19.53957163 ] } },
{ "type": "Feature", "properties": { "nom_estab": "TIENDAS TRES B", "codigo_act": 462112, "latitud": 19.67766613, "longitud": -99.20337155 }, "geometry": { "type": "Point", "coordinates": [ -99.20337155, 19.67766613 ] } },
{ "type": "Feature", "properties": { "nom_estab": "TIENDAS TRES B", "codigo_act": 462112, "latitud": 19.46496902, "longitud": -99.27568062 }, "geometry": { "type": "Point", "coordinates": [ -99.27568062, 19.46496902 ] } },
{ "type": "Feature", "properties": { "nom_estab": "TIENDAS TRES B", "codigo_act": 462112, "latitud": 19.53358819, "longitud": -99.24291415 }, "geometry": { "type": "Point", "coordinates": [ -99.24291415, 19.53358819 ] } },
{ "type": "Feature", "properties": { "nom_estab": "TIENDAS TRES B", "codigo_act": 462112, "latitud": 19.38373848, "longitud": -98.9889093 }, "geometry": { "type": "Point", "coordinates": [ -98.9889093, 19.38373848 ] } },
{ "type": "Feature", "properties": { "nom_estab": "TIENDAS TRES B", "codigo_act": 462112, "latitud": 19.69261819, "longitud": -99.18807353 }, "geometry": { "type": "Point", "coordinates": [ -99.18807353, 19.69261819 ] } },
{ "type": "Feature", "properties": { "nom_estab": "TIENDAS TRES B", "codigo_act": 462112, "latitud": 19.51252095, "longitud": -98.90164395 }, "geometry": { "type": "Point", "coordinates": [ -98.90164395, 19.51252095 ] } },
{ "type": "Feature", "properties": { "nom_estab": "TIENDAS TRES B", "codigo_act": 462112, "latitud": 19.67941467, "longitud": -99.25931439 }, "geometry": { "type": "Point", "coordinates": [ -99.25931439, 19.67941467 ] } },
{ "type": "Feature", "properties": { "nom_estab": "TIENDAS TRES B", "codigo_act": 462112, "latitud": 19.50784555, "longitud": -98.8711638 }, "geometry": { "type": "Point", "coordinates": [ -98.8711638, 19.50784555 ] } },
{ "type": "Feature", "properties": { "nom_estab": "TIENDAS TRES B", "codigo_act": 462112, "latitud": 19.9275304, "longitud": -98.97904392 }, "geometry": { "type": "Point", "coordinates": [ -98.97904392, 19.9275304 ] } },
{ "type": "Feature", "properties": { "nom_estab": "TIENDAS TRES B", "codigo_act": 462112, "latitud": 19.79347715, "longitud": -99.06717651 }, "geometry": { "type": "Point", "coordinates": [ -99.06717651, 19.79347715 ] } },
{ "type": "Feature", "properties": { "nom_estab": "TIENDAS TRES B", "codigo_act": 462112, "latitud": 19.69939405, "longitud": -98.75787051 }, "geometry": { "type": "Point", "coordinates": [ -98.75787051, 19.69939405 ] } },
{ "type": "Feature", "properties": { "nom_estab": "TIENDAS TRES B", "codigo_act": 462112, "latitud": 19.51612828, "longitud": -99.10833333 }, "geometry": { "type": "Point", "coordinates": [ -99.10833333, 19.51612828 ] } },
{ "type": "Feature", "properties": { "nom_estab": "TIENDAS TRES B", "codigo_act": 462112, "latitud": 19.41422914, "longitud": -98.89016523 }, "geometry": { "type": "Point", "coordinates": [ -98.89016523, 19.41422914 ] } },
{ "type": "Feature", "properties": { "nom_estab": "TIENDAS TRES B", "codigo_act": 462112, "latitud": 19.82687148, "longitud": -98.90124013000001 }, "geometry": { "type": "Point", "coordinates": [ -98.90124013, 19.82687148 ] } },
{ "type": "Feature", "properties": { "nom_estab": "TIENDAS TRES B", "codigo_act": 462112, "latitud": 19.95340579, "longitud": -99.53203971000001 }, "geometry": { "type": "Point", "coordinates": [ -99.53203971, 19.95340579 ] } },
{ "type": "Feature", "properties": { "nom_estab": "TIENDAS TRES B", "codigo_act": 462112, "latitud": 19.66593079, "longitud": -98.90323057000001 }, "geometry": { "type": "Point", "coordinates": [ -98.90323057, 19.66593079 ] } },
{ "type": "Feature", "properties": { "nom_estab": "TIENDAS TRES B", "codigo_act": 462112, "latitud": 19.54386534, "longitud": -99.15506896 }, "geometry": { "type": "Point", "coordinates": [ -99.15506896, 19.54386534 ] } },
{ "type": "Feature", "properties": { "nom_estab": "TIENDAS TRES B", "codigo_act": 462112, "latitud": 19.66040744, "longitud": -99.07150092000001 }, "geometry": { "type": "Point", "coordinates": [ -99.07150092, 19.66040744 ] } },
{ "type": "Feature", "properties": { "nom_estab": "TIENDAS TRES B", "codigo_act": 462112, "latitud": 19.53459674, "longitud": -99.03072045 }, "geometry": { "type": "Point", "coordinates": [ -99.03072045, 19.53459674 ] } },
{ "type": "Feature", "properties": { "nom_estab": "TIENDAS TRES B", "codigo_act": 462112, "latitud": 19.63415625, "longitud": -99.01746133 }, "geometry": { "type": "Point", "coordinates": [ -99.01746133, 19.63415625 ] } },
{ "type": "Feature", "properties": { "nom_estab": "TIENDAS TRES B", "codigo_act": 462112, "latitud": 19.44042034, "longitud": -99.26992657 }, "geometry": { "type": "Point", "coordinates": [ -99.26992657, 19.44042034 ] } },
{ "type": "Feature", "properties": { "nom_estab": "TIENDAS TRES B", "codigo_act": 462112, "latitud": 19.66587473, "longitud": -98.903124 }, "geometry": { "type": "Point", "coordinates": [ -98.903124, 19.66587473 ] } },
{ "type": "Feature", "properties": { "nom_estab": "TIENDAS TRES B", "codigo_act": 462112, "latitud": 19.62547874, "longitud": -99.30543682 }, "geometry": { "type": "Point", "coordinates": [ -99.30543682, 19.62547874 ] } },
{ "type": "Feature", "properties": { "nom_estab": "TIENDAS TRES B", "codigo_act": 462112, "latitud": 19.53375558, "longitud": -99.04035812 }, "geometry": { "type": "Point", "coordinates": [ -99.04035812, 19.53375558 ] } },
{ "type": "Feature", "properties": { "nom_estab": "TIENDAS TRES B", "codigo_act": 462112, "latitud": 20.22402311, "longitud": -99.8134208 }, "geometry": { "type": "Point", "coordinates": [ -99.8134208, 20.22402311 ] } },
{ "type": "Feature", "properties": { "nom_estab": "TIENDAS TRES B", "codigo_act": 462112, "latitud": 19.56019229, "longitud": -99.07234357 }, "geometry": { "type": "Point", "coordinates": [ -99.07234357, 19.56019229 ] } },
{ "type": "Feature", "properties": { "nom_estab": "TIENDAS TRES B", "codigo_act": 462112, "latitud": 19.5561159, "longitud": -99.60802175000001 }, "geometry": { "type": "Point", "coordinates": [ -99.60802175, 19.5561159 ] } },
{ "type": "Feature", "properties": { "nom_estab": "TIENDAS TRES B", "codigo_act": 462112, "latitud": 19.29460452, "longitud": -98.95055672 }, "geometry": { "type": "Point", "coordinates": [ -98.95055672, 19.29460452 ] } },
{ "type": "Feature", "properties": { "nom_estab": "TIENDAS TRES B", "codigo_act": 462112, "latitud": 19.68585469, "longitud": -98.96974987 }, "geometry": { "type": "Point", "coordinates": [ -98.96974987, 19.68585469 ] } },
{ "type": "Feature", "properties": { "nom_estab": "TIENDAS TRES B", "codigo_act": 462112, "latitud": 19.27960088, "longitud": -98.92169915 }, "geometry": { "type": "Point", "coordinates": [ -98.92169915, 19.27960088 ] } },
{ "type": "Feature", "properties": { "nom_estab": "TIENDAS TRES B", "codigo_act": 462112, "latitud": 19.19653806, "longitud": -99.46613766 }, "geometry": { "type": "Point", "coordinates": [ -99.46613766, 19.19653806 ] } },
{ "type": "Feature", "properties": { "nom_estab": "TIENDAS TRES B", "codigo_act": 462112, "latitud": 19.79579431, "longitud": -99.10269769 }, "geometry": { "type": "Point", "coordinates": [ -99.10269769, 19.79579431 ] } },
{ "type": "Feature", "properties": { "nom_estab": "TIENDAS TRES B", "codigo_act": 462112, "latitud": 19.7983425, "longitud": -99.09417227 }, "geometry": { "type": "Point", "coordinates": [ -99.09417227, 19.7983425 ] } },
{ "type": "Feature", "properties": { "nom_estab": "TIENDAS TRES B", "codigo_act": 462112, "latitud": 19.30718643, "longitud": -98.94336629 }, "geometry": { "type": "Point", "coordinates": [ -98.94336629, 19.30718643 ] } },
{ "type": "Feature", "properties": { "nom_estab": "TIENDAS TRES B", "codigo_act": 462112, "latitud": 19.59856827, "longitud": -99.02581899 }, "geometry": { "type": "Point", "coordinates": [ -99.02581899, 19.59856827 ] } },
{ "type": "Feature", "properties": { "nom_estab": "TIENDAS TRES B", "codigo_act": 462112, "latitud": 19.32143673, "longitud": -98.87828146 }, "geometry": { "type": "Point", "coordinates": [ -98.87828146, 19.32143673 ] } },
{ "type": "Feature", "properties": { "nom_estab": "TIENDAS TRES B", "codigo_act": 462112, "latitud": 19.47692141, "longitud": -98.89616407 }, "geometry": { "type": "Point", "coordinates": [ -98.89616407, 19.47692141 ] } },
{ "type": "Feature", "properties": { "nom_estab": "TIENDAS TRES B", "codigo_act": 462112, "latitud": 19.28204229, "longitud": -99.59448478 }, "geometry": { "type": "Point", "coordinates": [ -99.59448478, 19.28204229 ] } },
{ "type": "Feature", "properties": { "nom_estab": "TIENDAS TRES B", "codigo_act": 462112, "latitud": 19.15664755, "longitud": -98.8604802 }, "geometry": { "type": "Point", "coordinates": [ -98.8604802, 19.15664755 ] } },
{ "type": "Feature", "properties": { "nom_estab": "TIENDAS TRES B", "codigo_act": 462112, "latitud": 19.9561311, "longitud": -99.84524121 }, "geometry": { "type": "Point", "coordinates": [ -99.84524121, 19.9561311 ] } },
{ "type": "Feature", "properties": { "nom_estab": "TIENDAS TRES B", "codigo_act": 462112, "latitud": 19.25848227, "longitud": -98.85814225 }, "geometry": { "type": "Point", "coordinates": [ -98.85814225, 19.25848227 ] } },
{ "type": "Feature", "properties": { "nom_estab": "TIENDAS TRES B", "codigo_act": 462112, "latitud": 19.68782708, "longitud": -98.97408244 }, "geometry": { "type": "Point", "coordinates": [ -98.97408244, 19.68782708 ] } },
{ "type": "Feature", "properties": { "nom_estab": "TIENDAS TRES B", "codigo_act": 462112, "latitud": 19.57134512, "longitud": -99.18752935000001 }, "geometry": { "type": "Point", "coordinates": [ -99.18752935, 19.57134512 ] } },
{ "type": "Feature", "properties": { "nom_estab": "TIENDAS TRES B", "codigo_act": 462112, "latitud": 19.7983425, "longitud": -99.09417227 }, "geometry": { "type": "Point", "coordinates": [ -99.09417227, 19.7983425 ] } },
{ "type": "Feature", "properties": { "nom_estab": "TIENDAS TRES B", "codigo_act": 462112, "latitud": 19.59473158, "longitud": -99.19650069 }, "geometry": { "type": "Point", "coordinates": [ -99.19650069, 19.59473158 ] } },
{ "type": "Feature", "properties": { "nom_estab": "TIENDAS TRES B", "codigo_act": 462112, "latitud": 19.82089675, "longitud": -99.18366517 }, "geometry": { "type": "Point", "coordinates": [ -99.18366517, 19.82089675 ] } },
{ "type": "Feature", "properties": { "nom_estab": "TIENDAS TRES B", "codigo_act": 462112, "latitud": 19.68058125, "longitud": -99.17561257 }, "geometry": { "type": "Point", "coordinates": [ -99.17561257, 19.68058125 ] } },
{ "type": "Feature", "properties": { "nom_estab": "TIENDAS TRES B", "codigo_act": 462112, "latitud": 19.71649624, "longitud": -99.94761667 }, "geometry": { "type": "Point", "coordinates": [ -99.94761667, 19.71649624 ] } },
{ "type": "Feature", "properties": { "nom_estab": "TIENDAS TRES B", "codigo_act": 462112, "latitud": 19.42268227, "longitud": -98.88127779 }, "geometry": { "type": "Point", "coordinates": [ -98.88127779, 19.42268227 ] } },
{ "type": "Feature", "properties": { "nom_estab": "TIENDAS TRES B", "codigo_act": 462112, "latitud": 19.63940487, "longitud": -98.99228885 }, "geometry": { "type": "Point", "coordinates": [ -98.99228885, 19.63940487 ] } },
{ "type": "Feature", "properties": { "nom_estab": "TIENDAS TRES B", "codigo_act": 462112, "latitud": 19.42044889, "longitud": -98.89056049 }, "geometry": { "type": "Point", "coordinates": [ -98.89056049, 19.42044889 ] } },
{ "type": "Feature", "properties": { "nom_estab": "TIENDAS TRES B", "codigo_act": 462112, "latitud": 19.45792115, "longitud": -99.26961252 }, "geometry": { "type": "Point", "coordinates": [ -99.26961252, 19.45792115 ] } },
{ "type": "Feature", "properties": { "nom_estab": "TIENDAS TRES B", "codigo_act": 462112, "latitud": 19.27044809, "longitud": -98.93311535 }, "geometry": { "type": "Point", "coordinates": [ -98.93311535, 19.27044809 ] } },
{ "type": "Feature", "properties": { "nom_estab": "TIENDAS TRES B", "codigo_act": 462112, "latitud": 19.51716883, "longitud": -99.10804825 }, "geometry": { "type": "Point", "coordinates": [ -99.10804825, 19.51716883 ] } },
{ "type": "Feature", "properties": { "nom_estab": "TIENDAS TRES B", "codigo_act": 462112, "latitud": 19.61673499, "longitud": -99.0216475 }, "geometry": { "type": "Point", "coordinates": [ -99.0216475, 19.61673499 ] } },
{ "type": "Feature", "properties": { "nom_estab": "TIENDAS TRES B", "codigo_act": 462112, "latitud": 19.29139846, "longitud": -99.58170184 }, "geometry": { "type": "Point", "coordinates": [ -99.58170184, 19.29139846 ] } },
{ "type": "Feature", "properties": { "nom_estab": "TIENDAS TRES B", "codigo_act": 462112, "latitud": 19.58573689, "longitud": -99.2196859 }, "geometry": { "type": "Point", "coordinates": [ -99.2196859, 19.58573689 ] } },
{ "type": "Feature", "properties": { "nom_estab": "TIENDAS TRES B", "codigo_act": 462112, "latitud": 19.36161577, "longitud": -98.9765217 }, "geometry": { "type": "Point", "coordinates": [ -98.9765217, 19.36161577 ] } },
{ "type": "Feature", "properties": { "nom_estab": "TIENDAS TRES B", "codigo_act": 462112, "latitud": 19.4448222, "longitud": -98.95230369 }, "geometry": { "type": "Point", "coordinates": [ -98.95230369, 19.4448222 ] } },
{ "type": "Feature", "properties": { "nom_estab": "TIENDAS TRES B", "codigo_act": 462112, "latitud": 19.61237458, "longitud": -98.97264269 }, "geometry": { "type": "Point", "coordinates": [ -98.97264269, 19.61237458 ] } },
{ "type": "Feature", "properties": { "nom_estab": "TIENDAS TRES B", "codigo_act": 462112, "latitud": 19.6747543, "longitud": -99.1795857 }, "geometry": { "type": "Point", "coordinates": [ -99.1795857, 19.6747543 ] } },
{ "type": "Feature", "properties": { "nom_estab": "TIENDAS TRES B", "codigo_act": 462112, "latitud": 19.66931835, "longitud": -99.17756584 }, "geometry": { "type": "Point", "coordinates": [ -99.17756584, 19.66931835 ] } },
{ "type": "Feature", "properties": { "nom_estab": "TIENDAS TRES B", "codigo_act": 462112, "latitud": 19.61598064, "longitud": -99.16342725 }, "geometry": { "type": "Point", "coordinates": [ -99.16342725, 19.61598064 ] } },
{ "type": "Feature", "properties": { "nom_estab": "TIENDAS TRES B", "codigo_act": 462112, "latitud": 19.15762816, "longitud": -98.86024451 }, "geometry": { "type": "Point", "coordinates": [ -98.86024451, 19.15762816 ] } },
{ "type": "Feature", "properties": { "nom_estab": "TIENDAS TRES B", "codigo_act": 462112, "latitud": 19.6667293, "longitud": -99.09088789 }, "geometry": { "type": "Point", "coordinates": [ -99.09088789, 19.6667293 ] } },
{ "type": "Feature", "properties": { "nom_estab": "TIENDAS TRES B", "codigo_act": 462112, "latitud": 19.03155802, "longitud": -98.81335025 }, "geometry": { "type": "Point", "coordinates": [ -98.81335025, 19.03155802 ] } },
{ "type": "Feature", "properties": { "nom_estab": "TIENDAS TRES B", "codigo_act": 462112, "latitud": 19.66921444, "longitud": -99.17755959 }, "geometry": { "type": "Point", "coordinates": [ -99.17755959, 19.66921444 ] } },
{ "type": "Feature", "properties": { "nom_estab": "TIENDAS TRES B", "codigo_act": 462112, "latitud": 19.59344452, "longitud": -99.03638474 }, "geometry": { "type": "Point", "coordinates": [ -99.03638474, 19.59344452 ] } },
{ "type": "Feature", "properties": { "nom_estab": "TIENDAS TRES B", "codigo_act": 462112, "latitud": 19.76258555, "longitud": -99.17236164000001 }, "geometry": { "type": "Point", "coordinates": [ -99.17236164, 19.76258555 ] } },
{ "type": "Feature", "properties": { "nom_estab": "TIENDAS TRES B", "codigo_act": 462112, "latitud": 19.40655079, "longitud": -98.92102385 }, "geometry": { "type": "Point", "coordinates": [ -98.92102385, 19.40655079 ] } },
{ "type": "Feature", "properties": { "nom_estab": "TIENDAS TRES B", "codigo_act": 462112, "latitud": 19.45187074, "longitud": -99.24450471 }, "geometry": { "type": "Point", "coordinates": [ -99.24450471, 19.45187074 ] } },
{ "type": "Feature", "properties": { "nom_estab": "TIENDAS TRES B", "codigo_act": 462112, "latitud": 19.3993528, "longitud": -98.92885213 }, "geometry": { "type": "Point", "coordinates": [ -98.92885213, 19.3993528 ] } },
{ "type": "Feature", "properties": { "nom_estab": "TIENDAS TRES B", "codigo_act": 462112, "latitud": 19.52572057, "longitud": -99.03914704 }, "geometry": { "type": "Point", "coordinates": [ -99.03914704, 19.52572057 ] } },
{ "type": "Feature", "properties": { "nom_estab": "TIENDAS TRES B", "codigo_act": 462112, "latitud": 19.40464457, "longitud": -99.00228928 }, "geometry": { "type": "Point", "coordinates": [ -99.00228928, 19.40464457 ] } },
{ "type": "Feature", "properties": { "nom_estab": "TIENDAS TRES B", "codigo_act": 462112, "latitud": 19.29904463, "longitud": -98.90547819 }, "geometry": { "type": "Point", "coordinates": [ -98.90547819, 19.29904463 ] } },
{ "type": "Feature", "properties": { "nom_estab": "TIENDAS TRES B", "codigo_act": 462112, "latitud": 19.68627624, "longitud": -99.12713449 }, "geometry": { "type": "Point", "coordinates": [ -99.12713449, 19.68627624 ] } },
{ "type": "Feature", "properties": { "nom_estab": "TIENDAS TRES B", "codigo_act": 462112, "latitud": 19.39120955, "longitud": -98.96733747 }, "geometry": { "type": "Point", "coordinates": [ -98.96733747, 19.39120955 ] } },
{ "type": "Feature", "properties": { "nom_estab": "TIENDAS TRES B", "codigo_act": 462112, "latitud": 19.6683255, "longitud": -99.14282591 }, "geometry": { "type": "Point", "coordinates": [ -99.14282591, 19.6683255 ] } },
{ "type": "Feature", "properties": { "nom_estab": "TIENDAS TRES B", "codigo_act": 462112, "latitud": 19.47048045, "longitud": -99.2149053 }, "geometry": { "type": "Point", "coordinates": [ -99.2149053, 19.47048045 ] } },
{ "type": "Feature", "properties": { "nom_estab": "TIENDAS TRES B", "codigo_act": 462112, "latitud": 19.0305934, "longitud": -98.78253648 }, "geometry": { "type": "Point", "coordinates": [ -98.78253648, 19.0305934 ] } },
{ "type": "Feature", "properties": { "nom_estab": "TIENDAS TRES B", "codigo_act": 462112, "latitud": 19.67758636, "longitud": -99.20349628 }, "geometry": { "type": "Point", "coordinates": [ -99.20349628, 19.67758636 ] } },
{ "type": "Feature", "properties": { "nom_estab": "TIENDAS TRES B", "codigo_act": 462112, "latitud": 19.21498385, "longitud": -98.90952983 }, "geometry": { "type": "Point", "coordinates": [ -98.90952983, 19.21498385 ] } },
{ "type": "Feature", "properties": { "nom_estab": "TIENDAS TRES B", "codigo_act": 462112, "latitud": 19.30581602, "longitud": -98.86248754 }, "geometry": { "type": "Point", "coordinates": [ -98.86248754, 19.30581602 ] } },
{ "type": "Feature", "properties": { "nom_estab": "TIENDAS TRES B", "codigo_act": 462112, "latitud": 19.40919282, "longitud": -98.88492564000001 }, "geometry": { "type": "Point", "coordinates": [ -98.88492564, 19.40919282 ] } },
{ "type": "Feature", "properties": { "nom_estab": "TIENDAS TRES B", "codigo_act": 462112, "latitud": 19.18787033, "longitud": -100.12987705 }, "geometry": { "type": "Point", "coordinates": [ -100.12987705, 19.18787033 ] } },
{ "type": "Feature", "properties": { "nom_estab": "TIENDAS TRES B", "codigo_act": 462112, "latitud": 20.01494392, "longitud": -99.52857609 }, "geometry": { "type": "Point", "coordinates": [ -99.52857609, 20.01494392 ] } },
{ "type": "Feature", "properties": { "nom_estab": "TIENDAS TRES B", "codigo_act": 462112, "latitud": 19.29205652, "longitud": -99.68493517 }, "geometry": { "type": "Point", "coordinates": [ -99.68493517, 19.29205652 ] } },
{ "type": "Feature", "properties": { "nom_estab": "TIENDAS TRES B", "codigo_act": 462112, "latitud": 18.96273662, "longitud": -99.63941131 }, "geometry": { "type": "Point", "coordinates": [ -99.63941131, 18.96273662 ] } },
{ "type": "Feature", "properties": { "nom_estab": "TIENDAS TRES B", "codigo_act": 462112, "latitud": 19.74555089, "longitud": -99.18050729 }, "geometry": { "type": "Point", "coordinates": [ -99.18050729, 19.74555089 ] } },
{ "type": "Feature", "properties": { "nom_estab": "TIENDAS TRES B", "codigo_act": 462112, "latitud": 19.7991891, "longitud": -99.10009054 }, "geometry": { "type": "Point", "coordinates": [ -99.10009054, 19.7991891 ] } },
{ "type": "Feature", "properties": { "nom_estab": "TIENDAS TRES B", "codigo_act": 462112, "latitud": 19.52125024, "longitud": -99.17640838 }, "geometry": { "type": "Point", "coordinates": [ -99.17640838, 19.52125024 ] } },
{ "type": "Feature", "properties": { "nom_estab": "TIENDAS TRES B", "codigo_act": 462112, "latitud": 19.362672, "longitud": -98.94847845 }, "geometry": { "type": "Point", "coordinates": [ -98.94847845, 19.362672 ] } },
{ "type": "Feature", "properties": { "nom_estab": "TIENDAS TRES B", "codigo_act": 462112, "latitud": 19.41618014, "longitud": -98.94960623 }, "geometry": { "type": "Point", "coordinates": [ -98.94960623, 19.41618014 ] } },
{ "type": "Feature", "properties": { "nom_estab": "TIENDAS TRES B", "codigo_act": 462112, "latitud": 19.43380601, "longitud": -98.93131729 }, "geometry": { "type": "Point", "coordinates": [ -98.93131729, 19.43380601 ] } },
{ "type": "Feature", "properties": { "nom_estab": "TIENDAS TRES B", "codigo_act": 462112, "latitud": 19.40315766, "longitud": -98.9233421 }, "geometry": { "type": "Point", "coordinates": [ -98.9233421, 19.40315766 ] } },
{ "type": "Feature", "properties": { "nom_estab": "TIENDAS TRES B", "codigo_act": 462112, "latitud": 19.42272218, "longitud": -98.95033362 }, "geometry": { "type": "Point", "coordinates": [ -98.95033362, 19.42272218 ] } },
{ "type": "Feature", "properties": { "nom_estab": "TIENDAS TRES B", "codigo_act": 462112, "latitud": 19.61459162, "longitud": -98.92017762 }, "geometry": { "type": "Point", "coordinates": [ -98.92017762, 19.61459162 ] } },
{ "type": "Feature", "properties": { "nom_estab": "TIENDAS TRES B", "codigo_act": 462112, "latitud": 19.12772414, "longitud": -98.76656506 }, "geometry": { "type": "Point", "coordinates": [ -98.76656506, 19.12772414 ] } },
{ "type": "Feature", "properties": { "nom_estab": "TIENDAS TRES B", "codigo_act": 462112, "latitud": 19.44085571, "longitud": -98.95195661 }, "geometry": { "type": "Point", "coordinates": [ -98.95195661, 19.44085571 ] } },
{ "type": "Feature", "properties": { "nom_estab": "TIENDAS TRES B", "codigo_act": 462112, "latitud": 19.54215796, "longitud": -99.0677979 }, "geometry": { "type": "Point", "coordinates": [ -99.0677979, 19.54215796 ] } },
{ "type": "Feature", "properties": { "nom_estab": "TIENDAS TRES B", "codigo_act": 462112, "latitud": 19.76113905, "longitud": -99.19457604 }, "geometry": { "type": "Point", "coordinates": [ -99.19457604, 19.76113905 ] } },
{ "type": "Feature", "properties": { "nom_estab": "TIENDAS TRES B", "codigo_act": 462112, "latitud": 19.49492773, "longitud": -99.03593877 }, "geometry": { "type": "Point", "coordinates": [ -99.03593877, 19.49492773 ] } },
{ "type": "Feature", "properties": { "nom_estab": "TIENDAS TRES B", "codigo_act": 462112, "latitud": 19.80911104, "longitud": -99.1056932 }, "geometry": { "type": "Point", "coordinates": [ -99.1056932, 19.80911104 ] } },
{ "type": "Feature", "properties": { "nom_estab": "TIENDAS TRES B", "codigo_act": 462112, "latitud": 19.3087341, "longitud": -98.93630377 }, "geometry": { "type": "Point", "coordinates": [ -98.93630377, 19.3087341 ] } },
{ "type": "Feature", "properties": { "nom_estab": "TIENDAS TRES B", "codigo_act": 462112, "latitud": 19.64973567, "longitud": -99.2630372 }, "geometry": { "type": "Point", "coordinates": [ -99.2630372, 19.64973567 ] } },
{ "type": "Feature", "properties": { "nom_estab": "TIENDAS TRES B", "codigo_act": 462112, "latitud": 19.69066162, "longitud": -99.0537013 }, "geometry": { "type": "Point", "coordinates": [ -99.0537013, 19.69066162 ] } },
{ "type": "Feature", "properties": { "nom_estab": "TIENDAS TRES B", "codigo_act": 462112, "latitud": 19.31536823, "longitud": -98.91947871000001 }, "geometry": { "type": "Point", "coordinates": [ -98.91947871, 19.31536823 ] } },
{ "type": "Feature", "properties": { "nom_estab": "TIENDAS TRES B", "codigo_act": 462112, "latitud": 19.70271423, "longitud": -99.14628794 }, "geometry": { "type": "Point", "coordinates": [ -99.14628794, 19.70271423 ] } },
{ "type": "Feature", "properties": { "nom_estab": "TIENDAS TRES B", "codigo_act": 462112, "latitud": 19.41370285, "longitud": -99.0472796 }, "geometry": { "type": "Point", "coordinates": [ -99.0472796, 19.41370285 ] } },
{ "type": "Feature", "properties": { "nom_estab": "TIENDAS TRES B", "codigo_act": 462112, "latitud": 19.5945707, "longitud": -99.23855971 }, "geometry": { "type": "Point", "coordinates": [ -99.23855971, 19.5945707 ] } },
{ "type": "Feature", "properties": { "nom_estab": "TIENDAS TRES B", "codigo_act": 462112, "latitud": 19.56729731, "longitud": -99.24047111 }, "geometry": { "type": "Point", "coordinates": [ -99.24047111, 19.56729731 ] } },
{ "type": "Feature", "properties": { "nom_estab": "TIENDAS TRES B", "codigo_act": 462112, "latitud": 19.6341563, "longitud": -99.0851695 }, "geometry": { "type": "Point", "coordinates": [ -99.0851695, 19.6341563 ] } },
{ "type": "Feature", "properties": { "nom_estab": "TIENDAS TRES B", "codigo_act": 462112, "latitud": 20.22581009, "longitud": -99.81649616 }, "geometry": { "type": "Point", "coordinates": [ -99.81649616, 20.22581009 ] } },
{ "type": "Feature", "properties": { "nom_estab": "TIENDAS TRES B", "codigo_act": 462112, "latitud": 19.28413328, "longitud": -99.73453686000001 }, "geometry": { "type": "Point", "coordinates": [ -99.73453686, 19.28413328 ] } },
{ "type": "Feature", "properties": { "nom_estab": "TIENDAS TRES B", "codigo_act": 462112, "latitud": 19.36944265, "longitud": -99.76039314000001 }, "geometry": { "type": "Point", "coordinates": [ -99.76039314, 19.36944265 ] } },
{ "type": "Feature", "properties": { "nom_estab": "TIENDAS TRES B", "codigo_act": 462112, "latitud": 19.29031332, "longitud": -99.65948063 }, "geometry": { "type": "Point", "coordinates": [ -99.65948063, 19.29031332 ] } },
{ "type": "Feature", "properties": { "nom_estab": "TIENDAS TRES B", "codigo_act": 462112, "latitud": 19.2618585, "longitud": -99.59685503 }, "geometry": { "type": "Point", "coordinates": [ -99.59685503, 19.2618585 ] } },
{ "type": "Feature", "properties": { "nom_estab": "TIENDAS TRES B", "codigo_act": 462112, "latitud": 19.30620324, "longitud": -99.65228547 }, "geometry": { "type": "Point", "coordinates": [ -99.65228547, 19.30620324 ] } },
{ "type": "Feature", "properties": { "nom_estab": "TIENDAS TRES B", "codigo_act": 462112, "latitud": 19.72302597, "longitud": -99.47735012 }, "geometry": { "type": "Point", "coordinates": [ -99.47735012, 19.72302597 ] } },
{ "type": "Feature", "properties": { "nom_estab": "TIENDAS TRES B", "codigo_act": 462112, "latitud": 19.20291995, "longitud": -100.12581613 }, "geometry": { "type": "Point", "coordinates": [ -100.12581613, 19.20291995 ] } },
{ "type": "Feature", "properties": { "nom_estab": "TIENDAS TRES B", "codigo_act": 462112, "latitud": 19.71565256, "longitud": -99.22411907 }, "geometry": { "type": "Point", "coordinates": [ -99.22411907, 19.71565256 ] } },
{ "type": "Feature", "properties": { "nom_estab": "TIENDAS TRES B", "codigo_act": 462112, "latitud": 19.25506936, "longitud": -100.02068322 }, "geometry": { "type": "Point", "coordinates": [ -100.02068322, 19.25506936 ] } },
{ "type": "Feature", "properties": { "nom_estab": "TIENDAS TRES B", "codigo_act": 462112, "latitud": 18.8403053, "longitud": -99.67607506 }, "geometry": { "type": "Point", "coordinates": [ -99.67607506, 18.8403053 ] } },
{ "type": "Feature", "properties": { "nom_estab": "TIENDAS TRES B", "codigo_act": 462112, "latitud": 18.95035757, "longitud": -99.49820694 }, "geometry": { "type": "Point", "coordinates": [ -99.49820694, 18.95035757 ] } },
{ "type": "Feature", "properties": { "nom_estab": "TIENDAS TRES B", "codigo_act": 462112, "latitud": 19.17614408, "longitud": -100.21638234 }, "geometry": { "type": "Point", "coordinates": [ -100.21638234, 19.17614408 ] } },
{ "type": "Feature", "properties": { "nom_estab": "TIENDAS TRES B", "codigo_act": 462112, "latitud": 19.14795089, "longitud": -99.58217671 }, "geometry": { "type": "Point", "coordinates": [ -99.58217671, 19.14795089 ] } },
{ "type": "Feature", "properties": { "nom_estab": "TIENDAS TRES B", "codigo_act": 462112, "latitud": 18.93085464, "longitud": -99.9417036 }, "geometry": { "type": "Point", "coordinates": [ -99.9417036, 18.93085464 ] } },
{ "type": "Feature", "properties": { "nom_estab": "TIENDAS TRES B", "codigo_act": 462112, "latitud": 19.29081034, "longitud": -98.92136724 }, "geometry": { "type": "Point", "coordinates": [ -98.92136724, 19.29081034 ] } },
{ "type": "Feature", "properties": { "nom_estab": "TIENDAS TRES B", "codigo_act": 462112, "latitud": 19.44046374, "longitud": -99.26977994000001 }, "geometry": { "type": "Point", "coordinates": [ -99.26977994, 19.44046374 ] } },
{ "type": "Feature", "properties": { "nom_estab": "TIENDAS TRES B", "codigo_act": 462112, "latitud": 19.41713698, "longitud": -99.05051409 }, "geometry": { "type": "Point", "coordinates": [ -99.05051409, 19.41713698 ] } },
{ "type": "Feature", "properties": { "nom_estab": "TIENDAS TRES B", "codigo_act": 462112, "latitud": 19.90594529, "longitud": -99.080032 }, "geometry": { "type": "Point", "coordinates": [ -99.080032, 19.90594529 ] } },
{ "type": "Feature", "properties": { "nom_estab": "TIENDAS TRES B", "codigo_act": 462112, "latitud": 19.65055546, "longitud": -99.20001145000001 }, "geometry": { "type": "Point", "coordinates": [ -99.20001145, 19.65055546 ] } },
{ "type": "Feature", "properties": { "nom_estab": "TIENDAS TRES B", "codigo_act": 462112, "latitud": 19.63480028, "longitud": -98.924599 }, "geometry": { "type": "Point", "coordinates": [ -98.924599, 19.63480028 ] } },
{ "type": "Feature", "properties": { "nom_estab": "TIENDAS TRES B", "codigo_act": 462112, "latitud": 19.28529826, "longitud": -98.89974973 }, "geometry": { "type": "Point", "coordinates": [ -98.89974973, 19.28529826 ] } },
{ "type": "Feature", "properties": { "nom_estab": "TIENDAS TRES B", "codigo_act": 462112, "latitud": 19.27862521, "longitud": -98.90018838 }, "geometry": { "type": "Point", "coordinates": [ -98.90018838, 19.27862521 ] } },
{ "type": "Feature", "properties": { "nom_estab": "TIENDAS TRES B", "codigo_act": 462112, "latitud": 19.43452562, "longitud": -98.96507437 }, "geometry": { "type": "Point", "coordinates": [ -98.96507437, 19.43452562 ] } },
{ "type": "Feature", "properties": { "nom_estab": "TIENDAS TRES B", "codigo_act": 462112, "latitud": 19.39980797, "longitud": -98.94123283 }, "geometry": { "type": "Point", "coordinates": [ -98.94123283, 19.39980797 ] } },
{ "type": "Feature", "properties": { "nom_estab": "TIENDAS TRES B", "codigo_act": 462112, "latitud": 19.43557587, "longitud": -98.94707889 }, "geometry": { "type": "Point", "coordinates": [ -98.94707889, 19.43557587 ] } },
{ "type": "Feature", "properties": { "nom_estab": "TIENDAS TRES B", "codigo_act": 462112, "latitud": 19.23033049, "longitud": -98.92440125 }, "geometry": { "type": "Point", "coordinates": [ -98.92440125, 19.23033049 ] } },
{ "type": "Feature", "properties": { "nom_estab": "TIENDAS TRES B", "codigo_act": 462112, "latitud": 19.5925204, "longitud": -98.95813054 }, "geometry": { "type": "Point", "coordinates": [ -98.95813054, 19.5925204 ] } },
{ "type": "Feature", "properties": { "nom_estab": "TIENDAS TRES B", "codigo_act": 462112, "latitud": 19.5869747, "longitud": -99.26445327 }, "geometry": { "type": "Point", "coordinates": [ -99.26445327, 19.5869747 ] } },
{ "type": "Feature", "properties": { "nom_estab": "TIENDAS TRES B", "codigo_act": 462112, "latitud": 19.43781057, "longitud": -98.9315335 }, "geometry": { "type": "Point", "coordinates": [ -98.9315335, 19.43781057 ] } },
{ "type": "Feature", "properties": { "nom_estab": "TIENDAS TRES B", "codigo_act": 462112, "latitud": 19.95839566, "longitud": -99.5328561 }, "geometry": { "type": "Point", "coordinates": [ -99.5328561, 19.95839566 ] } },
{ "type": "Feature", "properties": { "nom_estab": "TIENDAS TRES B", "codigo_act": 462112, "latitud": 19.17740972, "longitud": -99.48909193 }, "geometry": { "type": "Point", "coordinates": [ -99.48909193, 19.17740972 ] } },
{ "type": "Feature", "properties": { "nom_estab": "TIENDAS TRES B", "codigo_act": 462112, "latitud": 19.80296683, "longitud": -99.87136491 }, "geometry": { "type": "Point", "coordinates": [ -99.87136491, 19.80296683 ] } },
{ "type": "Feature", "properties": { "nom_estab": "TIENDAS TRES B", "codigo_act": 462112, "latitud": 19.81352158, "longitud": -99.52642727 }, "geometry": { "type": "Point", "coordinates": [ -99.52642727, 19.81352158 ] } },
{ "type": "Feature", "properties": { "nom_estab": "TIENDAS TRES B", "codigo_act": 462112, "latitud": 19.41557027, "longitud": -98.90489349000001 }, "geometry": { "type": "Point", "coordinates": [ -98.90489349, 19.41557027 ] } },
{ "type": "Feature", "properties": { "nom_estab": "TIENDAS TRES B", "codigo_act": 462112, "latitud": 19.44058399, "longitud": -98.94687433 }, "geometry": { "type": "Point", "coordinates": [ -98.94687433, 19.44058399 ] } },
{ "type": "Feature", "properties": { "nom_estab": "TIENDAS TRES B", "codigo_act": 462112, "latitud": 19.43380479, "longitud": -98.94076795 }, "geometry": { "type": "Point", "coordinates": [ -98.94076795, 19.43380479 ] } },
{ "type": "Feature", "properties": { "nom_estab": "TIENDAS TRES B", "codigo_act": 462112, "latitud": 19.64582634, "longitud": -99.06103675 }, "geometry": { "type": "Point", "coordinates": [ -99.06103675, 19.64582634 ] } },
{ "type": "Feature", "properties": { "nom_estab": "TIENDAS TRES B", "codigo_act": 462112, "latitud": 19.41608837, "longitud": -98.9092068 }, "geometry": { "type": "Point", "coordinates": [ -98.9092068, 19.41608837 ] } },
{ "type": "Feature", "properties": { "nom_estab": "TIENDAS TRES B", "codigo_act": 462112, "latitud": 19.62423655, "longitud": -99.20115095 }, "geometry": { "type": "Point", "coordinates": [ -99.20115095, 19.62423655 ] } },
{ "type": "Feature", "properties": { "nom_estab": "TIENDAS TRES B", "codigo_act": 462112, "latitud": 19.62935945, "longitud": -99.23194312 }, "geometry": { "type": "Point", "coordinates": [ -99.23194312, 19.62935945 ] } },
{ "type": "Feature", "properties": { "nom_estab": "TIENDAS TRES B", "codigo_act": 462112, "latitud": 19.45854619, "longitud": -99.27587428 }, "geometry": { "type": "Point", "coordinates": [ -99.27587428, 19.45854619 ] } },
{ "type": "Feature", "properties": { "nom_estab": "TIENDAS TRES B", "codigo_act": 462112, "latitud": 19.44854726, "longitud": -99.2626682 }, "geometry": { "type": "Point", "coordinates": [ -99.2626682, 19.44854726 ] } },
{ "type": "Feature", "properties": { "nom_estab": "TIENDAS TRES B", "codigo_act": 462112, "latitud": 19.10030582, "longitud": -98.87662578 }, "geometry": { "type": "Point", "coordinates": [ -98.87662578, 19.10030582 ] } },
{ "type": "Feature", "properties": { "nom_estab": "TIENDAS TRES B", "codigo_act": 462112, "latitud": 19.41319412, "longitud": -99.27075077000001 }, "geometry": { "type": "Point", "coordinates": [ -99.27075077, 19.41319412 ] } },
{ "type": "Feature", "properties": { "nom_estab": "TIENDAS TRES B", "codigo_act": 462112, "latitud": 19.62064086, "longitud": -99.08461934 }, "geometry": { "type": "Point", "coordinates": [ -99.08461934, 19.62064086 ] } },
{ "type": "Feature", "properties": { "nom_estab": "TIENDAS TRES B", "codigo_act": 462112, "latitud": 19.61268589, "longitud": -98.91221072 }, "geometry": { "type": "Point", "coordinates": [ -98.91221072, 19.61268589 ] } },
{ "type": "Feature", "properties": { "nom_estab": "TIENDAS TRES B", "codigo_act": 462112, "latitud": 19.11941633, "longitud": -98.77285295 }, "geometry": { "type": "Point", "coordinates": [ -98.77285295, 19.11941633 ] } },
{ "type": "Feature", "properties": { "nom_estab": "TIENDAS TRES B", "codigo_act": 462112, "latitud": 19.43054196, "longitud": -98.97396536 }, "geometry": { "type": "Point", "coordinates": [ -98.97396536, 19.43054196 ] } },
{ "type": "Feature", "properties": { "nom_estab": "TIENDAS TRES B", "codigo_act": 462112, "latitud": 19.2682786, "longitud": -98.90601181 }, "geometry": { "type": "Point", "coordinates": [ -98.90601181, 19.2682786 ] } },
{ "type": "Feature", "properties": { "nom_estab": "TIENDAS TRES B", "codigo_act": 462112, "latitud": 19.64582677, "longitud": -99.06103632 }, "geometry": { "type": "Point", "coordinates": [ -99.06103632, 19.64582677 ] } },
{ "type": "Feature", "properties": { "nom_estab": "TIENDAS TRES B", "codigo_act": 462112, "latitud": 19.42198851, "longitud": -98.94329222 }, "geometry": { "type": "Point", "coordinates": [ -98.94329222, 19.42198851 ] } },
{ "type": "Feature", "properties": { "nom_estab": "TIENDAS TRES B", "codigo_act": 462112, "latitud": 19.72584865, "longitud": -99.13736621 }, "geometry": { "type": "Point", "coordinates": [ -99.13736621, 19.72584865 ] } },
{ "type": "Feature", "properties": { "nom_estab": "TIENDAS TRES B", "codigo_act": 462112, "latitud": 19.60712241, "longitud": -98.90681173 }, "geometry": { "type": "Point", "coordinates": [ -98.90681173, 19.60712241 ] } },
{ "type": "Feature", "properties": { "nom_estab": "TIENDAS TRES B", "codigo_act": 462112, "latitud": 19.63107881, "longitud": -99.03023875 }, "geometry": { "type": "Point", "coordinates": [ -99.03023875, 19.63107881 ] } },
{ "type": "Feature", "properties": { "nom_estab": "TIENDAS TRES B", "codigo_act": 462112, "latitud": 19.71774864, "longitud": -98.96155947 }, "geometry": { "type": "Point", "coordinates": [ -98.96155947, 19.71774864 ] } },
{ "type": "Feature", "properties": { "nom_estab": "TIENDAS TRES B", "codigo_act": 462112, "latitud": 19.50087564, "longitud": -99.04092154 }, "geometry": { "type": "Point", "coordinates": [ -99.04092154, 19.50087564 ] } },
{ "type": "Feature", "properties": { "nom_estab": "TIENDAS TRES B", "codigo_act": 462112, "latitud": 19.51047981, "longitud": -99.02484181 }, "geometry": { "type": "Point", "coordinates": [ -99.02484181, 19.51047981 ] } },
{ "type": "Feature", "properties": { "nom_estab": "TIENDAS TRES B", "codigo_act": 462112, "latitud": 19.49598791, "longitud": -99.02735489 }, "geometry": { "type": "Point", "coordinates": [ -99.02735489, 19.49598791 ] } },
{ "type": "Feature", "properties": { "nom_estab": "TIENDAS TRES B", "codigo_act": 462112, "latitud": 19.60604866, "longitud": -99.28148667000001 }, "geometry": { "type": "Point", "coordinates": [ -99.28148667, 19.60604866 ] } },
{ "type": "Feature", "properties": { "nom_estab": "TIENDAS TRES B", "codigo_act": 462112, "latitud": 19.25667839, "longitud": -99.47464072 }, "geometry": { "type": "Point", "coordinates": [ -99.47464072, 19.25667839 ] } },
{ "type": "Feature", "properties": { "nom_estab": "TIENDAS TRES B", "codigo_act": 462112, "latitud": 19.26784692, "longitud": -99.55322162 }, "geometry": { "type": "Point", "coordinates": [ -99.55322162, 19.26784692 ] } },
{ "type": "Feature", "properties": { "nom_estab": "TIENDAS TRES B", "codigo_act": 462112, "latitud": 19.20378134, "longitud": -98.8706624 }, "geometry": { "type": "Point", "coordinates": [ -98.8706624, 19.20378134 ] } },
{ "type": "Feature", "properties": { "nom_estab": "TIENDAS TRES B", "codigo_act": 462112, "latitud": 19.51538799, "longitud": -98.8809439 }, "geometry": { "type": "Point", "coordinates": [ -98.8809439, 19.51538799 ] } },
{ "type": "Feature", "properties": { "nom_estab": "TIENDAS TRES B", "codigo_act": 462112, "latitud": 19.53648572, "longitud": -99.09044947 }, "geometry": { "type": "Point", "coordinates": [ -99.09044947, 19.53648572 ] } },
{ "type": "Feature", "properties": { "nom_estab": "TIENDAS TRES B", "codigo_act": 462112, "latitud": 19.53552712, "longitud": -99.11934732 }, "geometry": { "type": "Point", "coordinates": [ -99.11934732, 19.53552712 ] } },
{ "type": "Feature", "properties": { "nom_estab": "TIENDAS TRES B", "codigo_act": 462112, "latitud": 19.59498046, "longitud": -98.94157503 }, "geometry": { "type": "Point", "coordinates": [ -98.94157503, 19.59498046 ] } },
{ "type": "Feature", "properties": { "nom_estab": "TIENDAS TRES B", "codigo_act": 462112, "latitud": 19.20381965, "longitud": -98.80377078 }, "geometry": { "type": "Point", "coordinates": [ -98.80377078, 19.20381965 ] } },
{ "type": "Feature", "properties": { "nom_estab": "TIENDAS TRES B", "codigo_act": 462112, "latitud": 19.58621951, "longitud": -99.02130776 }, "geometry": { "type": "Point", "coordinates": [ -99.02130776, 19.58621951 ] } },
{ "type": "Feature", "properties": { "nom_estab": "TIENDAS TRES B", "codigo_act": 462112, "latitud": 19.42417689, "longitud": -98.98691384 }, "geometry": { "type": "Point", "coordinates": [ -98.98691384, 19.42417689 ] } },
{ "type": "Feature", "properties": { "nom_estab": "TIENDAS TRES B", "codigo_act": 462112, "latitud": 19.41421667, "longitud": -98.89027288 }, "geometry": { "type": "Point", "coordinates": [ -98.89027288, 19.41421667 ] } },
{ "type": "Feature", "properties": { "nom_estab": "TIENDAS TRES B", "codigo_act": 462112, "latitud": 19.64838687, "longitud": -98.99394751 }, "geometry": { "type": "Point", "coordinates": [ -98.99394751, 19.64838687 ] } },
{ "type": "Feature", "properties": { "nom_estab": "TIENDAS TRES B", "codigo_act": 462112, "latitud": 19.69501567, "longitud": -99.22480958 }, "geometry": { "type": "Point", "coordinates": [ -99.22480958, 19.69501567 ] } },
{ "type": "Feature", "properties": { "nom_estab": "TIENDAS TRES B", "codigo_act": 462112, "latitud": 19.26920363, "longitud": -98.93340982 }, "geometry": { "type": "Point", "coordinates": [ -98.93340982, 19.26920363 ] } },
{ "type": "Feature", "properties": { "nom_estab": "TIENDAS TRES B", "codigo_act": 462112, "latitud": 19.66325702, "longitud": -99.21813587 }, "geometry": { "type": "Point", "coordinates": [ -99.21813587, 19.66325702 ] } },
{ "type": "Feature", "properties": { "nom_estab": "TIENDAS TRES B", "codigo_act": 462112, "latitud": 19.61965758, "longitud": -99.21712751 }, "geometry": { "type": "Point", "coordinates": [ -99.21712751, 19.61965758 ] } },
{ "type": "Feature", "properties": { "nom_estab": "TIENDAS TRES B", "codigo_act": 462112, "latitud": 19.08478895, "longitud": -98.85227346000001 }, "geometry": { "type": "Point", "coordinates": [ -98.85227346, 19.08478895 ] } },
{ "type": "Feature", "properties": { "nom_estab": "TIENDAS TRES B", "codigo_act": 462112, "latitud": 19.41896182, "longitud": -99.2680517 }, "geometry": { "type": "Point", "coordinates": [ -99.2680517, 19.41896182 ] } },
{ "type": "Feature", "properties": { "nom_estab": "TIENDAS TRES B", "codigo_act": 462112, "latitud": 19.56448897, "longitud": -99.05934222 }, "geometry": { "type": "Point", "coordinates": [ -99.05934222, 19.56448897 ] } },
{ "type": "Feature", "properties": { "nom_estab": "TIENDAS TRES B", "codigo_act": 462112, "latitud": 19.8324243, "longitud": -99.20345887000001 }, "geometry": { "type": "Point", "coordinates": [ -99.20345887, 19.8324243 ] } },
{ "type": "Feature", "properties": { "nom_estab": "TIENDAS TRES B", "codigo_act": 462112, "latitud": 19.56562676, "longitud": -99.08758226 }, "geometry": { "type": "Point", "coordinates": [ -99.08758226, 19.56562676 ] } },
{ "type": "Feature", "properties": { "nom_estab": "TIENDAS TRES B", "codigo_act": 462112, "latitud": 19.32819229, "longitud": -98.94649383 }, "geometry": { "type": "Point", "coordinates": [ -98.94649383, 19.32819229 ] } },
{ "type": "Feature", "properties": { "nom_estab": "TIENDAS TRES B", "codigo_act": 462112, "latitud": 19.19477438, "longitud": -100.13415878000001 }, "geometry": { "type": "Point", "coordinates": [ -100.13415878, 19.19477438 ] } },
{ "type": "Feature", "properties": { "nom_estab": "TIENDAS TRES B", "codigo_act": 462112, "latitud": 19.27910725, "longitud": -99.66005575 }, "geometry": { "type": "Point", "coordinates": [ -99.66005575, 19.27910725 ] } },
{ "type": "Feature", "properties": { "nom_estab": "TIENDAS TRES B", "codigo_act": 462112, "latitud": 18.92556178, "longitud": -99.76976467 }, "geometry": { "type": "Point", "coordinates": [ -99.76976467, 18.92556178 ] } },
{ "type": "Feature", "properties": { "nom_estab": "TIENDAS TRES B", "codigo_act": 462112, "latitud": 19.62033327, "longitud": -99.31303563 }, "geometry": { "type": "Point", "coordinates": [ -99.31303563, 19.62033327 ] } },
{ "type": "Feature", "properties": { "nom_estab": "TIENDAS TRES B", "codigo_act": 462112, "latitud": 19.25118548, "longitud": -99.60604104 }, "geometry": { "type": "Point", "coordinates": [ -99.60604104, 19.25118548 ] } },
{ "type": "Feature", "properties": { "nom_estab": "TIENDAS TRES B", "codigo_act": 462112, "latitud": 19.57301109, "longitud": -99.0535351 }, "geometry": { "type": "Point", "coordinates": [ -99.0535351, 19.57301109 ] } },
{ "type": "Feature", "properties": { "nom_estab": "TIENDAS TRES B", "codigo_act": 462112, "latitud": 19.38488184, "longitud": -99.01258795 }, "geometry": { "type": "Point", "coordinates": [ -99.01258795, 19.38488184 ] } },
{ "type": "Feature", "properties": { "nom_estab": "TIENDAS TRES B", "codigo_act": 462112, "latitud": 19.38493344, "longitud": -99.30398222 }, "geometry": { "type": "Point", "coordinates": [ -99.30398222, 19.38493344 ] } },
{ "type": "Feature", "properties": { "nom_estab": "TIENDAS TRES B", "codigo_act": 462112, "latitud": 19.59362827, "longitud": -99.2564338 }, "geometry": { "type": "Point", "coordinates": [ -99.2564338, 19.59362827 ] } },
{ "type": "Feature", "properties": { "nom_estab": "TIENDAS TRES B", "codigo_act": 462112, "latitud": 19.61000318, "longitud": -99.2422598 }, "geometry": { "type": "Point", "coordinates": [ -99.2422598, 19.61000318 ] } },
{ "type": "Feature", "properties": { "nom_estab": "TIENDAS TRES B", "codigo_act": 462112, "latitud": 19.37500122, "longitud": -98.9272829 }, "geometry": { "type": "Point", "coordinates": [ -98.9272829, 19.37500122 ] } },
{ "type": "Feature", "properties": { "nom_estab": "TIENDAS TRES B", "codigo_act": 462112, "latitud": 19.37828573, "longitud": -98.99878148000001 }, "geometry": { "type": "Point", "coordinates": [ -98.99878148, 19.37828573 ] } },
{ "type": "Feature", "properties": { "nom_estab": "TIENDAS TRES B", "codigo_act": 462112, "latitud": 19.32448458, "longitud": -98.87484909 }, "geometry": { "type": "Point", "coordinates": [ -98.87484909, 19.32448458 ] } },
{ "type": "Feature", "properties": { "nom_estab": "TIENDAS TRES B", "codigo_act": 462112, "latitud": 19.46218213, "longitud": -99.2626232 }, "geometry": { "type": "Point", "coordinates": [ -99.2626232, 19.46218213 ] } },
{ "type": "Feature", "properties": { "nom_estab": "TIENDAS TRES B", "codigo_act": 462112, "latitud": 19.83369106, "longitud": -99.20646739 }, "geometry": { "type": "Point", "coordinates": [ -99.20646739, 19.83369106 ] } },
{ "type": "Feature", "properties": { "nom_estab": "TIENDAS TRES B", "codigo_act": 462112, "latitud": 19.17776229, "longitud": -99.4662705 }, "geometry": { "type": "Point", "coordinates": [ -99.4662705, 19.17776229 ] } },
{ "type": "Feature", "properties": { "nom_estab": "TIENDAS TRES B", "codigo_act": 462112, "latitud": 19.12787377, "longitud": -99.58595626 }, "geometry": { "type": "Point", "coordinates": [ -99.58595626, 19.12787377 ] } },
{ "type": "Feature", "properties": { "nom_estab": "TIENDAS TRES B", "codigo_act": 462112, "latitud": 19.28171103, "longitud": -99.61676225 }, "geometry": { "type": "Point", "coordinates": [ -99.61676225, 19.28171103 ] } },
{ "type": "Feature", "properties": { "nom_estab": "TIENDAS TRES B", "codigo_act": 462112, "latitud": 19.54391867, "longitud": -99.15506386 }, "geometry": { "type": "Point", "coordinates": [ -99.15506386, 19.54391867 ] } },
{ "type": "Feature", "properties": { "nom_estab": "TIENDAS TRES B", "codigo_act": 462112, "latitud": 19.63070608, "longitud": -99.13921024 }, "geometry": { "type": "Point", "coordinates": [ -99.13921024, 19.63070608 ] } },
{ "type": "Feature", "properties": { "nom_estab": "TIENDAS TRES B", "codigo_act": 462112, "latitud": 19.54269729, "longitud": -99.06757069 }, "geometry": { "type": "Point", "coordinates": [ -99.06757069, 19.54269729 ] } },
{ "type": "Feature", "properties": { "nom_estab": "TIENDAS TRES B", "codigo_act": 462112, "latitud": 19.64795575, "longitud": -99.24848843 }, "geometry": { "type": "Point", "coordinates": [ -99.24848843, 19.64795575 ] } },
{ "type": "Feature", "properties": { "nom_estab": "TIENDAS TRES B", "codigo_act": 462112, "latitud": 19.67793107, "longitud": -99.21308702 }, "geometry": { "type": "Point", "coordinates": [ -99.21308702, 19.67793107 ] } },
{ "type": "Feature", "properties": { "nom_estab": "TIENDAS TRES B", "codigo_act": 462112, "latitud": 19.26994095, "longitud": -98.95462948 }, "geometry": { "type": "Point", "coordinates": [ -98.95462948, 19.26994095 ] } },
{ "type": "Feature", "properties": { "nom_estab": "TIENDAS TRES B", "codigo_act": 462112, "latitud": 19.2796571, "longitud": -98.95825954 }, "geometry": { "type": "Point", "coordinates": [ -98.95825954, 19.2796571 ] } },
{ "type": "Feature", "properties": { "nom_estab": "TIENDAS TRES B", "codigo_act": 462112, "latitud": 19.45800459, "longitud": -99.26268973000001 }, "geometry": { "type": "Point", "coordinates": [ -99.26268973, 19.45800459 ] } },
{ "type": "Feature", "properties": { "nom_estab": "TIENDAS TRES B", "codigo_act": 462112, "latitud": 19.44949152, "longitud": -99.28355477 }, "geometry": { "type": "Point", "coordinates": [ -99.28355477, 19.44949152 ] } },
{ "type": "Feature", "properties": { "nom_estab": "TIENDAS TRES B", "codigo_act": 462112, "latitud": 19.29446058, "longitud": -98.95057936000001 }, "geometry": { "type": "Point", "coordinates": [ -98.95057936, 19.29446058 ] } },
{ "type": "Feature", "properties": { "nom_estab": "TIENDAS TRES B", "codigo_act": 462112, "latitud": 19.27422201, "longitud": -98.95269315 }, "geometry": { "type": "Point", "coordinates": [ -98.95269315, 19.27422201 ] } },
{ "type": "Feature", "properties": { "nom_estab": "TIENDAS TRES B", "codigo_act": 462112, "latitud": 19.31654187, "longitud": -98.88637678000001 }, "geometry": { "type": "Point", "coordinates": [ -98.88637678, 19.31654187 ] } },
{ "type": "Feature", "properties": { "nom_estab": "TIENDAS TRES B", "codigo_act": 462112, "latitud": 19.74562549, "longitud": -99.18071982 }, "geometry": { "type": "Point", "coordinates": [ -99.18071982, 19.74562549 ] } },
{ "type": "Feature", "properties": { "nom_estab": "TIENDAS TRES B", "codigo_act": 462112, "latitud": 19.6715488, "longitud": -99.15442568 }, "geometry": { "type": "Point", "coordinates": [ -99.15442568, 19.6715488 ] } },
{ "type": "Feature", "properties": { "nom_estab": "TIENDAS TRES B", "codigo_act": 462112, "latitud": 19.62776439, "longitud": -99.1031914 }, "geometry": { "type": "Point", "coordinates": [ -99.1031914, 19.62776439 ] } },
{ "type": "Feature", "properties": { "nom_estab": "TIENDAS TRES B", "codigo_act": 462112, "latitud": 19.40722817, "longitud": -98.90759543 }, "geometry": { "type": "Point", "coordinates": [ -98.90759543, 19.40722817 ] } },
{ "type": "Feature", "properties": { "nom_estab": "TIENDAS TRES B", "codigo_act": 462112, "latitud": 19.40081432, "longitud": -98.92077729 }, "geometry": { "type": "Point", "coordinates": [ -98.92077729, 19.40081432 ] } },
{ "type": "Feature", "properties": { "nom_estab": "TIENDAS TRES B", "codigo_act": 462112, "latitud": 19.63759634, "longitud": -99.08403981 }, "geometry": { "type": "Point", "coordinates": [ -99.08403981, 19.63759634 ] } },
{ "type": "Feature", "properties": { "nom_estab": "TIENDAS TRES B", "codigo_act": 462112, "latitud": 19.25700721, "longitud": -98.8181494 }, "geometry": { "type": "Point", "coordinates": [ -98.8181494, 19.25700721 ] } },
{ "type": "Feature", "properties": { "nom_estab": "TIENDAS TRES B", "codigo_act": 462112, "latitud": 19.43773559, "longitud": -98.97314187000001 }, "geometry": { "type": "Point", "coordinates": [ -98.97314187, 19.43773559 ] } },
{ "type": "Feature", "properties": { "nom_estab": "TIENDAS TRES B", "codigo_act": 462112, "latitud": 19.63393292, "longitud": -99.05396785000001 }, "geometry": { "type": "Point", "coordinates": [ -99.05396785, 19.63393292 ] } },
{ "type": "Feature", "properties": { "nom_estab": "TIENDAS TRES B", "codigo_act": 462112, "latitud": 19.12983774, "longitud": -98.76700346 }, "geometry": { "type": "Point", "coordinates": [ -98.76700346, 19.12983774 ] } },
{ "type": "Feature", "properties": { "nom_estab": "TIENDAS TRES B", "codigo_act": 462112, "latitud": 19.26035636, "longitud": -98.89639457 }, "geometry": { "type": "Point", "coordinates": [ -98.89639457, 19.26035636 ] } },
{ "type": "Feature", "properties": { "nom_estab": "TIENDAS TRES B", "codigo_act": 462112, "latitud": 19.58883781, "longitud": -98.8977617 }, "geometry": { "type": "Point", "coordinates": [ -98.8977617, 19.58883781 ] } },
{ "type": "Feature", "properties": { "nom_estab": "TIENDAS TRES B", "codigo_act": 462112, "latitud": 19.27152636, "longitud": -98.90708995 }, "geometry": { "type": "Point", "coordinates": [ -98.90708995, 19.27152636 ] } },
{ "type": "Feature", "properties": { "nom_estab": "TIENDAS TRES B", "codigo_act": 462112, "latitud": 19.39916927, "longitud": -98.93180665 }, "geometry": { "type": "Point", "coordinates": [ -98.93180665, 19.39916927 ] } },
{ "type": "Feature", "properties": { "nom_estab": "TIENDAS TRES B", "codigo_act": 462112, "latitud": 19.26578293, "longitud": -98.90870604 }, "geometry": { "type": "Point", "coordinates": [ -98.90870604, 19.26578293 ] } },
{ "type": "Feature", "properties": { "nom_estab": "TIENDAS TRES B", "codigo_act": 462112, "latitud": 19.55746421, "longitud": -98.89453937 }, "geometry": { "type": "Point", "coordinates": [ -98.89453937, 19.55746421 ] } },
{ "type": "Feature", "properties": { "nom_estab": "TIENDAS TRES B", "codigo_act": 462112, "latitud": 19.44058327, "longitud": -98.94687436 }, "geometry": { "type": "Point", "coordinates": [ -98.94687436, 19.44058327 ] } },
{ "type": "Feature", "properties": { "nom_estab": "TIENDAS TRES B", "codigo_act": 462112, "latitud": 19.38957404, "longitud": -98.96240187 }, "geometry": { "type": "Point", "coordinates": [ -98.96240187, 19.38957404 ] } },
{ "type": "Feature", "properties": { "nom_estab": "TIENDAS TRES B", "codigo_act": 462112, "latitud": 19.58570012, "longitud": -99.21960052 }, "geometry": { "type": "Point", "coordinates": [ -99.21960052, 19.58570012 ] } },
{ "type": "Feature", "properties": { "nom_estab": "TIENDAS TRES B", "codigo_act": 462112, "latitud": 19.64637793, "longitud": -99.08635552 }, "geometry": { "type": "Point", "coordinates": [ -99.08635552, 19.64637793 ] } },
{ "type": "Feature", "properties": { "nom_estab": "TIENDAS TRES B", "codigo_act": 462112, "latitud": 19.16441504, "longitud": -99.61774146 }, "geometry": { "type": "Point", "coordinates": [ -99.61774146, 19.16441504 ] } },
{ "type": "Feature", "properties": { "nom_estab": "TIENDAS TRES B", "codigo_act": 462112, "latitud": 19.43565083, "longitud": -98.95220097000001 }, "geometry": { "type": "Point", "coordinates": [ -98.95220097, 19.43565083 ] } },
{ "type": "Feature", "properties": { "nom_estab": "TIENDAS TRES B", "codigo_act": 462112, "latitud": 19.25849265, "longitud": -98.85813945 }, "geometry": { "type": "Point", "coordinates": [ -98.85813945, 19.25849265 ] } },
{ "type": "Feature", "properties": { "nom_estab": "TIENDAS TRES B", "codigo_act": 462112, "latitud": 19.26233681, "longitud": -98.84780669 }, "geometry": { "type": "Point", "coordinates": [ -98.84780669, 19.26233681 ] } },
{ "type": "Feature", "properties": { "nom_estab": "TIENDAS TRES B", "codigo_act": 462112, "latitud": 19.25957489, "longitud": -98.91588154 }, "geometry": { "type": "Point", "coordinates": [ -98.91588154, 19.25957489 ] } },
{ "type": "Feature", "properties": { "nom_estab": "TIENDAS TRES B", "codigo_act": 462112, "latitud": 19.20837048, "longitud": -98.93017248 }, "geometry": { "type": "Point", "coordinates": [ -98.93017248, 19.20837048 ] } },
{ "type": "Feature", "properties": { "nom_estab": "TIENDAS TRES B", "codigo_act": 462112, "latitud": 19.40324724, "longitud": -98.90798412 }, "geometry": { "type": "Point", "coordinates": [ -98.90798412, 19.40324724 ] } },
{ "type": "Feature", "properties": { "nom_estab": "TIENDAS TRES B", "codigo_act": 462112, "latitud": 19.62019105, "longitud": -99.05385114000001 }, "geometry": { "type": "Point", "coordinates": [ -99.05385114, 19.62019105 ] } },
{ "type": "Feature", "properties": { "nom_estab": "TIENDAS TRES B", "codigo_act": 462112, "latitud": 19.43790067, "longitud": -99.28846505 }, "geometry": { "type": "Point", "coordinates": [ -99.28846505, 19.43790067 ] } },
{ "type": "Feature", "properties": { "nom_estab": "TIENDAS TRES B", "codigo_act": 462112, "latitud": 19.43230065, "longitud": -99.2451878 }, "geometry": { "type": "Point", "coordinates": [ -99.2451878, 19.43230065 ] } },
{ "type": "Feature", "properties": { "nom_estab": "TIENDAS TRES B", "codigo_act": 462112, "latitud": 19.56880209, "longitud": -99.04814234 }, "geometry": { "type": "Point", "coordinates": [ -99.04814234, 19.56880209 ] } },
{ "type": "Feature", "properties": { "nom_estab": "TIENDAS TRES B", "codigo_act": 462112, "latitud": 19.12726432, "longitud": -98.7702578 }, "geometry": { "type": "Point", "coordinates": [ -98.7702578, 19.12726432 ] } },
{ "type": "Feature", "properties": { "nom_estab": "TIENDAS TRES B", "codigo_act": 462112, "latitud": 19.59045305, "longitud": -99.22617735 }, "geometry": { "type": "Point", "coordinates": [ -99.22617735, 19.59045305 ] } },
{ "type": "Feature", "properties": { "nom_estab": "TIENDAS TRES B", "codigo_act": 462112, "latitud": 19.26114666, "longitud": -99.52817423 }, "geometry": { "type": "Point", "coordinates": [ -99.52817423, 19.26114666 ] } },
{ "type": "Feature", "properties": { "nom_estab": "TIENDAS TRES B", "codigo_act": 462112, "latitud": 19.61271418, "longitud": -99.31674915000001 }, "geometry": { "type": "Point", "coordinates": [ -99.31674915, 19.61271418 ] } },
{ "type": "Feature", "properties": { "nom_estab": "TIENDAS TRES B", "codigo_act": 462112, "latitud": 19.31897979, "longitud": -99.66185286 }, "geometry": { "type": "Point", "coordinates": [ -99.66185286, 19.31897979 ] } },
{ "type": "Feature", "properties": { "nom_estab": "TIENDAS TRES B", "codigo_act": 462112, "latitud": 19.60287236, "longitud": -99.30516568 }, "geometry": { "type": "Point", "coordinates": [ -99.30516568, 19.60287236 ] } },
{ "type": "Feature", "properties": { "nom_estab": "TIENDAS TRES B", "codigo_act": 462112, "latitud": 19.27231659, "longitud": -99.46337345000001 }, "geometry": { "type": "Point", "coordinates": [ -99.46337345, 19.27231659 ] } },
{ "type": "Feature", "properties": { "nom_estab": "TIENDAS TRES B", "codigo_act": 462112, "latitud": 19.72409061, "longitud": -99.22754316 }, "geometry": { "type": "Point", "coordinates": [ -99.22754316, 19.72409061 ] } },
{ "type": "Feature", "properties": { "nom_estab": "TIENDAS TRES B", "codigo_act": 462112, "latitud": 19.62545905, "longitud": -99.31346612 }, "geometry": { "type": "Point", "coordinates": [ -99.31346612, 19.62545905 ] } },
{ "type": "Feature", "properties": { "nom_estab": "TIENDAS TRES B", "codigo_act": 462112, "latitud": 19.46787413, "longitud": -99.59262665 }, "geometry": { "type": "Point", "coordinates": [ -99.59262665, 19.46787413 ] } },
{ "type": "Feature", "properties": { "nom_estab": "TIENDAS TRES B", "codigo_act": 462112, "latitud": 19.6247026, "longitud": -99.31353986000001 }, "geometry": { "type": "Point", "coordinates": [ -99.31353986, 19.6247026 ] } },
{ "type": "Feature", "properties": { "nom_estab": "TIENDAS TRES B", "codigo_act": 462112, "latitud": 19.45660278, "longitud": -99.26612318 }, "geometry": { "type": "Point", "coordinates": [ -99.26612318, 19.45660278 ] } },
{ "type": "Feature", "properties": { "nom_estab": "TIENDAS TRES B", "codigo_act": 462112, "latitud": 19.82171709, "longitud": -99.20873563000001 }, "geometry": { "type": "Point", "coordinates": [ -99.20873563, 19.82171709 ] } },
{ "type": "Feature", "properties": { "nom_estab": "TIENDAS TRES B", "codigo_act": 462112, "latitud": 19.30425454, "longitud": -98.90333953 }, "geometry": { "type": "Point", "coordinates": [ -98.90333953, 19.30425454 ] } },
{ "type": "Feature", "properties": { "nom_estab": "TIENDAS TRES B", "codigo_act": 462112, "latitud": 19.10267801, "longitud": -98.88377354000001 }, "geometry": { "type": "Point", "coordinates": [ -98.88377354, 19.10267801 ] } },
{ "type": "Feature", "properties": { "nom_estab": "TIENDAS TRES B", "codigo_act": 462112, "latitud": 19.56194029, "longitud": -99.24750624000001 }, "geometry": { "type": "Point", "coordinates": [ -99.24750624, 19.56194029 ] } },
{ "type": "Feature", "properties": { "nom_estab": "TIENDAS TRES B", "codigo_act": 462112, "latitud": 19.53112366, "longitud": -99.16951492 }, "geometry": { "type": "Point", "coordinates": [ -99.16951492, 19.53112366 ] } },
{ "type": "Feature", "properties": { "nom_estab": "TIENDAS TRES B", "codigo_act": 462112, "latitud": 19.25900525, "longitud": -99.58529886 }, "geometry": { "type": "Point", "coordinates": [ -99.58529886, 19.25900525 ] } },
{ "type": "Feature", "properties": { "nom_estab": "TIENDAS TRES B", "codigo_act": 462112, "latitud": 19.65460938, "longitud": -99.38220965 }, "geometry": { "type": "Point", "coordinates": [ -99.38220965, 19.65460938 ] } },
{ "type": "Feature", "properties": { "nom_estab": "TIENDAS TRES B", "codigo_act": 462112, "latitud": 19.05054706, "longitud": -99.53243475 }, "geometry": { "type": "Point", "coordinates": [ -99.53243475, 19.05054706 ] } },
{ "type": "Feature", "properties": { "nom_estab": "TIENDAS TRES B", "codigo_act": 462112, "latitud": 19.70626252, "longitud": -99.70612462 }, "geometry": { "type": "Point", "coordinates": [ -99.70612462, 19.70626252 ] } },
{ "type": "Feature", "properties": { "nom_estab": "TIENDAS TRES B", "codigo_act": 462112, "latitud": 19.56679881, "longitud": -99.76410973 }, "geometry": { "type": "Point", "coordinates": [ -99.76410973, 19.56679881 ] } },
{ "type": "Feature", "properties": { "nom_estab": "TIENDAS TRES B", "codigo_act": 462112, "latitud": 19.27046915, "longitud": -98.93311022 }, "geometry": { "type": "Point", "coordinates": [ -98.93311022, 19.27046915 ] } },
{ "type": "Feature", "properties": { "nom_estab": "TIENDAS TRES B", "codigo_act": 462112, "latitud": 19.62730224, "longitud": -99.26108307 }, "geometry": { "type": "Point", "coordinates": [ -99.26108307, 19.62730224 ] } },
{ "type": "Feature", "properties": { "nom_estab": "TIENDAS TRES B", "codigo_act": 462112, "latitud": 19.75041782, "longitud": -99.16498648 }, "geometry": { "type": "Point", "coordinates": [ -99.16498648, 19.75041782 ] } },
{ "type": "Feature", "properties": { "nom_estab": "TIENDAS TRES B", "codigo_act": 462112, "latitud": 19.80369817, "longitud": -99.87340203 }, "geometry": { "type": "Point", "coordinates": [ -99.87340203, 19.80369817 ] } },
{ "type": "Feature", "properties": { "nom_estab": "TIENDAS TRES B", "codigo_act": 462112, "latitud": 19.91819405, "longitud": -100.00235516 }, "geometry": { "type": "Point", "coordinates": [ -100.00235516, 19.91819405 ] } },
{ "type": "Feature", "properties": { "nom_estab": "TIENDAS TRES B", "codigo_act": 462112, "latitud": 19.07196313, "longitud": -100.25542354 }, "geometry": { "type": "Point", "coordinates": [ -100.25542354, 19.07196313 ] } },
{ "type": "Feature", "properties": { "nom_estab": "TIENDAS TRES B", "codigo_act": 462112, "latitud": 19.21497741, "longitud": -98.90936803 }, "geometry": { "type": "Point", "coordinates": [ -98.90936803, 19.21497741 ] } },
{ "type": "Feature", "properties": { "nom_estab": "TIENDAS TRES B", "codigo_act": 462112, "latitud": 19.2776669, "longitud": -98.88647421 }, "geometry": { "type": "Point", "coordinates": [ -98.88647421, 19.2776669 ] } },
{ "type": "Feature", "properties": { "nom_estab": "TIENDAS TRES B", "codigo_act": 462112, "latitud": 19.64016253, "longitud": -98.98243902 }, "geometry": { "type": "Point", "coordinates": [ -98.98243902, 19.64016253 ] } },
{ "type": "Feature", "properties": { "nom_estab": "TIENDAS TRES B", "codigo_act": 462112, "latitud": 19.28352316, "longitud": -98.90725728 }, "geometry": { "type": "Point", "coordinates": [ -98.90725728, 19.28352316 ] } },
{ "type": "Feature", "properties": { "nom_estab": "TIENDAS TRES B", "codigo_act": 462112, "latitud": 19.26233639, "longitud": -98.84780582 }, "geometry": { "type": "Point", "coordinates": [ -98.84780582, 19.26233639 ] } },
{ "type": "Feature", "properties": { "nom_estab": "TIENDAS TRES B", "codigo_act": 462112, "latitud": 19.31261581, "longitud": -98.91754409000001 }, "geometry": { "type": "Point", "coordinates": [ -98.91754409, 19.31261581 ] } },
{ "type": "Feature", "properties": { "nom_estab": "TIENDAS TRES B", "codigo_act": 462112, "latitud": 19.66035139, "longitud": -100.14764478 }, "geometry": { "type": "Point", "coordinates": [ -100.14764478, 19.66035139 ] } },
{ "type": "Feature", "properties": { "nom_estab": "TIENDAS TRES B", "codigo_act": 462112, "latitud": 19.16085136, "longitud": -99.5705623 }, "geometry": { "type": "Point", "coordinates": [ -99.5705623, 19.16085136 ] } },
{ "type": "Feature", "properties": { "nom_estab": "TIENDAS TRES B", "codigo_act": 462112, "latitud": 19.28629622, "longitud": -99.65530793000001 }, "geometry": { "type": "Point", "coordinates": [ -99.65530793, 19.28629622 ] } },
{ "type": "Feature", "properties": { "nom_estab": "TIENDAS TRES B", "codigo_act": 462112, "latitud": 19.27669216, "longitud": -99.64177476 }, "geometry": { "type": "Point", "coordinates": [ -99.64177476, 19.27669216 ] } },
{ "type": "Feature", "properties": { "nom_estab": "TIENDAS TRES B", "codigo_act": 462112, "latitud": 19.28040875, "longitud": -99.58956442 }, "geometry": { "type": "Point", "coordinates": [ -99.58956442, 19.28040875 ] } },
{ "type": "Feature", "properties": { "nom_estab": "TIENDAS TRES B", "codigo_act": 462112, "latitud": 19.46623185, "longitud": -99.59441211 }, "geometry": { "type": "Point", "coordinates": [ -99.59441211, 19.46623185 ] } },
{ "type": "Feature", "properties": { "nom_estab": "TIENDAS TRES B", "codigo_act": 462112, "latitud": 19.59590113, "longitud": -99.30476417 }, "geometry": { "type": "Point", "coordinates": [ -99.30476417, 19.59590113 ] } },
{ "type": "Feature", "properties": { "nom_estab": "TIENDAS TRES B", "codigo_act": 462112, "latitud": 19.38357852, "longitud": -99.28464466 }, "geometry": { "type": "Point", "coordinates": [ -99.28464466, 19.38357852 ] } },
{ "type": "Feature", "properties": { "nom_estab": "TIENDAS TRES B", "codigo_act": 462112, "latitud": 19.43681411, "longitud": -99.26176088 }, "geometry": { "type": "Point", "coordinates": [ -99.26176088, 19.43681411 ] } },
{ "type": "Feature", "properties": { "nom_estab": "TIENDAS TRES B", "codigo_act": 462112, "latitud": 19.46170637, "longitud": -99.28287845 }, "geometry": { "type": "Point", "coordinates": [ -99.28287845, 19.46170637 ] } },
{ "type": "Feature", "properties": { "nom_estab": "TIENDAS TRES B", "codigo_act": 462112, "latitud": 19.22503267, "longitud": -99.46238247 }, "geometry": { "type": "Point", "coordinates": [ -99.46238247, 19.22503267 ] } },
{ "type": "Feature", "properties": { "nom_estab": "TIENDAS TRES B", "codigo_act": 462112, "latitud": 19.31169977, "longitud": -99.57255361 }, "geometry": { "type": "Point", "coordinates": [ -99.57255361, 19.31169977 ] } },
{ "type": "Feature", "properties": { "nom_estab": "TIENDAS TRES B", "codigo_act": 462112, "latitud": 19.26864513, "longitud": -99.69198249 }, "geometry": { "type": "Point", "coordinates": [ -99.69198249, 19.26864513 ] } },
{ "type": "Feature", "properties": { "nom_estab": "TIENDAS TRES B", "codigo_act": 462112, "latitud": 19.26896062, "longitud": -99.67156693 }, "geometry": { "type": "Point", "coordinates": [ -99.67156693, 19.26896062 ] } },
{ "type": "Feature", "properties": { "nom_estab": "TIENDAS TRES B", "codigo_act": 462112, "latitud": 18.9590696, "longitud": -99.59365926 }, "geometry": { "type": "Point", "coordinates": [ -99.59365926, 18.9590696 ] } },
{ "type": "Feature", "properties": { "nom_estab": "TIENDAS TRES B", "codigo_act": 462112, "latitud": 19.2829069, "longitud": -99.5486221 }, "geometry": { "type": "Point", "coordinates": [ -99.5486221, 19.2829069 ] } },
{ "type": "Feature", "properties": { "nom_estab": "TIENDAS TRES B", "codigo_act": 462112, "latitud": 19.17505997, "longitud": -99.56073988 }, "geometry": { "type": "Point", "coordinates": [ -99.56073988, 19.17505997 ] } },
{ "type": "Feature", "properties": { "nom_estab": "TIENDAS TRES B", "codigo_act": 462112, "latitud": 19.31897564, "longitud": -99.66183158 }, "geometry": { "type": "Point", "coordinates": [ -99.66183158, 19.31897564 ] } },
{ "type": "Feature", "properties": { "nom_estab": "TIENDAS TRES B", "codigo_act": 462112, "latitud": 19.87771781, "longitud": -99.73643445 }, "geometry": { "type": "Point", "coordinates": [ -99.73643445, 19.87771781 ] } },
{ "type": "Feature", "properties": { "nom_estab": "TIENDAS TRES B", "codigo_act": 462112, "latitud": 18.80372228, "longitud": -99.67026411000001 }, "geometry": { "type": "Point", "coordinates": [ -99.67026411, 18.80372228 ] } },
{ "type": "Feature", "properties": { "nom_estab": "TIENDAS TRES B", "codigo_act": 462112, "latitud": 19.23114763, "longitud": -99.53868528 }, "geometry": { "type": "Point", "coordinates": [ -99.53868528, 19.23114763 ] } },
{ "type": "Feature", "properties": { "nom_estab": "TIENDAS TRES B", "codigo_act": 462112, "latitud": 19.79932519, "longitud": -99.87815087 }, "geometry": { "type": "Point", "coordinates": [ -99.87815087, 19.79932519 ] } },
{ "type": "Feature", "properties": { "nom_estab": "TIENDAS TRES B", "codigo_act": 462112, "latitud": 19.24692932, "longitud": -99.5298285 }, "geometry": { "type": "Point", "coordinates": [ -99.5298285, 19.24692932 ] } },
{ "type": "Feature", "properties": { "nom_estab": "TIENDAS TRES B", "codigo_act": 462112, "latitud": 19.31212163, "longitud": -99.67050213 }, "geometry": { "type": "Point", "coordinates": [ -99.67050213, 19.31212163 ] } },
{ "type": "Feature", "properties": { "nom_estab": "TIENDAS TRES B", "codigo_act": 462112, "latitud": 18.96295102, "longitud": -99.64247615 }, "geometry": { "type": "Point", "coordinates": [ -99.64247615, 18.96295102 ] } },
{ "type": "Feature", "properties": { "nom_estab": "TIENDAS TRES B", "codigo_act": 462112, "latitud": 20.10728459, "longitud": -99.72234706 }, "geometry": { "type": "Point", "coordinates": [ -99.72234706, 20.10728459 ] } },
{ "type": "Feature", "properties": { "nom_estab": "TIENDAS TRES B", "codigo_act": 462112, "latitud": 18.8439421, "longitud": -99.67358315 }, "geometry": { "type": "Point", "coordinates": [ -99.67358315, 18.8439421 ] } },
{ "type": "Feature", "properties": { "nom_estab": "TIENDAS TRES B", "codigo_act": 462112, "latitud": 19.20278001, "longitud": -99.56144167 }, "geometry": { "type": "Point", "coordinates": [ -99.56144167, 19.20278001 ] } },
{ "type": "Feature", "properties": { "nom_estab": "TIENDAS TRES B", "codigo_act": 462112, "latitud": 19.15962895, "longitud": -99.48594803 }, "geometry": { "type": "Point", "coordinates": [ -99.48594803, 19.15962895 ] } },
{ "type": "Feature", "properties": { "nom_estab": "TIENDAS TRES B", "codigo_act": 462112, "latitud": 19.25402373, "longitud": -99.70437492000001 }, "geometry": { "type": "Point", "coordinates": [ -99.70437492, 19.25402373 ] } },
{ "type": "Feature", "properties": { "nom_estab": "TIENDAS TRES B", "codigo_act": 462112, "latitud": 19.51032599, "longitud": -99.17343362 }, "geometry": { "type": "Point", "coordinates": [ -99.17343362, 19.51032599 ] } },
{ "type": "Feature", "properties": { "nom_estab": "TIENDAS TRES B", "codigo_act": 462112, "latitud": 19.2046495, "longitud": -98.80179794 }, "geometry": { "type": "Point", "coordinates": [ -98.80179794, 19.2046495 ] } },
{ "type": "Feature", "properties": { "nom_estab": "TIENDAS TRES B", "codigo_act": 462112, "latitud": 19.52570366, "longitud": -99.03910327 }, "geometry": { "type": "Point", "coordinates": [ -99.03910327, 19.52570366 ] } },
{ "type": "Feature", "properties": { "nom_estab": "TIENDAS TRES B", "codigo_act": 462112, "latitud": 19.80301247, "longitud": -99.06393454000001 }, "geometry": { "type": "Point", "coordinates": [ -99.06393454, 19.80301247 ] } },
{ "type": "Feature", "properties": { "nom_estab": "TIENDAS TRES B", "codigo_act": 462112, "latitud": 19.53780806, "longitud": -99.06678503000001 }, "geometry": { "type": "Point", "coordinates": [ -99.06678503, 19.53780806 ] } },
{ "type": "Feature", "properties": { "nom_estab": "TIENDAS TRES B", "codigo_act": 462112, "latitud": 19.59828328, "longitud": -99.0448733 }, "geometry": { "type": "Point", "coordinates": [ -99.0448733, 19.59828328 ] } },
{ "type": "Feature", "properties": { "nom_estab": "TIENDAS TRES B", "codigo_act": 462112, "latitud": 19.61764944, "longitud": -99.2914579 }, "geometry": { "type": "Point", "coordinates": [ -99.2914579, 19.61764944 ] } },
{ "type": "Feature", "properties": { "nom_estab": "TIENDAS TRES B", "codigo_act": 462112, "latitud": 19.43824722, "longitud": -99.99677527 }, "geometry": { "type": "Point", "coordinates": [ -99.99677527, 19.43824722 ] } },
{ "type": "Feature", "properties": { "nom_estab": "TIENDAS TRES B", "codigo_act": 462112, "latitud": 19.67378634, "longitud": -98.9598064 }, "geometry": { "type": "Point", "coordinates": [ -98.9598064, 19.67378634 ] } },
{ "type": "Feature", "properties": { "nom_estab": "TIENDAS TRES B", "codigo_act": 462112, "latitud": 19.71203772, "longitud": -99.78848584000001 }, "geometry": { "type": "Point", "coordinates": [ -99.78848584, 19.71203772 ] } },
{ "type": "Feature", "properties": { "nom_estab": "TIENDAS TRES B SA DE CV", "codigo_act": 462111, "latitud": 19.29884812, "longitud": -99.59192363 }, "geometry": { "type": "Point", "coordinates": [ -99.59192363, 19.29884812 ] } },
{ "type": "Feature", "properties": { "nom_estab": "TIENDAS TRES B SA DE CV", "codigo_act": 462112, "latitud": 19.59616397, "longitud": -98.94111006 }, "geometry": { "type": "Point", "coordinates": [ -98.94111006, 19.59616397 ] } },
{ "type": "Feature", "properties": { "nom_estab": "TIENDAS 3B", "codigo_act": 462111, "latitud": 19.51150444, "longitud": -101.61278724 }, "geometry": { "type": "Point", "coordinates": [ -101.61278724, 19.51150444 ] } },
{ "type": "Feature", "properties": { "nom_estab": "TIENDAS TRES B", "codigo_act": 462112, "latitud": 19.66428354, "longitud": -101.52634163 }, "geometry": { "type": "Point", "coordinates": [ -101.52634163, 19.66428354 ] } },
{ "type": "Feature", "properties": { "nom_estab": "TIENDAS TRES B", "codigo_act": 462112, "latitud": 19.43855704, "longitud": -100.35807888 }, "geometry": { "type": "Point", "coordinates": [ -100.35807888, 19.43855704 ] } },
{ "type": "Feature", "properties": { "nom_estab": "TIENDAS TRES B", "codigo_act": 462112, "latitud": 19.6901696, "longitud": -100.55443389 }, "geometry": { "type": "Point", "coordinates": [ -100.55443389, 19.6901696 ] } },
{ "type": "Feature", "properties": { "nom_estab": "TIENDAS TRES B", "codigo_act": 462112, "latitud": 20.04948088, "longitud": -102.70888804000001 }, "geometry": { "type": "Point", "coordinates": [ -102.70888804, 20.04948088 ] } },
{ "type": "Feature", "properties": { "nom_estab": "TIENDAS TRES B", "codigo_act": 462112, "latitud": 19.43040437, "longitud": -100.37029252000001 }, "geometry": { "type": "Point", "coordinates": [ -100.37029252, 19.43040437 ] } },
{ "type": "Feature", "properties": { "nom_estab": "TIENDAS TRES B", "codigo_act": 462112, "latitud": 20.05352178, "longitud": -102.71615244 }, "geometry": { "type": "Point", "coordinates": [ -102.71615244, 20.05352178 ] } },
{ "type": "Feature", "properties": { "nom_estab": "TIENDAS TRES B", "codigo_act": 462112, "latitud": 19.46041603, "longitud": -100.49329217 }, "geometry": { "type": "Point", "coordinates": [ -100.49329217, 19.46041603 ] } },
{ "type": "Feature", "properties": { "nom_estab": "TIENDAS TRES B", "codigo_act": 462112, "latitud": 19.89333555, "longitud": -101.21604126 }, "geometry": { "type": "Point", "coordinates": [ -101.21604126, 19.89333555 ] } },
{ "type": "Feature", "properties": { "nom_estab": "TIENDAS TRES B", "codigo_act": 462112, "latitud": 19.7095172, "longitud": -101.21430062 }, "geometry": { "type": "Point", "coordinates": [ -101.21430062, 19.7095172 ] } },
{ "type": "Feature", "properties": { "nom_estab": "TIENDAS TRES B", "codigo_act": 462112, "latitud": 19.56849644, "longitud": -100.46384025 }, "geometry": { "type": "Point", "coordinates": [ -100.46384025, 19.56849644 ] } },
{ "type": "Feature", "properties": { "nom_estab": "TIENDAS TRES B", "codigo_act": 462112, "latitud": 19.43351284, "longitud": -100.34672299 }, "geometry": { "type": "Point", "coordinates": [ -100.34672299, 19.43351284 ] } },
{ "type": "Feature", "properties": { "nom_estab": "TIENDAS TRES B", "codigo_act": 462112, "latitud": 19.96996579, "longitud": -101.13949505 }, "geometry": { "type": "Point", "coordinates": [ -101.13949505, 19.96996579 ] } },
{ "type": "Feature", "properties": { "nom_estab": "TIENDAS TRES B", "codigo_act": 462112, "latitud": 19.80817316, "longitud": -100.882999 }, "geometry": { "type": "Point", "coordinates": [ -100.882999, 19.80817316 ] } },
{ "type": "Feature", "properties": { "nom_estab": "TIENDAS TRES B", "codigo_act": 462112, "latitud": 19.73735129, "longitud": -102.48442367 }, "geometry": { "type": "Point", "coordinates": [ -102.48442367, 19.73735129 ] } },
{ "type": "Feature", "properties": { "nom_estab": "TIENDAS TRES B", "codigo_act": 462112, "latitud": 19.42664628, "longitud": -102.03992625 }, "geometry": { "type": "Point", "coordinates": [ -102.03992625, 19.42664628 ] } },
{ "type": "Feature", "properties": { "nom_estab": "TIENDAS TRES B", "codigo_act": 462112, "latitud": 19.79616196, "longitud": -101.17194229 }, "geometry": { "type": "Point", "coordinates": [ -101.17194229, 19.79616196 ] } },
{ "type": "Feature", "properties": { "nom_estab": "TIENDAS TRES B", "codigo_act": 462112, "latitud": 19.37886705, "longitud": -102.04252549 }, "geometry": { "type": "Point", "coordinates": [ -102.04252549, 19.37886705 ] } },
{ "type": "Feature", "properties": { "nom_estab": "TIENDAS TRES B", "codigo_act": 462112, "latitud": 19.89074367, "longitud": -100.43861948 }, "geometry": { "type": "Point", "coordinates": [ -100.43861948, 19.89074367 ] } },
{ "type": "Feature", "properties": { "nom_estab": "TIENDAS TRES B", "codigo_act": 462112, "latitud": 19.70179945, "longitud": -101.15140957 }, "geometry": { "type": "Point", "coordinates": [ -101.15140957, 19.70179945 ] } },
{ "type": "Feature", "properties": { "nom_estab": "TIENDAS TRES B", "codigo_act": 462112, "latitud": 19.41264804, "longitud": -102.03973633 }, "geometry": { "type": "Point", "coordinates": [ -102.03973633, 19.41264804 ] } },
{ "type": "Feature", "properties": { "nom_estab": "TIENDAS TRES B", "codigo_act": 462112, "latitud": 19.09505054, "longitud": -101.52180399 }, "geometry": { "type": "Point", "coordinates": [ -101.52180399, 19.09505054 ] } },
{ "type": "Feature", "properties": { "nom_estab": "TIENDAS TRES B", "codigo_act": 462112, "latitud": 19.31315091, "longitud": -100.43363855 }, "geometry": { "type": "Point", "coordinates": [ -100.43363855, 19.31315091 ] } },
{ "type": "Feature", "properties": { "nom_estab": "TIENDAS TRES B", "codigo_act": 462112, "latitud": 19.39292271, "longitud": -102.0216102 }, "geometry": { "type": "Point", "coordinates": [ -102.0216102, 19.39292271 ] } },
{ "type": "Feature", "properties": { "nom_estab": "TIENDAS TRES B", "codigo_act": 462112, "latitud": 19.75653054, "longitud": -101.20486762 }, "geometry": { "type": "Point", "coordinates": [ -101.20486762, 19.75653054 ] } },
{ "type": "Feature", "properties": { "nom_estab": "TIENDAS TRES B", "codigo_act": 462112, "latitud": 19.69830703, "longitud": -100.47991717 }, "geometry": { "type": "Point", "coordinates": [ -100.47991717, 19.69830703 ] } },
{ "type": "Feature", "properties": { "nom_estab": "TIENDAS TRES B", "codigo_act": 462112, "latitud": 19.805709, "longitud": -100.16965963 }, "geometry": { "type": "Point", "coordinates": [ -100.16965963, 19.805709 ] } },
{ "type": "Feature", "properties": { "nom_estab": "TIENDAS TRES B", "codigo_act": 462112, "latitud": 19.6937745, "longitud": -101.23700644 }, "geometry": { "type": "Point", "coordinates": [ -101.23700644, 19.6937745 ] } },
{ "type": "Feature", "properties": { "nom_estab": "TIENDAS TRES B", "codigo_act": 462112, "latitud": 20.00877863, "longitud": -101.02168604000001 }, "geometry": { "type": "Point", "coordinates": [ -101.02168604, 20.00877863 ] } },
{ "type": "Feature", "properties": { "nom_estab": "TIENDAS TRES B", "codigo_act": 462112, "latitud": 19.51821077, "longitud": -101.59991529 }, "geometry": { "type": "Point", "coordinates": [ -101.59991529, 19.51821077 ] } },
{ "type": "Feature", "properties": { "nom_estab": "TIENDAS TRES B", "codigo_act": 462112, "latitud": 20.14892112, "longitud": -101.70787831 }, "geometry": { "type": "Point", "coordinates": [ -101.70787831, 20.14892112 ] } },
{ "type": "Feature", "properties": { "nom_estab": "TIENDAS TRES B", "codigo_act": 462112, "latitud": 19.69314007, "longitud": -101.17725541 }, "geometry": { "type": "Point", "coordinates": [ -101.17725541, 19.69314007 ] } },
{ "type": "Feature", "properties": { "nom_estab": "TIENDAS TRES B", "codigo_act": 462112, "latitud": 20.34189259, "longitud": -102.0196516 }, "geometry": { "type": "Point", "coordinates": [ -102.0196516, 20.34189259 ] } },
{ "type": "Feature", "properties": { "nom_estab": "TIENDAS TRES B", "codigo_act": 462112, "latitud": 19.40583697, "longitud": -102.02937174 }, "geometry": { "type": "Point", "coordinates": [ -102.02937174, 19.40583697 ] } },
{ "type": "Feature", "properties": { "nom_estab": "TIENDAS TRES B", "codigo_act": 462112, "latitud": 20.09190838, "longitud": -101.5154112 }, "geometry": { "type": "Point", "coordinates": [ -101.5154112, 20.09190838 ] } },
{ "type": "Feature", "properties": { "nom_estab": "TIENDAS TRES B", "codigo_act": 462112, "latitud": 19.72572254, "longitud": -101.17516715 }, "geometry": { "type": "Point", "coordinates": [ -101.17516715, 19.72572254 ] } },
{ "type": "Feature", "properties": { "nom_estab": "TIENDAS TRES B", "codigo_act": 462112, "latitud": 20.11841539, "longitud": -102.57102633 }, "geometry": { "type": "Point", "coordinates": [ -102.57102633, 20.11841539 ] } },
{ "type": "Feature", "properties": { "nom_estab": "TIENDAS TRES B", "codigo_act": 462112, "latitud": 19.71366513, "longitud": -101.19751224 }, "geometry": { "type": "Point", "coordinates": [ -101.19751224, 19.71366513 ] } },
{ "type": "Feature", "properties": { "nom_estab": "TIENDAS TRES B", "codigo_act": 462112, "latitud": 20.05685732, "longitud": -102.73159186 }, "geometry": { "type": "Point", "coordinates": [ -102.73159186, 20.05685732 ] } },
{ "type": "Feature", "properties": { "nom_estab": "TIENDAS TRES B", "codigo_act": 462112, "latitud": 19.6869049, "longitud": -100.55336669 }, "geometry": { "type": "Point", "coordinates": [ -100.55336669, 19.6869049 ] } },
{ "type": "Feature", "properties": { "nom_estab": "TIENDAS TRES B", "codigo_act": 462112, "latitud": 20.30394324, "longitud": -101.59669562000001 }, "geometry": { "type": "Point", "coordinates": [ -101.59669562, 20.30394324 ] } },
{ "type": "Feature", "properties": { "nom_estab": "TIENDAS TRES B", "codigo_act": 462112, "latitud": 19.97611604, "longitud": -102.28768217 }, "geometry": { "type": "Point", "coordinates": [ -102.28768217, 19.97611604 ] } },
{ "type": "Feature", "properties": { "nom_estab": "TIENDAS TRES B", "codigo_act": 462112, "latitud": 19.98221775, "longitud": -101.76103004 }, "geometry": { "type": "Point", "coordinates": [ -101.76103004, 19.98221775 ] } },
{ "type": "Feature", "properties": { "nom_estab": "TIENDAS TRES B", "codigo_act": 462112, "latitud": 19.41656683, "longitud": -102.03362164000001 }, "geometry": { "type": "Point", "coordinates": [ -102.03362164, 19.41656683 ] } },
{ "type": "Feature", "properties": { "nom_estab": "TIENDAS TRES B", "codigo_act": 462112, "latitud": 19.33731872, "longitud": -102.36396973 }, "geometry": { "type": "Point", "coordinates": [ -102.36396973, 19.33731872 ] } },
{ "type": "Feature", "properties": { "nom_estab": "TIENDAS TRES B", "codigo_act": 462112, "latitud": 19.75837811, "longitud": -101.20566788 }, "geometry": { "type": "Point", "coordinates": [ -101.20566788, 19.75837811 ] } },
{ "type": "Feature", "properties": { "nom_estab": "TIENDAS TRES B", "codigo_act": 462112, "latitud": 19.74095227, "longitud": -101.1340193 }, "geometry": { "type": "Point", "coordinates": [ -101.1340193, 19.74095227 ] } },
{ "type": "Feature", "properties": { "nom_estab": "TIENDAS TRES B", "codigo_act": 462112, "latitud": 19.71524498, "longitud": -101.15980245 }, "geometry": { "type": "Point", "coordinates": [ -101.15980245, 19.71524498 ] } },
{ "type": "Feature", "properties": { "nom_estab": "TIENDAS TRES B", "codigo_act": 462112, "latitud": 20.34108457, "longitud": -102.02406542 }, "geometry": { "type": "Point", "coordinates": [ -102.02406542, 20.34108457 ] } },
{ "type": "Feature", "properties": { "nom_estab": "TIENDAS TRES B", "codigo_act": 462112, "latitud": 19.73774779, "longitud": -101.19936487 }, "geometry": { "type": "Point", "coordinates": [ -101.19936487, 19.73774779 ] } },
{ "type": "Feature", "properties": { "nom_estab": "TIENDAS TRES B", "codigo_act": 462112, "latitud": 19.68186413, "longitud": -100.55681171000001 }, "geometry": { "type": "Point", "coordinates": [ -100.55681171, 19.68186413 ] } },
{ "type": "Feature", "properties": { "nom_estab": "TIENDAS TRES B", "codigo_act": 462112, "latitud": 20.02622854, "longitud": -102.34690514 }, "geometry": { "type": "Point", "coordinates": [ -102.34690514, 20.02622854 ] } },
{ "type": "Feature", "properties": { "nom_estab": "TIENDAS TRES B", "codigo_act": 462112, "latitud": 19.41626005, "longitud": -102.01443591 }, "geometry": { "type": "Point", "coordinates": [ -102.01443591, 19.41626005 ] } },
{ "type": "Feature", "properties": { "nom_estab": "TIENDAS TRES B", "codigo_act": 462112, "latitud": 19.40828874, "longitud": -102.07294301 }, "geometry": { "type": "Point", "coordinates": [ -102.07294301, 19.40828874 ] } },
{ "type": "Feature", "properties": { "nom_estab": "TIENDAS TRES B", "codigo_act": 462112, "latitud": 19.95525443, "longitud": -102.43382029 }, "geometry": { "type": "Point", "coordinates": [ -102.43382029, 19.95525443 ] } },
{ "type": "Feature", "properties": { "nom_estab": "TIENDAS TRES B", "codigo_act": 462112, "latitud": 19.52238275, "longitud": -102.41367463 }, "geometry": { "type": "Point", "coordinates": [ -102.41367463, 19.52238275 ] } },
{ "type": "Feature", "properties": { "nom_estab": "TIENDAS TRES B", "codigo_act": 462112, "latitud": 19.85492808, "longitud": -100.82894617 }, "geometry": { "type": "Point", "coordinates": [ -100.82894617, 19.85492808 ] } },
{ "type": "Feature", "properties": { "nom_estab": "TIENDAS TRES B", "codigo_act": 462112, "latitud": 19.69619436, "longitud": -101.19377622 }, "geometry": { "type": "Point", "coordinates": [ -101.19377622, 19.69619436 ] } },
{ "type": "Feature", "properties": { "nom_estab": "TIENDAS TRES B", "codigo_act": 462112, "latitud": 19.15839961, "longitud": -102.05401764 }, "geometry": { "type": "Point", "coordinates": [ -102.05401764, 19.15839961 ] } },
{ "type": "Feature", "properties": { "nom_estab": "TIENDAS TRES B", "codigo_act": 462112, "latitud": 19.6885968, "longitud": -101.19196826 }, "geometry": { "type": "Point", "coordinates": [ -101.19196826, 19.6885968 ] } },
{ "type": "Feature", "properties": { "nom_estab": "TIENDAS TRES B", "codigo_act": 462112, "latitud": 20.37453736, "longitud": -102.02550411 }, "geometry": { "type": "Point", "coordinates": [ -102.02550411, 20.37453736 ] } },
{ "type": "Feature", "properties": { "nom_estab": "TIENDAS TRES B", "codigo_act": 462112, "latitud": 19.69015342, "longitud": -100.5541885 }, "geometry": { "type": "Point", "coordinates": [ -100.5541885, 19.69015342 ] } },
{ "type": "Feature", "properties": { "nom_estab": "TIENDAS TRES B", "codigo_act": 462112, "latitud": 19.89022878, "longitud": -100.44332037 }, "geometry": { "type": "Point", "coordinates": [ -100.44332037, 19.89022878 ] } },
{ "type": "Feature", "properties": { "nom_estab": "TIENDAS TRES B", "codigo_act": 462112, "latitud": 19.58332926, "longitud": -100.33737018 }, "geometry": { "type": "Point", "coordinates": [ -100.33737018, 19.58332926 ] } },
{ "type": "Feature", "properties": { "nom_estab": "TIENDAS TRES B", "codigo_act": 462112, "latitud": 19.7916768, "longitud": -100.96677332 }, "geometry": { "type": "Point", "coordinates": [ -100.96677332, 19.7916768 ] } },
{ "type": "Feature", "properties": { "nom_estab": "TIENDAS TRES B", "codigo_act": 462112, "latitud": 19.67614736, "longitud": -101.18773846000001 }, "geometry": { "type": "Point", "coordinates": [ -101.18773846, 19.67614736 ] } },
{ "type": "Feature", "properties": { "nom_estab": "TIENDAS TRES B", "codigo_act": 462112, "latitud": 19.89178592, "longitud": -100.44138206 }, "geometry": { "type": "Point", "coordinates": [ -100.44138206, 19.89178592 ] } },
{ "type": "Feature", "properties": { "nom_estab": "TIENDAS TRES B", "codigo_act": 462112, "latitud": 19.99742943, "longitud": -102.29007517 }, "geometry": { "type": "Point", "coordinates": [ -102.29007517, 19.99742943 ] } },
{ "type": "Feature", "properties": { "nom_estab": "TIENDAS TRES B", "codigo_act": 462112, "latitud": 20.33951251, "longitud": -102.28432159 }, "geometry": { "type": "Point", "coordinates": [ -102.28432159, 20.33951251 ] } },
{ "type": "Feature", "properties": { "nom_estab": "TIENDAS TRES B", "codigo_act": 462112, "latitud": 19.65806277, "longitud": -101.20189593000001 }, "geometry": { "type": "Point", "coordinates": [ -101.20189593, 19.65806277 ] } },
{ "type": "Feature", "properties": { "nom_estab": "TIENDAS TRES B", "codigo_act": 462112, "latitud": 19.89553869, "longitud": -100.44568426 }, "geometry": { "type": "Point", "coordinates": [ -100.44568426, 19.89553869 ] } },
{ "type": "Feature", "properties": { "nom_estab": "TIENDAS TRES B", "codigo_act": 462112, "latitud": 19.70766855, "longitud": -101.20460525 }, "geometry": { "type": "Point", "coordinates": [ -101.20460525, 19.70766855 ] } },
{ "type": "Feature", "properties": { "nom_estab": "TIENDAS TRES B ", "codigo_act": 462112, "latitud": 19.95420765, "longitud": -100.16340915000001 }, "geometry": { "type": "Point", "coordinates": [ -100.16340915, 19.95420765 ] } },
{ "type": "Feature", "properties": { "nom_estab": "TIENDAS TRES B", "codigo_act": 462112, "latitud": 19.59407542, "longitud": -102.47281741 }, "geometry": { "type": "Point", "coordinates": [ -102.47281741, 19.59407542 ] } },
{ "type": "Feature", "properties": { "nom_estab": "TIENDAS TRES B", "codigo_act": 462112, "latitud": 19.98878935, "longitud": -101.27809022 }, "geometry": { "type": "Point", "coordinates": [ -101.27809022, 19.98878935 ] } },
{ "type": "Feature", "properties": { "nom_estab": "TIENDAS TRES B", "codigo_act": 462112, "latitud": 19.7122887, "longitud": -101.17707275 }, "geometry": { "type": "Point", "coordinates": [ -101.17707275, 19.7122887 ] } },
{ "type": "Feature", "properties": { "nom_estab": "TIENDAS TRES B", "codigo_act": 462112, "latitud": 19.7121184, "longitud": -101.17717443 }, "geometry": { "type": "Point", "coordinates": [ -101.17717443, 19.7121184 ] } },
{ "type": "Feature", "properties": { "nom_estab": "TIENDAS TRES B", "codigo_act": 462112, "latitud": 19.56849561, "longitud": -100.4638406 }, "geometry": { "type": "Point", "coordinates": [ -100.4638406, 19.56849561 ] } },
{ "type": "Feature", "properties": { "nom_estab": "TIENDAS TRES B", "codigo_act": 462112, "latitud": 19.73447589, "longitud": -100.35366178 }, "geometry": { "type": "Point", "coordinates": [ -100.35366178, 19.73447589 ] } },
{ "type": "Feature", "properties": { "nom_estab": "TIENDAS TRES B", "codigo_act": 462112, "latitud": 19.69448144, "longitud": -100.54929119000001 }, "geometry": { "type": "Point", "coordinates": [ -100.54929119, 19.69448144 ] } },
{ "type": "Feature", "properties": { "nom_estab": "TIENDAS TRES B", "codigo_act": 462112, "latitud": 19.69351398, "longitud": -100.56148991000001 }, "geometry": { "type": "Point", "coordinates": [ -100.56148991, 19.69351398 ] } },
{ "type": "Feature", "properties": { "nom_estab": "TIENDAS TRES B", "codigo_act": 462112, "latitud": 19.43541849, "longitud": -100.35958635 }, "geometry": { "type": "Point", "coordinates": [ -100.35958635, 19.43541849 ] } },
{ "type": "Feature", "properties": { "nom_estab": "TIENDAS TRES B", "codigo_act": 462112, "latitud": 19.41343268, "longitud": -102.05715224 }, "geometry": { "type": "Point", "coordinates": [ -102.05715224, 19.41343268 ] } },
{ "type": "Feature", "properties": { "nom_estab": "TIENDAS TRES B", "codigo_act": 462112, "latitud": 19.20683762, "longitud": -101.70740915 }, "geometry": { "type": "Point", "coordinates": [ -101.70740915, 19.20683762 ] } },
{ "type": "Feature", "properties": { "nom_estab": "TIENDAS TRES B", "codigo_act": 462112, "latitud": 19.33336402, "longitud": -101.9180834 }, "geometry": { "type": "Point", "coordinates": [ -101.9180834, 19.33336402 ] } },
{ "type": "Feature", "properties": { "nom_estab": "TIENDAS TRES B", "codigo_act": 462112, "latitud": 19.41320102, "longitud": -101.60709725 }, "geometry": { "type": "Point", "coordinates": [ -101.60709725, 19.41320102 ] } },
{ "type": "Feature", "properties": { "nom_estab": "TIENDAS TRES B", "codigo_act": 462112, "latitud": 19.6982202, "longitud": -101.25265912 }, "geometry": { "type": "Point", "coordinates": [ -101.25265912, 19.6982202 ] } },
{ "type": "Feature", "properties": { "nom_estab": "TIENDAS TRES B", "codigo_act": 462112, "latitud": 19.23569307, "longitud": -101.45617272 }, "geometry": { "type": "Point", "coordinates": [ -101.45617272, 19.23569307 ] } },
{ "type": "Feature", "properties": { "nom_estab": "TIENDAS TRES B", "codigo_act": 462112, "latitud": 19.4180672, "longitud": -102.05240885000001 }, "geometry": { "type": "Point", "coordinates": [ -102.05240885, 19.4180672 ] } },
{ "type": "Feature", "properties": { "nom_estab": "TIENDAS TRES B", "codigo_act": 462112, "latitud": 19.42236155, "longitud": -102.06498072 }, "geometry": { "type": "Point", "coordinates": [ -102.06498072, 19.42236155 ] } },
{ "type": "Feature", "properties": { "nom_estab": "TIENDAS TRES B", "codigo_act": 462112, "latitud": 19.940411, "longitud": -102.31770018 }, "geometry": { "type": "Point", "coordinates": [ -102.31770018, 19.940411 ] } },
{ "type": "Feature", "properties": { "nom_estab": "TIENDAS TRES B", "codigo_act": 462112, "latitud": 19.39075028, "longitud": -101.28143555 }, "geometry": { "type": "Point", "coordinates": [ -101.28143555, 19.39075028 ] } },
{ "type": "Feature", "properties": { "nom_estab": "TIENDAS TRES B", "codigo_act": 462112, "latitud": 19.70201129, "longitud": -101.16615921 }, "geometry": { "type": "Point", "coordinates": [ -101.16615921, 19.70201129 ] } },
{ "type": "Feature", "properties": { "nom_estab": "TIENDAS TRES B", "codigo_act": 462112, "latitud": 19.84888006, "longitud": -102.12063208 }, "geometry": { "type": "Point", "coordinates": [ -102.12063208, 19.84888006 ] } },
{ "type": "Feature", "properties": { "nom_estab": "TIENDAS TRES B", "codigo_act": 462112, "latitud": 19.6896593, "longitud": -101.22772068 }, "geometry": { "type": "Point", "coordinates": [ -101.22772068, 19.6896593 ] } },
{ "type": "Feature", "properties": { "nom_estab": "TIENDAS TRES B", "codigo_act": 462112, "latitud": 19.98736628, "longitud": -102.27824823 }, "geometry": { "type": "Point", "coordinates": [ -102.27824823, 19.98736628 ] } },
{ "type": "Feature", "properties": { "nom_estab": "TIENDAS TRES B", "codigo_act": 462112, "latitud": 19.41659794, "longitud": -102.01416366 }, "geometry": { "type": "Point", "coordinates": [ -102.01416366, 19.41659794 ] } },
{ "type": "Feature", "properties": { "nom_estab": "TIENDAS TRES B", "codigo_act": 462112, "latitud": 19.86001456, "longitud": -100.82672739 }, "geometry": { "type": "Point", "coordinates": [ -100.82672739, 19.86001456 ] } },
{ "type": "Feature", "properties": { "nom_estab": "TIENDAS TRES B", "codigo_act": 462112, "latitud": 19.58596232, "longitud": -102.47242597 }, "geometry": { "type": "Point", "coordinates": [ -102.47242597, 19.58596232 ] } },
{ "type": "Feature", "properties": { "nom_estab": "TIENDAS TRES B", "codigo_act": 462112, "latitud": 19.98039914, "longitud": -102.28369511 }, "geometry": { "type": "Point", "coordinates": [ -102.28369511, 19.98039914 ] } },
{ "type": "Feature", "properties": { "nom_estab": "TIENDAS TRES B", "codigo_act": 462112, "latitud": 19.6930967, "longitud": -100.55469964 }, "geometry": { "type": "Point", "coordinates": [ -100.55469964, 19.6930967 ] } },
{ "type": "Feature", "properties": { "nom_estab": "BODEGA 3B", "codigo_act": 462112, "latitud": 18.92680027, "longitud": -99.17974677 }, "geometry": { "type": "Point", "coordinates": [ -99.17974677, 18.92680027 ] } },
{ "type": "Feature", "properties": { "nom_estab": "LAS TRES B", "codigo_act": 462112, "latitud": 18.62943461, "longitud": -99.16087956 }, "geometry": { "type": "Point", "coordinates": [ -99.16087956, 18.62943461 ] } },
{ "type": "Feature", "properties": { "nom_estab": "TIENDA 3B", "codigo_act": 462112, "latitud": 18.81262241, "longitud": -98.95234527 }, "geometry": { "type": "Point", "coordinates": [ -98.95234527, 18.81262241 ] } },
{ "type": "Feature", "properties": { "nom_estab": "TIENDA 3B", "codigo_act": 462112, "latitud": 18.87710364, "longitud": -99.07262209 }, "geometry": { "type": "Point", "coordinates": [ -99.07262209, 18.87710364 ] } },
{ "type": "Feature", "properties": { "nom_estab": "TIENDA 3B", "codigo_act": 462112, "latitud": 18.81626743, "longitud": -98.95704793 }, "geometry": { "type": "Point", "coordinates": [ -98.95704793, 18.81626743 ] } },
{ "type": "Feature", "properties": { "nom_estab": "TIENDA DE AUTO SERVICIO 3B", "codigo_act": 462112, "latitud": 18.59617768, "longitud": -98.84476121 }, "geometry": { "type": "Point", "coordinates": [ -98.84476121, 18.59617768 ] } },
{ "type": "Feature", "properties": { "nom_estab": "TIENDAS 3B", "codigo_act": 462112, "latitud": 18.88262257, "longitud": -99.17849311000001 }, "geometry": { "type": "Point", "coordinates": [ -99.17849311, 18.88262257 ] } },
{ "type": "Feature", "properties": { "nom_estab": "TIENDAS 3B", "codigo_act": 462112, "latitud": 18.50148944, "longitud": -98.75468528 }, "geometry": { "type": "Point", "coordinates": [ -98.75468528, 18.50148944 ] } },
{ "type": "Feature", "properties": { "nom_estab": "TIENDAS 3B", "codigo_act": 462112, "latitud": 18.80652107, "longitud": -98.92453521 }, "geometry": { "type": "Point", "coordinates": [ -98.92453521, 18.80652107 ] } },
{ "type": "Feature", "properties": { "nom_estab": "TIENDAS 3B", "codigo_act": 462112, "latitud": 18.65754231, "longitud": -99.1948942 }, "geometry": { "type": "Point", "coordinates": [ -99.1948942, 18.65754231 ] } },
{ "type": "Feature", "properties": { "nom_estab": "TIENDAS 3B", "codigo_act": 462112, "latitud": 18.88102541, "longitud": -99.17852645000001 }, "geometry": { "type": "Point", "coordinates": [ -99.17852645, 18.88102541 ] } },
{ "type": "Feature", "properties": { "nom_estab": "TIENDAS 3B", "codigo_act": 462112, "latitud": 18.8150267, "longitud": -98.95090161 }, "geometry": { "type": "Point", "coordinates": [ -98.95090161, 18.8150267 ] } },
{ "type": "Feature", "properties": { "nom_estab": "TIENDAS 3B", "codigo_act": 462112, "latitud": 18.81623569, "longitud": -98.94022038 }, "geometry": { "type": "Point", "coordinates": [ -98.94022038, 18.81623569 ] } },
{ "type": "Feature", "properties": { "nom_estab": "TIENDAS 3B", "codigo_act": 462112, "latitud": 18.81095912, "longitud": -98.95029225 }, "geometry": { "type": "Point", "coordinates": [ -98.95029225, 18.81095912 ] } },
{ "type": "Feature", "properties": { "nom_estab": "TIENDAS 3B", "codigo_act": 462112, "latitud": 18.82083722, "longitud": -99.2414968 }, "geometry": { "type": "Point", "coordinates": [ -99.2414968, 18.82083722 ] } },
{ "type": "Feature", "properties": { "nom_estab": "TIENDAS 3B", "codigo_act": 462112, "latitud": 18.80695594, "longitud": -98.93414094000001 }, "geometry": { "type": "Point", "coordinates": [ -98.93414094, 18.80695594 ] } },
{ "type": "Feature", "properties": { "nom_estab": "TIENDAS 3B", "codigo_act": 462112, "latitud": 18.67219322, "longitud": -99.18560446 }, "geometry": { "type": "Point", "coordinates": [ -99.18560446, 18.67219322 ] } },
{ "type": "Feature", "properties": { "nom_estab": "TIENDAS 3B", "codigo_act": 462112, "latitud": 18.89050205, "longitud": -99.15510689 }, "geometry": { "type": "Point", "coordinates": [ -99.15510689, 18.89050205 ] } },
{ "type": "Feature", "properties": { "nom_estab": "TIENDAS 3B", "codigo_act": 462112, "latitud": 18.91962082, "longitud": -99.17649161 }, "geometry": { "type": "Point", "coordinates": [ -99.17649161, 18.91962082 ] } },
{ "type": "Feature", "properties": { "nom_estab": "TIENDAS 3B DE AUTOSERVICIOS", "codigo_act": 462112, "latitud": 18.50065577, "longitud": -98.75009561 }, "geometry": { "type": "Point", "coordinates": [ -98.75009561, 18.50065577 ] } },
{ "type": "Feature", "properties": { "nom_estab": "TIENDAS TRES B", "codigo_act": 462112, "latitud": 18.92256055, "longitud": -99.18544653 }, "geometry": { "type": "Point", "coordinates": [ -99.18544653, 18.92256055 ] } },
{ "type": "Feature", "properties": { "nom_estab": "TIENDAS TRES B", "codigo_act": 462112, "latitud": 18.80376078, "longitud": -99.19787807 }, "geometry": { "type": "Point", "coordinates": [ -99.19787807, 18.80376078 ] } },
{ "type": "Feature", "properties": { "nom_estab": "TIENDAS TRES B", "codigo_act": 462112, "latitud": 18.91199981, "longitud": -99.15849776 }, "geometry": { "type": "Point", "coordinates": [ -99.15849776, 18.91199981 ] } },
{ "type": "Feature", "properties": { "nom_estab": "TIENDAS TRES B", "codigo_act": 462112, "latitud": 18.88345054, "longitud": -99.11599769 }, "geometry": { "type": "Point", "coordinates": [ -99.11599769, 18.88345054 ] } },
{ "type": "Feature", "properties": { "nom_estab": "TIENDAS TRES B", "codigo_act": 462112, "latitud": 18.90103763, "longitud": -99.16733002 }, "geometry": { "type": "Point", "coordinates": [ -99.16733002, 18.90103763 ] } },
{ "type": "Feature", "properties": { "nom_estab": "TIENDAS TRES B", "codigo_act": 462112, "latitud": 18.91611324, "longitud": -99.16483077 }, "geometry": { "type": "Point", "coordinates": [ -99.16483077, 18.91611324 ] } },
{ "type": "Feature", "properties": { "nom_estab": "TIENDAS TRES B", "codigo_act": 462112, "latitud": 18.922391, "longitud": -99.24852125 }, "geometry": { "type": "Point", "coordinates": [ -99.24852125, 18.922391 ] } },
{ "type": "Feature", "properties": { "nom_estab": "TIENDAS TRES B", "codigo_act": 462112, "latitud": 18.95348288, "longitud": -99.19164598 }, "geometry": { "type": "Point", "coordinates": [ -99.19164598, 18.95348288 ] } },
{ "type": "Feature", "properties": { "nom_estab": "TIENDAS TRES B", "codigo_act": 462112, "latitud": 18.88710625, "longitud": -99.12588568 }, "geometry": { "type": "Point", "coordinates": [ -99.12588568, 18.88710625 ] } },
{ "type": "Feature", "properties": { "nom_estab": "TIENDAS TRES B", "codigo_act": 462112, "latitud": 18.9317513, "longitud": -99.22677087 }, "geometry": { "type": "Point", "coordinates": [ -99.22677087, 18.9317513 ] } },
{ "type": "Feature", "properties": { "nom_estab": "TIENDAS TRES B", "codigo_act": 462112, "latitud": 18.94189734, "longitud": -99.23519066 }, "geometry": { "type": "Point", "coordinates": [ -99.23519066, 18.94189734 ] } },
{ "type": "Feature", "properties": { "nom_estab": "TIENDAS TRES B", "codigo_act": 462112, "latitud": 18.72918921, "longitud": -98.95887074 }, "geometry": { "type": "Point", "coordinates": [ -98.95887074, 18.72918921 ] } },
{ "type": "Feature", "properties": { "nom_estab": "TIENDAS TRES B", "codigo_act": 462112, "latitud": 18.86630675, "longitud": -99.20840373 }, "geometry": { "type": "Point", "coordinates": [ -99.20840373, 18.86630675 ] } },
{ "type": "Feature", "properties": { "nom_estab": "TIENDAS TRES B", "codigo_act": 462112, "latitud": 18.93667885, "longitud": -99.18459472000001 }, "geometry": { "type": "Point", "coordinates": [ -99.18459472, 18.93667885 ] } },
{ "type": "Feature", "properties": { "nom_estab": "TIENDAS TRES B", "codigo_act": 462112, "latitud": 18.84968297, "longitud": -98.94333965 }, "geometry": { "type": "Point", "coordinates": [ -98.94333965, 18.84968297 ] } },
{ "type": "Feature", "properties": { "nom_estab": "TIENDAS TRES B", "codigo_act": 462112, "latitud": 18.86479445, "longitud": -99.23369185 }, "geometry": { "type": "Point", "coordinates": [ -99.23369185, 18.86479445 ] } },
{ "type": "Feature", "properties": { "nom_estab": "TIENDAS TRES B", "codigo_act": 462112, "latitud": 18.84146924, "longitud": -99.19364621 }, "geometry": { "type": "Point", "coordinates": [ -99.19364621, 18.84146924 ] } },
{ "type": "Feature", "properties": { "nom_estab": "TIENDAS TRES B", "codigo_act": 462112, "latitud": 18.95279011, "longitud": -99.21787771 }, "geometry": { "type": "Point", "coordinates": [ -99.21787771, 18.95279011 ] } },
{ "type": "Feature", "properties": { "nom_estab": "TIENDAS TRES B", "codigo_act": 462112, "latitud": 18.88340749, "longitud": -98.9836972 }, "geometry": { "type": "Point", "coordinates": [ -98.9836972, 18.88340749 ] } },
{ "type": "Feature", "properties": { "nom_estab": "TIENDAS TRES B", "codigo_act": 462112, "latitud": 18.63749035, "longitud": -99.16081641 }, "geometry": { "type": "Point", "coordinates": [ -99.16081641, 18.63749035 ] } },
{ "type": "Feature", "properties": { "nom_estab": "TIENDAS TRES B", "codigo_act": 462112, "latitud": 18.61375649, "longitud": -99.17619004 }, "geometry": { "type": "Point", "coordinates": [ -99.17619004, 18.61375649 ] } },
{ "type": "Feature", "properties": { "nom_estab": "TIENDAS TRES B", "codigo_act": 462112, "latitud": 18.91739041, "longitud": -99.2044076 }, "geometry": { "type": "Point", "coordinates": [ -99.2044076, 18.91739041 ] } },
{ "type": "Feature", "properties": { "nom_estab": "TIENDAS TRES B", "codigo_act": 462112, "latitud": 18.82061737, "longitud": -98.94957115 }, "geometry": { "type": "Point", "coordinates": [ -98.94957115, 18.82061737 ] } },
{ "type": "Feature", "properties": { "nom_estab": "TIENDAS TRES B", "codigo_act": 462112, "latitud": 18.65387473, "longitud": -99.19370067 }, "geometry": { "type": "Point", "coordinates": [ -99.19370067, 18.65387473 ] } },
{ "type": "Feature", "properties": { "nom_estab": "TIENDAS TRES B", "codigo_act": 462112, "latitud": 18.9483061, "longitud": -99.19431814 }, "geometry": { "type": "Point", "coordinates": [ -99.19431814, 18.9483061 ] } },
{ "type": "Feature", "properties": { "nom_estab": "TIENDAS TRES B", "codigo_act": 462112, "latitud": 18.92411071, "longitud": -99.20942166 }, "geometry": { "type": "Point", "coordinates": [ -99.20942166, 18.92411071 ] } },
{ "type": "Feature", "properties": { "nom_estab": "TIENDAS TRES B", "codigo_act": 462112, "latitud": 18.84588574, "longitud": -99.1892713 }, "geometry": { "type": "Point", "coordinates": [ -99.1892713, 18.84588574 ] } },
{ "type": "Feature", "properties": { "nom_estab": "TIENDAS TRES B", "codigo_act": 462112, "latitud": 18.81184938, "longitud": -98.92373839 }, "geometry": { "type": "Point", "coordinates": [ -98.92373839, 18.81184938 ] } },
{ "type": "Feature", "properties": { "nom_estab": "TIENDAS TRES B", "codigo_act": 462112, "latitud": 18.8487864, "longitud": -99.22393256 }, "geometry": { "type": "Point", "coordinates": [ -99.22393256, 18.8487864 ] } },
{ "type": "Feature", "properties": { "nom_estab": "TIENDAS TRES B", "codigo_act": 462112, "latitud": 18.97689807, "longitud": -99.25424416 }, "geometry": { "type": "Point", "coordinates": [ -99.25424416, 18.97689807 ] } },
{ "type": "Feature", "properties": { "nom_estab": "TIENDAS TRES B", "codigo_act": 462112, "latitud": 18.83916823, "longitud": -99.18186357 }, "geometry": { "type": "Point", "coordinates": [ -99.18186357, 18.83916823 ] } },
{ "type": "Feature", "properties": { "nom_estab": "TIENDAS TRES B", "codigo_act": 462112, "latitud": 18.87266193, "longitud": -99.23062803000001 }, "geometry": { "type": "Point", "coordinates": [ -99.23062803, 18.87266193 ] } },
{ "type": "Feature", "properties": { "nom_estab": "TIENDAS TRES B", "codigo_act": 462112, "latitud": 18.81020128, "longitud": -98.9558704 }, "geometry": { "type": "Point", "coordinates": [ -98.9558704, 18.81020128 ] } },
{ "type": "Feature", "properties": { "nom_estab": "TIENDAS TRES B", "codigo_act": 462112, "latitud": 18.90262011, "longitud": -99.17967715 }, "geometry": { "type": "Point", "coordinates": [ -99.17967715, 18.90262011 ] } },
{ "type": "Feature", "properties": { "nom_estab": "TIENDAS TRES B", "codigo_act": 462112, "latitud": 18.73141507, "longitud": -99.32713723000001 }, "geometry": { "type": "Point", "coordinates": [ -99.32713723, 18.73141507 ] } },
{ "type": "Feature", "properties": { "nom_estab": "TIENDAS TRES B", "codigo_act": 462112, "latitud": 18.85692391, "longitud": -99.23859001 }, "geometry": { "type": "Point", "coordinates": [ -99.23859001, 18.85692391 ] } },
{ "type": "Feature", "properties": { "nom_estab": "TIENDAS TRES B", "codigo_act": 462112, "latitud": 18.69974777, "longitud": -99.18378601000001 }, "geometry": { "type": "Point", "coordinates": [ -99.18378601, 18.69974777 ] } },
{ "type": "Feature", "properties": { "nom_estab": "TIENDAS TRES B", "codigo_act": 462112, "latitud": 18.92346895, "longitud": -99.19820122 }, "geometry": { "type": "Point", "coordinates": [ -99.19820122, 18.92346895 ] } },
{ "type": "Feature", "properties": { "nom_estab": "TIENDAS TRES B", "codigo_act": 462112, "latitud": 18.6870205, "longitud": -99.2460583 }, "geometry": { "type": "Point", "coordinates": [ -99.2460583, 18.6870205 ] } },
{ "type": "Feature", "properties": { "nom_estab": "TIENDAS TRES B", "codigo_act": 462112, "latitud": 18.61621847, "longitud": -99.17727914 }, "geometry": { "type": "Point", "coordinates": [ -99.17727914, 18.61621847 ] } },
{ "type": "Feature", "properties": { "nom_estab": "TIENDAS TRES B", "codigo_act": 462112, "latitud": 18.88849169, "longitud": -99.05863054 }, "geometry": { "type": "Point", "coordinates": [ -99.05863054, 18.88849169 ] } },
{ "type": "Feature", "properties": { "nom_estab": "TIENDAS TRES B", "codigo_act": 462112, "latitud": 18.93091409, "longitud": -99.18452689 }, "geometry": { "type": "Point", "coordinates": [ -99.18452689, 18.93091409 ] } },
{ "type": "Feature", "properties": { "nom_estab": "TIENDAS TRES B", "codigo_act": 462112, "latitud": 18.85838201, "longitud": -99.17939457 }, "geometry": { "type": "Point", "coordinates": [ -99.17939457, 18.85838201 ] } },
{ "type": "Feature", "properties": { "nom_estab": "TIENDAS TRES B", "codigo_act": 462112, "latitud": 18.87278546, "longitud": -99.05090082 }, "geometry": { "type": "Point", "coordinates": [ -99.05090082, 18.87278546 ] } },
{ "type": "Feature", "properties": { "nom_estab": "TIENDAS TRES B", "codigo_act": 462112, "latitud": 18.90635282, "longitud": -99.20715262 }, "geometry": { "type": "Point", "coordinates": [ -99.20715262, 18.90635282 ] } },
{ "type": "Feature", "properties": { "nom_estab": "TIENDAS TRES B", "codigo_act": 462112, "latitud": 18.95149448, "longitud": -99.20727506 }, "geometry": { "type": "Point", "coordinates": [ -99.20727506, 18.95149448 ] } },
{ "type": "Feature", "properties": { "nom_estab": "TIENDAS TRES B", "codigo_act": 462112, "latitud": 18.61809826, "longitud": -99.32231185000001 }, "geometry": { "type": "Point", "coordinates": [ -99.32231185, 18.61809826 ] } },
{ "type": "Feature", "properties": { "nom_estab": "TIENDAS TRES B", "codigo_act": 462112, "latitud": 18.95179411, "longitud": -99.22877157000001 }, "geometry": { "type": "Point", "coordinates": [ -99.22877157, 18.95179411 ] } },
{ "type": "Feature", "properties": { "nom_estab": "TIENDAS TRES B", "codigo_act": 462112, "latitud": 18.90261858, "longitud": -99.17968505 }, "geometry": { "type": "Point", "coordinates": [ -99.17968505, 18.90261858 ] } },
{ "type": "Feature", "properties": { "nom_estab": "TIENDAS TRES B", "codigo_act": 462112, "latitud": 18.95349229, "longitud": -99.1916345 }, "geometry": { "type": "Point", "coordinates": [ -99.1916345, 18.95349229 ] } },
{ "type": "Feature", "properties": { "nom_estab": "TIENDAS TRES B", "codigo_act": 462112, "latitud": 18.74218091, "longitud": -99.25989465000001 }, "geometry": { "type": "Point", "coordinates": [ -99.25989465, 18.74218091 ] } },
{ "type": "Feature", "properties": { "nom_estab": "TIENDAS TRES B", "codigo_act": 462112, "latitud": 18.92454487, "longitud": -99.23693259 }, "geometry": { "type": "Point", "coordinates": [ -99.23693259, 18.92454487 ] } },
{ "type": "Feature", "properties": { "nom_estab": "TIENDAS TRES B", "codigo_act": 462112, "latitud": 18.9065502, "longitud": -99.1615256 }, "geometry": { "type": "Point", "coordinates": [ -99.1615256, 18.9065502 ] } },
{ "type": "Feature", "properties": { "nom_estab": "TIENDAS TRES B", "codigo_act": 462112, "latitud": 18.92583834, "longitud": -99.23828016 }, "geometry": { "type": "Point", "coordinates": [ -99.23828016, 18.92583834 ] } },
{ "type": "Feature", "properties": { "nom_estab": "TIENDAS TRES B", "codigo_act": 462112, "latitud": 18.95160414, "longitud": -99.19956469 }, "geometry": { "type": "Point", "coordinates": [ -99.19956469, 18.95160414 ] } },
{ "type": "Feature", "properties": { "nom_estab": "TIENDAS TRES B", "codigo_act": 462112, "latitud": 18.91813888, "longitud": -99.20013007 }, "geometry": { "type": "Point", "coordinates": [ -99.20013007, 18.91813888 ] } },
{ "type": "Feature", "properties": { "nom_estab": "TIENDAS TRES B", "codigo_act": 462112, "latitud": 18.72296593, "longitud": -98.79395881000001 }, "geometry": { "type": "Point", "coordinates": [ -98.79395881, 18.72296593 ] } },
{ "type": "Feature", "properties": { "nom_estab": "TIENDAS TRES B", "codigo_act": 462112, "latitud": 18.80652973, "longitud": -98.94567134 }, "geometry": { "type": "Point", "coordinates": [ -98.94567134, 18.80652973 ] } },
{ "type": "Feature", "properties": { "nom_estab": "TIENDAS TRES B", "codigo_act": 462112, "latitud": 18.88331588, "longitud": -98.86648025 }, "geometry": { "type": "Point", "coordinates": [ -98.86648025, 18.88331588 ] } },
{ "type": "Feature", "properties": { "nom_estab": "TIENDAS TRES B", "codigo_act": 462112, "latitud": 18.97123663, "longitud": -99.23691844 }, "geometry": { "type": "Point", "coordinates": [ -99.23691844, 18.97123663 ] } },
{ "type": "Feature", "properties": { "nom_estab": "TIENDAS TRES B", "codigo_act": 462112, "latitud": 18.65396769, "longitud": -99.19365805 }, "geometry": { "type": "Point", "coordinates": [ -99.19365805, 18.65396769 ] } },
{ "type": "Feature", "properties": { "nom_estab": "TIENDAS TRES B", "codigo_act": 462112, "latitud": 18.82508328, "longitud": -99.23251778 }, "geometry": { "type": "Point", "coordinates": [ -99.23251778, 18.82508328 ] } },
{ "type": "Feature", "properties": { "nom_estab": "TIENDAS TRES B", "codigo_act": 462112, "latitud": 18.90547286, "longitud": -99.24336916 }, "geometry": { "type": "Point", "coordinates": [ -99.24336916, 18.90547286 ] } },
{ "type": "Feature", "properties": { "nom_estab": "TIENDAS TRES B", "codigo_act": 462112, "latitud": 18.93487266, "longitud": -99.20421448 }, "geometry": { "type": "Point", "coordinates": [ -99.20421448, 18.93487266 ] } },
{ "type": "Feature", "properties": { "nom_estab": "TIENDAS TRES B", "codigo_act": 462112, "latitud": 18.92907914, "longitud": -99.19844973 }, "geometry": { "type": "Point", "coordinates": [ -99.19844973, 18.92907914 ] } },
{ "type": "Feature", "properties": { "nom_estab": "TIENDAS TRES B", "codigo_act": 462112, "latitud": 18.69954494, "longitud": -99.18395511 }, "geometry": { "type": "Point", "coordinates": [ -99.18395511, 18.69954494 ] } },
{ "type": "Feature", "properties": { "nom_estab": "TIENDAS TRES B", "codigo_act": 462112, "latitud": 18.92887388, "longitud": -99.19199351 }, "geometry": { "type": "Point", "coordinates": [ -99.19199351, 18.92887388 ] } },
{ "type": "Feature", "properties": { "nom_estab": "TIENDAS TRES B", "codigo_act": 462112, "latitud": 18.60096311, "longitud": -99.1881787 }, "geometry": { "type": "Point", "coordinates": [ -99.1881787, 18.60096311 ] } },
{ "type": "Feature", "properties": { "nom_estab": "TIENDAS TRES B", "codigo_act": 462112, "latitud": 18.92663872, "longitud": -99.17968152 }, "geometry": { "type": "Point", "coordinates": [ -99.17968152, 18.92663872 ] } },
{ "type": "Feature", "properties": { "nom_estab": "TIENDAS TRES B", "codigo_act": 462112, "latitud": 18.681167, "longitud": -99.1850781 }, "geometry": { "type": "Point", "coordinates": [ -99.1850781, 18.681167 ] } },
{ "type": "Feature", "properties": { "nom_estab": "TIENDAS TRES B", "codigo_act": 462112, "latitud": 18.8971379, "longitud": -99.22900171000001 }, "geometry": { "type": "Point", "coordinates": [ -99.22900171, 18.8971379 ] } },
{ "type": "Feature", "properties": { "nom_estab": "TIENDAS TRES B", "codigo_act": 462112, "latitud": 18.68198359, "longitud": -99.24556643 }, "geometry": { "type": "Point", "coordinates": [ -99.24556643, 18.68198359 ] } },
{ "type": "Feature", "properties": { "nom_estab": "TIENDAS TRES B", "codigo_act": 462112, "latitud": 18.92865544, "longitud": -99.25240951000001 }, "geometry": { "type": "Point", "coordinates": [ -99.25240951, 18.92865544 ] } },
{ "type": "Feature", "properties": { "nom_estab": "TIENDAS TRES B", "codigo_act": 462112, "latitud": 18.87721788, "longitud": -98.77533109 }, "geometry": { "type": "Point", "coordinates": [ -98.77533109, 18.87721788 ] } },
{ "type": "Feature", "properties": { "nom_estab": "TIENDAS TRES B", "codigo_act": 462112, "latitud": 18.82307702, "longitud": -99.23014351 }, "geometry": { "type": "Point", "coordinates": [ -99.23014351, 18.82307702 ] } },
{ "type": "Feature", "properties": { "nom_estab": "TIENDAS TRES B", "codigo_act": 462112, "latitud": 18.61896244, "longitud": -99.32338976 }, "geometry": { "type": "Point", "coordinates": [ -99.32338976, 18.61896244 ] } },
{ "type": "Feature", "properties": { "nom_estab": "TIENDAS TRES B", "codigo_act": 462112, "latitud": 18.8948708, "longitud": -99.17057782000001 }, "geometry": { "type": "Point", "coordinates": [ -99.17057782, 18.8948708 ] } },
{ "type": "Feature", "properties": { "nom_estab": "TIENDAS TRES B", "codigo_act": 462112, "latitud": 18.68416789, "longitud": -99.11781947 }, "geometry": { "type": "Point", "coordinates": [ -99.11781947, 18.68416789 ] } },
{ "type": "Feature", "properties": { "nom_estab": "TIENDAS TRES B", "codigo_act": 462112, "latitud": 18.89326776, "longitud": -99.17668028 }, "geometry": { "type": "Point", "coordinates": [ -99.17668028, 18.89326776 ] } },
{ "type": "Feature", "properties": { "nom_estab": "TIENDAS TRES B", "codigo_act": 462112, "latitud": 18.80594973, "longitud": -98.95689516 }, "geometry": { "type": "Point", "coordinates": [ -98.95689516, 18.80594973 ] } },
{ "type": "Feature", "properties": { "nom_estab": "TIENDAS TRES B", "codigo_act": 462112, "latitud": 18.76870295, "longitud": -99.35671381 }, "geometry": { "type": "Point", "coordinates": [ -99.35671381, 18.76870295 ] } },
{ "type": "Feature", "properties": { "nom_estab": "TIENDAS TRES B", "codigo_act": 462112, "latitud": 18.93442801, "longitud": -98.89681059 }, "geometry": { "type": "Point", "coordinates": [ -98.89681059, 18.93442801 ] } },
{ "type": "Feature", "properties": { "nom_estab": "TIENDAS TRES B", "codigo_act": 462112, "latitud": 18.93433049, "longitud": -98.89676815 }, "geometry": { "type": "Point", "coordinates": [ -98.89676815, 18.93433049 ] } },
{ "type": "Feature", "properties": { "nom_estab": "TIENDAS TRES B", "codigo_act": 462112, "latitud": 18.92895331, "longitud": -99.25252335 }, "geometry": { "type": "Point", "coordinates": [ -99.25252335, 18.92895331 ] } },
{ "type": "Feature", "properties": { "nom_estab": "TIENDAS TRES B", "codigo_act": 462112, "latitud": 18.82406659, "longitud": -98.95048258 }, "geometry": { "type": "Point", "coordinates": [ -98.95048258, 18.82406659 ] } },
{ "type": "Feature", "properties": { "nom_estab": "TIENDAS TRES B", "codigo_act": 462112, "latitud": 18.92862218, "longitud": -99.23005317000001 }, "geometry": { "type": "Point", "coordinates": [ -99.23005317, 18.92862218 ] } },
{ "type": "Feature", "properties": { "nom_estab": "TIENDAS TRES B", "codigo_act": 462112, "latitud": 18.55885513, "longitud": -99.27048573 }, "geometry": { "type": "Point", "coordinates": [ -99.27048573, 18.55885513 ] } },
{ "type": "Feature", "properties": { "nom_estab": "TIENDAS TRES B", "codigo_act": 462112, "latitud": 18.97155018, "longitud": -99.19601725 }, "geometry": { "type": "Point", "coordinates": [ -99.19601725, 18.97155018 ] } },
{ "type": "Feature", "properties": { "nom_estab": "TIENDAS TRES B", "codigo_act": 462112, "latitud": 18.98612545, "longitud": -98.92114672 }, "geometry": { "type": "Point", "coordinates": [ -98.92114672, 18.98612545 ] } },
{ "type": "Feature", "properties": { "nom_estab": "TIENDAS TRES B", "codigo_act": 462112, "latitud": 18.90388999, "longitud": -99.21936526 }, "geometry": { "type": "Point", "coordinates": [ -99.21936526, 18.90388999 ] } },
{ "type": "Feature", "properties": { "nom_estab": "TIENDAS TRES B", "codigo_act": 462112, "latitud": 19.02931774, "longitud": -99.26541072000001 }, "geometry": { "type": "Point", "coordinates": [ -99.26541072, 19.02931774 ] } },
{ "type": "Feature", "properties": { "nom_estab": "TIENDAS TRES B", "codigo_act": 462112, "latitud": 18.83873124, "longitud": -99.18701713 }, "geometry": { "type": "Point", "coordinates": [ -99.18701713, 18.83873124 ] } },
{ "type": "Feature", "properties": { "nom_estab": "TIENDAS TRES B", "codigo_act": 462112, "latitud": 18.95669744, "longitud": -99.21397786 }, "geometry": { "type": "Point", "coordinates": [ -99.21397786, 18.95669744 ] } },
{ "type": "Feature", "properties": { "nom_estab": "TIENDAS TRES B", "codigo_act": 462112, "latitud": 18.88008953, "longitud": -99.06735373 }, "geometry": { "type": "Point", "coordinates": [ -99.06735373, 18.88008953 ] } },
{ "type": "Feature", "properties": { "nom_estab": "TIENDAS TRES B", "codigo_act": 462112, "latitud": 18.50261087, "longitud": -98.75212529 }, "geometry": { "type": "Point", "coordinates": [ -98.75212529, 18.50261087 ] } },
{ "type": "Feature", "properties": { "nom_estab": "TIENDAS TRES B", "codigo_act": 462112, "latitud": 18.62639236, "longitud": -99.32183851000001 }, "geometry": { "type": "Point", "coordinates": [ -99.32183851, 18.62639236 ] } },
{ "type": "Feature", "properties": { "nom_estab": "TIENDAS TRES B", "codigo_act": 462112, "latitud": 18.84203189, "longitud": -99.24043281 }, "geometry": { "type": "Point", "coordinates": [ -99.24043281, 18.84203189 ] } },
{ "type": "Feature", "properties": { "nom_estab": "TIENDAS TRES B", "codigo_act": 462112, "latitud": 18.97341119, "longitud": -99.24621075 }, "geometry": { "type": "Point", "coordinates": [ -99.24621075, 18.97341119 ] } },
{ "type": "Feature", "properties": { "nom_estab": "TIENDAS TRES B", "codigo_act": 462112, "latitud": 18.88622158, "longitud": -99.06373924 }, "geometry": { "type": "Point", "coordinates": [ -99.06373924, 18.88622158 ] } },
{ "type": "Feature", "properties": { "nom_estab": "TIENDAS TRES B", "codigo_act": 462112, "latitud": 18.87207007, "longitud": -98.92584922 }, "geometry": { "type": "Point", "coordinates": [ -98.92584922, 18.87207007 ] } },
{ "type": "Feature", "properties": { "nom_estab": "TIENDAS TRES B", "codigo_act": 462112, "latitud": 18.86314084, "longitud": -98.93415124000001 }, "geometry": { "type": "Point", "coordinates": [ -98.93415124, 18.86314084 ] } },
{ "type": "Feature", "properties": { "nom_estab": "TIENDAS TRES B", "codigo_act": 462112, "latitud": 18.72498104, "longitud": -98.79959164 }, "geometry": { "type": "Point", "coordinates": [ -98.79959164, 18.72498104 ] } },
{ "type": "Feature", "properties": { "nom_estab": "TIENDAS TRES B", "codigo_act": 462112, "latitud": 18.84383942, "longitud": -99.22418266 }, "geometry": { "type": "Point", "coordinates": [ -99.22418266, 18.84383942 ] } },
{ "type": "Feature", "properties": { "nom_estab": "TIENDAS TRES B", "codigo_act": 462112, "latitud": 18.94530763, "longitud": -99.22982973000001 }, "geometry": { "type": "Point", "coordinates": [ -99.22982973, 18.94530763 ] } },
{ "type": "Feature", "properties": { "nom_estab": "TIENDAS TRES B", "codigo_act": 462112, "latitud": 18.69465021, "longitud": -98.80185848000001 }, "geometry": { "type": "Point", "coordinates": [ -98.80185848, 18.69465021 ] } },
{ "type": "Feature", "properties": { "nom_estab": "TIENDAS TRES B", "codigo_act": 462112, "latitud": 18.79322166, "longitud": -98.96054081 }, "geometry": { "type": "Point", "coordinates": [ -98.96054081, 18.79322166 ] } },
{ "type": "Feature", "properties": { "nom_estab": "TIENDAS TRES B", "codigo_act": 462112, "latitud": 18.91056215, "longitud": -99.18561348 }, "geometry": { "type": "Point", "coordinates": [ -99.18561348, 18.91056215 ] } },
{ "type": "Feature", "properties": { "nom_estab": "TIENDAS TRES B", "codigo_act": 462112, "latitud": 18.96744525, "longitud": -99.24780255 }, "geometry": { "type": "Point", "coordinates": [ -99.24780255, 18.96744525 ] } },
{ "type": "Feature", "properties": { "nom_estab": "TIENDAS TRES B", "codigo_act": 462112, "latitud": 18.92050833, "longitud": -98.97077497 }, "geometry": { "type": "Point", "coordinates": [ -98.97077497, 18.92050833 ] } },
{ "type": "Feature", "properties": { "nom_estab": "TIENDAS TRES BBB LA JOYA 2", "codigo_act": 462112, "latitud": 18.88924793, "longitud": -99.12618039 }, "geometry": { "type": "Point", "coordinates": [ -99.12618039, 18.88924793 ] } },
{ "type": "Feature", "properties": { "nom_estab": "OXXO SUC 503BH TEPIC REALEZA GDL", "codigo_act": 462112, "latitud": 21.46145553, "longitud": -104.86105316 }, "geometry": { "type": "Point", "coordinates": [ -104.86105316, 21.46145553 ] } },
{ "type": "Feature", "properties": { "nom_estab": "OXXO SUC 503BK ENCINO CUL", "codigo_act": 462112, "latitud": 21.47260657, "longitud": -104.87482425 }, "geometry": { "type": "Point", "coordinates": [ -104.87482425, 21.47260657 ] } },
{ "type": "Feature", "properties": { "nom_estab": "TIENDAS TRES B", "codigo_act": 462112, "latitud": 21.03595619, "longitud": -104.37282171 }, "geometry": { "type": "Point", "coordinates": [ -104.37282171, 21.03595619 ] } },
{ "type": "Feature", "properties": { "nom_estab": "TIENDAS TRES B", "codigo_act": 462112, "latitud": 21.33864463, "longitud": -104.58926521 }, "geometry": { "type": "Point", "coordinates": [ -104.58926521, 21.33864463 ] } },
{ "type": "Feature", "properties": { "nom_estab": "OXXO SUC 503B3 IGNACIO ZARAGOZA MTY", "codigo_act": 462112, "latitud": 25.941088, "longitud": -100.36350106 }, "geometry": { "type": "Point", "coordinates": [ -100.36350106, 25.941088 ] } },
{ "type": "Feature", "properties": { "nom_estab": "OXXO SUC 5043B MANDIOCA MTY", "codigo_act": 462112, "latitud": 25.75357041, "longitud": -100.35262967 }, "geometry": { "type": "Point", "coordinates": [ -100.35262967, 25.75357041 ] } },
{ "type": "Feature", "properties": { "nom_estab": "OXXO SUC 503BW SAN ANTONIO VER", "codigo_act": 462112, "latitud": 18.06768547, "longitud": -96.14072826 }, "geometry": { "type": "Point", "coordinates": [ -96.14072826, 18.06768547 ] } },
{ "type": "Feature", "properties": { "nom_estab": "3B", "codigo_act": 462112, "latitud": 19.10543387, "longitud": -98.46442885 }, "geometry": { "type": "Point", "coordinates": [ -98.46442885, 19.10543387 ] } },
{ "type": "Feature", "properties": { "nom_estab": "OXXO SUC 5083B SAN JUAN PBF", "codigo_act": 462112, "latitud": 19.09510363, "longitud": -98.2834706 }, "geometry": { "type": "Point", "coordinates": [ -98.2834706, 19.09510363 ] } },
{ "type": "Feature", "properties": { "nom_estab": "OXXO SUC 50B3B CASA CLUB PBF", "codigo_act": 462112, "latitud": 19.10564192, "longitud": -98.26157529 }, "geometry": { "type": "Point", "coordinates": [ -98.26157529, 19.10564192 ] } },
{ "type": "Feature", "properties": { "nom_estab": "TIENDA 3B", "codigo_act": 462112, "latitud": 18.99617303, "longitud": -97.71702123 }, "geometry": { "type": "Point", "coordinates": [ -97.71702123, 18.99617303 ] } },
{ "type": "Feature", "properties": { "nom_estab": "TIENDA DE ABARROTES 3B", "codigo_act": 462112, "latitud": 18.87415979, "longitud": -97.61509501 }, "geometry": { "type": "Point", "coordinates": [ -97.61509501, 18.87415979 ] } },
{ "type": "Feature", "properties": { "nom_estab": "TIENDA TRES B 10201 SERDAN", "codigo_act": 462112, "latitud": 18.98886805, "longitud": -97.44644406 }, "geometry": { "type": "Point", "coordinates": [ -97.44644406, 18.98886805 ] } },
{ "type": "Feature", "properties": { "nom_estab": "TIENDA TRES B S.A DE C.V", "codigo_act": 462112, "latitud": 20.2044078, "longitud": -97.99224854000001 }, "geometry": { "type": "Point", "coordinates": [ -97.99224854, 20.2044078 ] } },
{ "type": "Feature", "properties": { "nom_estab": "TIENDAS 3B", "codigo_act": 462112, "latitud": 19.818004, "longitud": -97.80678285 }, "geometry": { "type": "Point", "coordinates": [ -97.80678285, 19.818004 ] } },
{ "type": "Feature", "properties": { "nom_estab": "TIENDAS 3B", "codigo_act": 462112, "latitud": 19.20896908, "longitud": -98.38217913 }, "geometry": { "type": "Point", "coordinates": [ -98.38217913, 19.20896908 ] } },
{ "type": "Feature", "properties": { "nom_estab": "TIENDAS 3B", "codigo_act": 462112, "latitud": 19.81862258, "longitud": -97.35767482 }, "geometry": { "type": "Point", "coordinates": [ -97.35767482, 19.81862258 ] } },
{ "type": "Feature", "properties": { "nom_estab": "TIENDAS 3B", "codigo_act": 462111, "latitud": 20.17345093, "longitud": -98.05024229 }, "geometry": { "type": "Point", "coordinates": [ -98.05024229, 20.17345093 ] } },
{ "type": "Feature", "properties": { "nom_estab": "TIENDAS 3B", "codigo_act": 462112, "latitud": 20.17346348, "longitud": -98.0547887 }, "geometry": { "type": "Point", "coordinates": [ -98.0547887, 20.17346348 ] } },
{ "type": "Feature", "properties": { "nom_estab": "TIENDAS 3B", "codigo_act": 462112, "latitud": 19.13302777, "longitud": -97.64004725 }, "geometry": { "type": "Point", "coordinates": [ -97.64004725, 19.13302777 ] } },
{ "type": "Feature", "properties": { "nom_estab": "TIENDAS 3B", "codigo_act": 462112, "latitud": 18.836285, "longitud": -97.54576827 }, "geometry": { "type": "Point", "coordinates": [ -97.54576827, 18.836285 ] } },
{ "type": "Feature", "properties": { "nom_estab": "TIENDAS TRES B", "codigo_act": 462112, "latitud": 19.07075457, "longitud": -98.23556555 }, "geometry": { "type": "Point", "coordinates": [ -98.23556555, 19.07075457 ] } },
{ "type": "Feature", "properties": { "nom_estab": "TIENDAS TRES B", "codigo_act": 462112, "latitud": 19.15455542, "longitud": -98.25852001 }, "geometry": { "type": "Point", "coordinates": [ -98.25852001, 19.15455542 ] } },
{ "type": "Feature", "properties": { "nom_estab": "TIENDAS TRES B", "codigo_act": 462112, "latitud": 19.0403845, "longitud": -98.18813634 }, "geometry": { "type": "Point", "coordinates": [ -98.18813634, 19.0403845 ] } },
{ "type": "Feature", "properties": { "nom_estab": "TIENDAS TRES B", "codigo_act": 462112, "latitud": 18.20009029, "longitud": -98.04849645 }, "geometry": { "type": "Point", "coordinates": [ -98.04849645, 18.20009029 ] } },
{ "type": "Feature", "properties": { "nom_estab": "TIENDAS TRES B", "codigo_act": 462112, "latitud": 19.93157073, "longitud": -97.96400102 }, "geometry": { "type": "Point", "coordinates": [ -97.96400102, 19.93157073 ] } },
{ "type": "Feature", "properties": { "nom_estab": "TIENDAS TRES B", "codigo_act": 462112, "latitud": 18.97680806, "longitud": -98.24522036 }, "geometry": { "type": "Point", "coordinates": [ -98.24522036, 18.97680806 ] } },
{ "type": "Feature", "properties": { "nom_estab": "TIENDAS TRES B", "codigo_act": 462112, "latitud": 19.1069662, "longitud": -97.95401318 }, "geometry": { "type": "Point", "coordinates": [ -97.95401318, 19.1069662 ] } },
{ "type": "Feature", "properties": { "nom_estab": "TIENDAS TRES B", "codigo_act": 462112, "latitud": 19.28142709, "longitud": -98.42094602 }, "geometry": { "type": "Point", "coordinates": [ -98.42094602, 19.28142709 ] } },
{ "type": "Feature", "properties": { "nom_estab": "TIENDAS TRES B", "codigo_act": 462112, "latitud": 18.96628709, "longitud": -97.89944845 }, "geometry": { "type": "Point", "coordinates": [ -97.89944845, 18.96628709 ] } },
{ "type": "Feature", "properties": { "nom_estab": "TIENDAS TRES B", "codigo_act": 462112, "latitud": 19.8079896, "longitud": -97.36826343 }, "geometry": { "type": "Point", "coordinates": [ -97.36826343, 19.8079896 ] } },
{ "type": "Feature", "properties": { "nom_estab": "TIENDAS TRES B", "codigo_act": 462112, "latitud": 20.27656651, "longitud": -97.95733622 }, "geometry": { "type": "Point", "coordinates": [ -97.95733622, 20.27656651 ] } },
{ "type": "Feature", "properties": { "nom_estab": "TIENDAS TRES B", "codigo_act": 462112, "latitud": 19.08917975, "longitud": -98.16810165 }, "geometry": { "type": "Point", "coordinates": [ -98.16810165, 19.08917975 ] } },
{ "type": "Feature", "properties": { "nom_estab": "TIENDAS TRES B", "codigo_act": 462112, "latitud": 20.17612952, "longitud": -98.05048914 }, "geometry": { "type": "Point", "coordinates": [ -98.05048914, 20.17612952 ] } },
{ "type": "Feature", "properties": { "nom_estab": "TIENDAS TRES B", "codigo_act": 462112, "latitud": 19.04320631, "longitud": -98.04367402 }, "geometry": { "type": "Point", "coordinates": [ -98.04367402, 19.04320631 ] } },
{ "type": "Feature", "properties": { "nom_estab": "TIENDAS TRES B", "codigo_act": 462112, "latitud": 19.37506611, "longitud": -97.62123576 }, "geometry": { "type": "Point", "coordinates": [ -97.62123576, 19.37506611 ] } },
{ "type": "Feature", "properties": { "nom_estab": "TIENDAS TRES B", "codigo_act": 462112, "latitud": 18.59985984, "longitud": -98.46588444 }, "geometry": { "type": "Point", "coordinates": [ -98.46588444, 18.59985984 ] } },
{ "type": "Feature", "properties": { "nom_estab": "TIENDAS TRES B", "codigo_act": 462112, "latitud": 18.44912235, "longitud": -97.41669017 }, "geometry": { "type": "Point", "coordinates": [ -97.41669017, 18.44912235 ] } },
{ "type": "Feature", "properties": { "nom_estab": "TIENDAS TRES B", "codigo_act": 462112, "latitud": 19.04456311, "longitud": -98.05442818 }, "geometry": { "type": "Point", "coordinates": [ -98.05442818, 19.04456311 ] } },
{ "type": "Feature", "properties": { "nom_estab": "TIENDAS TRES B", "codigo_act": 462112, "latitud": 19.15719178, "longitud": -98.41260319 }, "geometry": { "type": "Point", "coordinates": [ -98.41260319, 19.15719178 ] } },
{ "type": "Feature", "properties": { "nom_estab": "TIENDAS TRES B", "codigo_act": 462112, "latitud": 18.96631793, "longitud": -97.90589262 }, "geometry": { "type": "Point", "coordinates": [ -97.90589262, 18.96631793 ] } },
{ "type": "Feature", "properties": { "nom_estab": "TIENDAS TRES B", "codigo_act": 462112, "latitud": 19.07293898, "longitud": -98.19538717 }, "geometry": { "type": "Point", "coordinates": [ -98.19538717, 19.07293898 ] } },
{ "type": "Feature", "properties": { "nom_estab": "TIENDAS TRES B", "codigo_act": 462112, "latitud": 19.46391542, "longitud": -97.68936436 }, "geometry": { "type": "Point", "coordinates": [ -97.68936436, 19.46391542 ] } },
{ "type": "Feature", "properties": { "nom_estab": "TIENDAS TRES B", "codigo_act": 462112, "latitud": 19.22665133, "longitud": -97.80519271 }, "geometry": { "type": "Point", "coordinates": [ -97.80519271, 19.22665133 ] } },
{ "type": "Feature", "properties": { "nom_estab": "TIENDAS TRES B", "codigo_act": 462112, "latitud": 19.07248382, "longitud": -98.2493639 }, "geometry": { "type": "Point", "coordinates": [ -98.2493639, 19.07248382 ] } },
{ "type": "Feature", "properties": { "nom_estab": "TIENDAS TRES B", "codigo_act": 462112, "latitud": 18.97686356, "longitud": -98.24532896 }, "geometry": { "type": "Point", "coordinates": [ -98.24532896, 18.97686356 ] } },
{ "type": "Feature", "properties": { "nom_estab": "TIENDAS TRES B", "codigo_act": 462112, "latitud": 18.95415803, "longitud": -97.66307528 }, "geometry": { "type": "Point", "coordinates": [ -97.66307528, 18.95415803 ] } },
{ "type": "Feature", "properties": { "nom_estab": "TIENDAS TRES B ", "codigo_act": 462112, "latitud": 19.13405028, "longitud": -97.64184523 }, "geometry": { "type": "Point", "coordinates": [ -97.64184523, 19.13405028 ] } },
{ "type": "Feature", "properties": { "nom_estab": "TIENDAS TRES B", "codigo_act": 462112, "latitud": 19.83700929, "longitud": -98.03168126 }, "geometry": { "type": "Point", "coordinates": [ -98.03168126, 19.83700929 ] } },
{ "type": "Feature", "properties": { "nom_estab": "TIENDAS TRES B", "codigo_act": 462112, "latitud": 19.07078354, "longitud": -98.23556189 }, "geometry": { "type": "Point", "coordinates": [ -98.23556189, 19.07078354 ] } },
{ "type": "Feature", "properties": { "nom_estab": "TIENDAS TRES B", "codigo_act": 462112, "latitud": 19.14995228, "longitud": -98.26029131 }, "geometry": { "type": "Point", "coordinates": [ -98.26029131, 19.14995228 ] } },
{ "type": "Feature", "properties": { "nom_estab": "TIENDAS TRES B", "codigo_act": 462112, "latitud": 19.0523551, "longitud": -98.19592427000001 }, "geometry": { "type": "Point", "coordinates": [ -98.19592427, 19.0523551 ] } },
{ "type": "Feature", "properties": { "nom_estab": "TIENDAS TRES B", "codigo_act": 462112, "latitud": 19.33066701, "longitud": -98.5824669 }, "geometry": { "type": "Point", "coordinates": [ -98.5824669, 19.33066701 ] } },
{ "type": "Feature", "properties": { "nom_estab": "TIENDAS TRES B", "codigo_act": 462112, "latitud": 19.05508616, "longitud": -98.20214078 }, "geometry": { "type": "Point", "coordinates": [ -98.20214078, 19.05508616 ] } },
{ "type": "Feature", "properties": { "nom_estab": "TIENDAS TRES B", "codigo_act": 462112, "latitud": 19.76940437, "longitud": -97.55525258 }, "geometry": { "type": "Point", "coordinates": [ -97.55525258, 19.76940437 ] } },
{ "type": "Feature", "properties": { "nom_estab": "TIENDAS TRES B", "codigo_act": 462112, "latitud": 19.88315423, "longitud": -97.44612187 }, "geometry": { "type": "Point", "coordinates": [ -97.44612187, 19.88315423 ] } },
{ "type": "Feature", "properties": { "nom_estab": "TIENDAS TRES B", "codigo_act": 462112, "latitud": 19.28381347, "longitud": -98.43127979 }, "geometry": { "type": "Point", "coordinates": [ -98.43127979, 19.28381347 ] } },
{ "type": "Feature", "properties": { "nom_estab": "TIENDAS TRES B", "codigo_act": 462112, "latitud": 19.03830013, "longitud": -98.14284022 }, "geometry": { "type": "Point", "coordinates": [ -98.14284022, 19.03830013 ] } },
{ "type": "Feature", "properties": { "nom_estab": "TIENDAS TRES B", "codigo_act": 462112, "latitud": 19.85189322, "longitud": -97.49815618 }, "geometry": { "type": "Point", "coordinates": [ -97.49815618, 19.85189322 ] } },
{ "type": "Feature", "properties": { "nom_estab": "TIENDAS TRES B", "codigo_act": 462112, "latitud": 19.81820005, "longitud": -97.35765486 }, "geometry": { "type": "Point", "coordinates": [ -97.35765486, 19.81820005 ] } },
{ "type": "Feature", "properties": { "nom_estab": "TIENDAS TRES B", "codigo_act": 462112, "latitud": 20.52234272, "longitud": -97.9393921 }, "geometry": { "type": "Point", "coordinates": [ -97.9393921, 20.52234272 ] } },
{ "type": "Feature", "properties": { "nom_estab": "TIENDAS TRES B", "codigo_act": 462112, "latitud": 19.04302723, "longitud": -98.17762702 }, "geometry": { "type": "Point", "coordinates": [ -98.17762702, 19.04302723 ] } },
{ "type": "Feature", "properties": { "nom_estab": "TIENDAS TRES B", "codigo_act": 462112, "latitud": 18.98141932, "longitud": -97.78511124000001 }, "geometry": { "type": "Point", "coordinates": [ -97.78511124, 18.98141932 ] } },
{ "type": "Feature", "properties": { "nom_estab": "TIENDAS TRES B", "codigo_act": 462112, "latitud": 19.10624313, "longitud": -98.22289656 }, "geometry": { "type": "Point", "coordinates": [ -98.22289656, 19.10624313 ] } },
{ "type": "Feature", "properties": { "nom_estab": "TIENDAS TRES B", "codigo_act": 462112, "latitud": 20.46421587, "longitud": -97.70066878 }, "geometry": { "type": "Point", "coordinates": [ -97.70066878, 20.46421587 ] } },
{ "type": "Feature", "properties": { "nom_estab": "TIENDAS TRES B", "codigo_act": 462112, "latitud": 19.06590701, "longitud": -98.20681155 }, "geometry": { "type": "Point", "coordinates": [ -98.20681155, 19.06590701 ] } },
{ "type": "Feature", "properties": { "nom_estab": "TIENDAS TRES B", "codigo_act": 462112, "latitud": 18.98847251, "longitud": -98.20027744 }, "geometry": { "type": "Point", "coordinates": [ -98.20027744, 18.98847251 ] } },
{ "type": "Feature", "properties": { "nom_estab": "TIENDAS TRES B", "codigo_act": 462112, "latitud": 19.83549444, "longitud": -98.03376504000001 }, "geometry": { "type": "Point", "coordinates": [ -98.03376504, 19.83549444 ] } },
{ "type": "Feature", "properties": { "nom_estab": "TIENDAS TRES B", "codigo_act": 462112, "latitud": 19.21793687, "longitud": -98.41515998 }, "geometry": { "type": "Point", "coordinates": [ -98.41515998, 19.21793687 ] } },
{ "type": "Feature", "properties": { "nom_estab": "TIENDAS TRES B", "codigo_act": 462112, "latitud": 19.0286509, "longitud": -98.25771251 }, "geometry": { "type": "Point", "coordinates": [ -98.25771251, 19.0286509 ] } },
{ "type": "Feature", "properties": { "nom_estab": "TIENDAS TRES B", "codigo_act": 462112, "latitud": 19.03670732, "longitud": -98.03794939 }, "geometry": { "type": "Point", "coordinates": [ -98.03794939, 19.03670732 ] } },
{ "type": "Feature", "properties": { "nom_estab": "TIENDAS TRES B", "codigo_act": 462112, "latitud": 19.04406231, "longitud": -98.04647004 }, "geometry": { "type": "Point", "coordinates": [ -98.04647004, 19.04406231 ] } },
{ "type": "Feature", "properties": { "nom_estab": "TIENDAS TRES B", "codigo_act": 462112, "latitud": 20.38698664, "longitud": -97.88091671 }, "geometry": { "type": "Point", "coordinates": [ -97.88091671, 20.38698664 ] } },
{ "type": "Feature", "properties": { "nom_estab": "TIENDAS TRES B", "codigo_act": 462112, "latitud": 19.04952543, "longitud": -98.20656449000001 }, "geometry": { "type": "Point", "coordinates": [ -98.20656449, 19.04952543 ] } },
{ "type": "Feature", "properties": { "nom_estab": "TIENDAS TRES B", "codigo_act": 462112, "latitud": 19.26889417, "longitud": -98.51680581 }, "geometry": { "type": "Point", "coordinates": [ -98.51680581, 19.26889417 ] } },
{ "type": "Feature", "properties": { "nom_estab": "TIENDAS TRES B", "codigo_act": 462112, "latitud": 20.27855102, "longitud": -97.96170771 }, "geometry": { "type": "Point", "coordinates": [ -97.96170771, 20.27855102 ] } },
{ "type": "Feature", "properties": { "nom_estab": "TIENDAS TRES B", "codigo_act": 462112, "latitud": 19.20389788, "longitud": -98.46871007 }, "geometry": { "type": "Point", "coordinates": [ -98.46871007, 19.20389788 ] } },
{ "type": "Feature", "properties": { "nom_estab": "TIENDAS TRES B", "codigo_act": 462112, "latitud": 18.19990882, "longitud": -98.04850305 }, "geometry": { "type": "Point", "coordinates": [ -98.04850305, 18.19990882 ] } },
{ "type": "Feature", "properties": { "nom_estab": "TIENDAS TRES B", "codigo_act": 462112, "latitud": 19.79611632, "longitud": -97.9348952 }, "geometry": { "type": "Point", "coordinates": [ -97.9348952, 19.79611632 ] } },
{ "type": "Feature", "properties": { "nom_estab": "TIENDAS TRES B", "codigo_act": 462112, "latitud": 19.28022053, "longitud": -98.43412674 }, "geometry": { "type": "Point", "coordinates": [ -98.43412674, 19.28022053 ] } },
{ "type": "Feature", "properties": { "nom_estab": "TIENDAS TRES B", "codigo_act": 462112, "latitud": 19.24309204, "longitud": -98.4067303 }, "geometry": { "type": "Point", "coordinates": [ -98.4067303, 19.24309204 ] } },
{ "type": "Feature", "properties": { "nom_estab": "TIENDAS TRES B", "codigo_act": 462112, "latitud": 18.90300953, "longitud": -98.43741905 }, "geometry": { "type": "Point", "coordinates": [ -98.43741905, 18.90300953 ] } },
{ "type": "Feature", "properties": { "nom_estab": "TIENDAS TRES B", "codigo_act": 462112, "latitud": 20.00675665, "longitud": -97.85570819 }, "geometry": { "type": "Point", "coordinates": [ -97.85570819, 20.00675665 ] } },
{ "type": "Feature", "properties": { "nom_estab": "TIENDAS TRES B", "codigo_act": 462112, "latitud": 19.05603721, "longitud": -98.17187982 }, "geometry": { "type": "Point", "coordinates": [ -98.17187982, 19.05603721 ] } },
{ "type": "Feature", "properties": { "nom_estab": "TIENDAS TRES B", "codigo_act": 462112, "latitud": 20.73331459, "longitud": -97.85116282 }, "geometry": { "type": "Point", "coordinates": [ -97.85116282, 20.73331459 ] } },
{ "type": "Feature", "properties": { "nom_estab": "TIENDAS TRES B", "codigo_act": 462112, "latitud": 19.06985345, "longitud": -98.14666251 }, "geometry": { "type": "Point", "coordinates": [ -98.14666251, 19.06985345 ] } },
{ "type": "Feature", "properties": { "nom_estab": "TIENDAS TRES B", "codigo_act": 462112, "latitud": 19.84761757, "longitud": -97.49709875000001 }, "geometry": { "type": "Point", "coordinates": [ -97.49709875, 19.84761757 ] } },
{ "type": "Feature", "properties": { "nom_estab": "TIENDAS TRES B", "codigo_act": 462112, "latitud": 18.99468577, "longitud": -98.22548668 }, "geometry": { "type": "Point", "coordinates": [ -98.22548668, 18.99468577 ] } },
{ "type": "Feature", "properties": { "nom_estab": "TIENDAS TRES B", "codigo_act": 462112, "latitud": 20.13069977, "longitud": -97.2110309 }, "geometry": { "type": "Point", "coordinates": [ -97.2110309, 20.13069977 ] } },
{ "type": "Feature", "properties": { "nom_estab": "TIENDAS TRES B", "codigo_act": 462112, "latitud": 18.60471451, "longitud": -98.46548747 }, "geometry": { "type": "Point", "coordinates": [ -98.46548747, 18.60471451 ] } },
{ "type": "Feature", "properties": { "nom_estab": "TIENDAS TRES B", "codigo_act": 462112, "latitud": 20.46370523, "longitud": -97.70529112 }, "geometry": { "type": "Point", "coordinates": [ -97.70529112, 20.46370523 ] } },
{ "type": "Feature", "properties": { "nom_estab": "TIENDAS TRES B", "codigo_act": 462112, "latitud": 19.93929231, "longitud": -97.96585526 }, "geometry": { "type": "Point", "coordinates": [ -97.96585526, 19.93929231 ] } },
{ "type": "Feature", "properties": { "nom_estab": "TIENDAS TRES B", "codigo_act": 462112, "latitud": 18.46516238, "longitud": -97.40322373 }, "geometry": { "type": "Point", "coordinates": [ -97.40322373, 18.46516238 ] } },
{ "type": "Feature", "properties": { "nom_estab": "TIENDAS TRES B", "codigo_act": 462112, "latitud": 18.9875871, "longitud": -98.21546957 }, "geometry": { "type": "Point", "coordinates": [ -98.21546957, 18.9875871 ] } },
{ "type": "Feature", "properties": { "nom_estab": "TIENDAS TRES B", "codigo_act": 462112, "latitud": 19.29261058, "longitud": -97.34379428 }, "geometry": { "type": "Point", "coordinates": [ -97.34379428, 19.29261058 ] } },
{ "type": "Feature", "properties": { "nom_estab": "TIENDAS TRES B", "codigo_act": 462112, "latitud": 18.99519126, "longitud": -98.24863226 }, "geometry": { "type": "Point", "coordinates": [ -98.24863226, 18.99519126 ] } },
{ "type": "Feature", "properties": { "nom_estab": "TIENDAS TRES B", "codigo_act": 462112, "latitud": 19.07524483, "longitud": -98.21127961000001 }, "geometry": { "type": "Point", "coordinates": [ -98.21127961, 19.07524483 ] } },
{ "type": "Feature", "properties": { "nom_estab": "TIENDAS TRES B", "codigo_act": 462112, "latitud": 19.10156987, "longitud": -98.19619376 }, "geometry": { "type": "Point", "coordinates": [ -98.19619376, 19.10156987 ] } },
{ "type": "Feature", "properties": { "nom_estab": "TIENDAS TRES B", "codigo_act": 462112, "latitud": 19.82640981, "longitud": -97.34809378 }, "geometry": { "type": "Point", "coordinates": [ -97.34809378, 19.82640981 ] } },
{ "type": "Feature", "properties": { "nom_estab": "TIENDAS TRES B", "codigo_act": 462112, "latitud": 19.06949377, "longitud": -98.17635393 }, "geometry": { "type": "Point", "coordinates": [ -98.17635393, 19.06949377 ] } },
{ "type": "Feature", "properties": { "nom_estab": "TIENDAS TRES B", "codigo_act": 462112, "latitud": 18.97549389, "longitud": -98.16812648 }, "geometry": { "type": "Point", "coordinates": [ -98.16812648, 18.97549389 ] } },
{ "type": "Feature", "properties": { "nom_estab": "TIENDAS TRES B", "codigo_act": 462112, "latitud": 19.05907944, "longitud": -98.13168441000001 }, "geometry": { "type": "Point", "coordinates": [ -98.13168441, 19.05907944 ] } },
{ "type": "Feature", "properties": { "nom_estab": "TIENDAS TRES B", "codigo_act": 462112, "latitud": 20.27798811, "longitud": -97.95663993 }, "geometry": { "type": "Point", "coordinates": [ -97.95663993, 20.27798811 ] } },
{ "type": "Feature", "properties": { "nom_estab": "TIENDAS TRES B", "codigo_act": 462112, "latitud": 19.07170335, "longitud": -98.26728236 }, "geometry": { "type": "Point", "coordinates": [ -98.26728236, 19.07170335 ] } },
{ "type": "Feature", "properties": { "nom_estab": "TIENDAS TRES B", "codigo_act": 462112, "latitud": 18.37797807, "longitud": -97.26128852 }, "geometry": { "type": "Point", "coordinates": [ -97.26128852, 18.37797807 ] } },
{ "type": "Feature", "properties": { "nom_estab": "TIENDAS TRES B", "codigo_act": 462112, "latitud": 18.47040332, "longitud": -97.3929049 }, "geometry": { "type": "Point", "coordinates": [ -97.3929049, 18.47040332 ] } },
{ "type": "Feature", "properties": { "nom_estab": "TIENDAS TRES B", "codigo_act": 462112, "latitud": 18.46076959, "longitud": -97.38476639 }, "geometry": { "type": "Point", "coordinates": [ -97.38476639, 18.46076959 ] } },
{ "type": "Feature", "properties": { "nom_estab": "TIENDAS TRES B", "codigo_act": 462112, "latitud": 18.60196736, "longitud": -98.46674046 }, "geometry": { "type": "Point", "coordinates": [ -98.46674046, 18.60196736 ] } },
{ "type": "Feature", "properties": { "nom_estab": "TIENDAS TRES B", "codigo_act": 462112, "latitud": 19.04295793, "longitud": -98.13031196 }, "geometry": { "type": "Point", "coordinates": [ -98.13031196, 19.04295793 ] } },
{ "type": "Feature", "properties": { "nom_estab": "TIENDAS TRES B", "codigo_act": 462112, "latitud": 19.05605097, "longitud": -98.17187888 }, "geometry": { "type": "Point", "coordinates": [ -98.17187888, 19.05605097 ] } },
{ "type": "Feature", "properties": { "nom_estab": "TIENDAS TRES B", "codigo_act": 462112, "latitud": 19.28758272, "longitud": -98.44847857000001 }, "geometry": { "type": "Point", "coordinates": [ -98.44847857, 19.28758272 ] } },
{ "type": "Feature", "properties": { "nom_estab": "TIENDAS TRES B", "codigo_act": 462112, "latitud": 19.04608834, "longitud": -98.09292086000001 }, "geometry": { "type": "Point", "coordinates": [ -98.09292086, 19.04608834 ] } },
{ "type": "Feature", "properties": { "nom_estab": "TIENDAS TRES B", "codigo_act": 462112, "latitud": 20.26528713, "longitud": -97.8790784 }, "geometry": { "type": "Point", "coordinates": [ -97.8790784, 20.26528713 ] } },
{ "type": "Feature", "properties": { "nom_estab": "TIENDAS TRES B", "codigo_act": 462112, "latitud": 18.90777886, "longitud": -98.45069141 }, "geometry": { "type": "Point", "coordinates": [ -98.45069141, 18.90777886 ] } },
{ "type": "Feature", "properties": { "nom_estab": "TIENDAS TRES B", "codigo_act": 462112, "latitud": 19.81509366, "longitud": -97.38819716 }, "geometry": { "type": "Point", "coordinates": [ -97.38819716, 19.81509366 ] } },
{ "type": "Feature", "properties": { "nom_estab": "TIENDAS TRES B", "codigo_act": 462112, "latitud": 19.04350666, "longitud": -98.12275344 }, "geometry": { "type": "Point", "coordinates": [ -98.12275344, 19.04350666 ] } },
{ "type": "Feature", "properties": { "nom_estab": "TIENDAS TRES B", "codigo_act": 462112, "latitud": 20.27540057, "longitud": -97.96402358 }, "geometry": { "type": "Point", "coordinates": [ -97.96402358, 20.27540057 ] } },
{ "type": "Feature", "properties": { "nom_estab": "TIENDAS TRES B", "codigo_act": 462112, "latitud": 19.02160714, "longitud": -98.18089533 }, "geometry": { "type": "Point", "coordinates": [ -98.18089533, 19.02160714 ] } },
{ "type": "Feature", "properties": { "nom_estab": "TIENDAS TRES B", "codigo_act": 462112, "latitud": 18.81653806, "longitud": -97.5120723 }, "geometry": { "type": "Point", "coordinates": [ -97.5120723, 18.81653806 ] } },
{ "type": "Feature", "properties": { "nom_estab": "TIENDAS TRES B", "codigo_act": 462112, "latitud": 19.03582912, "longitud": -98.20107987 }, "geometry": { "type": "Point", "coordinates": [ -98.20107987, 19.03582912 ] } },
{ "type": "Feature", "properties": { "nom_estab": "TIENDAS TRES B", "codigo_act": 462112, "latitud": 18.46482797, "longitud": -97.38968675 }, "geometry": { "type": "Point", "coordinates": [ -97.38968675, 18.46482797 ] } },
{ "type": "Feature", "properties": { "nom_estab": "TIENDAS TRES B", "codigo_act": 462112, "latitud": 19.09810111, "longitud": -98.25331542000001 }, "geometry": { "type": "Point", "coordinates": [ -98.25331542, 19.09810111 ] } },
{ "type": "Feature", "properties": { "nom_estab": "TIENDAS TRES B", "codigo_act": 462112, "latitud": 19.2272401, "longitud": -97.80225042 }, "geometry": { "type": "Point", "coordinates": [ -97.80225042, 19.2272401 ] } },
{ "type": "Feature", "properties": { "nom_estab": "TIENDAS TRES B", "codigo_act": 462112, "latitud": 18.51327405, "longitud": -98.60567993 }, "geometry": { "type": "Point", "coordinates": [ -98.60567993, 18.51327405 ] } },
{ "type": "Feature", "properties": { "nom_estab": "TIENDAS TRES B", "codigo_act": 462112, "latitud": 20.32585002, "longitud": -98.06916037000001 }, "geometry": { "type": "Point", "coordinates": [ -98.06916037, 20.32585002 ] } },
{ "type": "Feature", "properties": { "nom_estab": "TIENDAS TRES B", "codigo_act": 462112, "latitud": 19.83574889, "longitud": -98.03344609 }, "geometry": { "type": "Point", "coordinates": [ -98.03344609, 19.83574889 ] } },
{ "type": "Feature", "properties": { "nom_estab": "TIENDAS TRES B", "codigo_act": 462112, "latitud": 19.87724238, "longitud": -97.58795771 }, "geometry": { "type": "Point", "coordinates": [ -97.58795771, 19.87724238 ] } },
{ "type": "Feature", "properties": { "nom_estab": "TIENDAS TRES B", "codigo_act": 462112, "latitud": 19.05274378, "longitud": -98.19955044 }, "geometry": { "type": "Point", "coordinates": [ -98.19955044, 19.05274378 ] } },
{ "type": "Feature", "properties": { "nom_estab": "TIENDAS TRES B", "codigo_act": 462112, "latitud": 19.81205525, "longitud": -97.36050249 }, "geometry": { "type": "Point", "coordinates": [ -97.36050249, 19.81205525 ] } },
{ "type": "Feature", "properties": { "nom_estab": "TIENDAS TRES B", "codigo_act": 462112, "latitud": 19.03816255, "longitud": -98.14842882000001 }, "geometry": { "type": "Point", "coordinates": [ -98.14842882, 19.03816255 ] } },
{ "type": "Feature", "properties": { "nom_estab": "TIENDAS TRES B", "codigo_act": 462112, "latitud": 18.96431848, "longitud": -98.26776627 }, "geometry": { "type": "Point", "coordinates": [ -98.26776627, 18.96431848 ] } },
{ "type": "Feature", "properties": { "nom_estab": "TIENDAS TRES B", "codigo_act": 462112, "latitud": 18.97993231, "longitud": -98.22988855 }, "geometry": { "type": "Point", "coordinates": [ -98.22988855, 18.97993231 ] } },
{ "type": "Feature", "properties": { "nom_estab": "TIENDAS TRES B", "codigo_act": 462112, "latitud": 18.54855982, "longitud": -97.43824376000001 }, "geometry": { "type": "Point", "coordinates": [ -97.43824376, 18.54855982 ] } },
{ "type": "Feature", "properties": { "nom_estab": "TIENDAS TRES B", "codigo_act": 462112, "latitud": 19.14561761, "longitud": -98.23847174 }, "geometry": { "type": "Point", "coordinates": [ -98.23847174, 19.14561761 ] } },
{ "type": "Feature", "properties": { "nom_estab": "TIENDAS TRES B", "codigo_act": 462112, "latitud": 20.27064506, "longitud": -97.95891761 }, "geometry": { "type": "Point", "coordinates": [ -97.95891761, 20.27064506 ] } },
{ "type": "Feature", "properties": { "nom_estab": "TIENDAS TRES B", "codigo_act": 462112, "latitud": 18.83900687, "longitud": -97.82375369 }, "geometry": { "type": "Point", "coordinates": [ -97.82375369, 18.83900687 ] } },
{ "type": "Feature", "properties": { "nom_estab": "TIENDAS TRES B", "codigo_act": 462112, "latitud": 19.87180302, "longitud": -97.58804032 }, "geometry": { "type": "Point", "coordinates": [ -97.58804032, 19.87180302 ] } },
{ "type": "Feature", "properties": { "nom_estab": "TIENDAS TRES B", "codigo_act": 462112, "latitud": 19.02773122, "longitud": -98.22019771 }, "geometry": { "type": "Point", "coordinates": [ -98.22019771, 19.02773122 ] } },
{ "type": "Feature", "properties": { "nom_estab": "TIENDAS TRES B", "codigo_act": 462112, "latitud": 19.93823913, "longitud": -97.95399651 }, "geometry": { "type": "Point", "coordinates": [ -97.95399651, 19.93823913 ] } },
{ "type": "Feature", "properties": { "nom_estab": "TIENDAS TRES B", "codigo_act": 462112, "latitud": 18.87997133, "longitud": -97.72811979 }, "geometry": { "type": "Point", "coordinates": [ -97.72811979, 18.87997133 ] } },
{ "type": "Feature", "properties": { "nom_estab": "TIENDAS TRES B", "codigo_act": 462112, "latitud": 18.51891944, "longitud": -98.57844076000001 }, "geometry": { "type": "Point", "coordinates": [ -98.57844076, 18.51891944 ] } },
{ "type": "Feature", "properties": { "nom_estab": "TIENDAS TRES B", "codigo_act": 462112, "latitud": 19.04000882, "longitud": -98.1864093 }, "geometry": { "type": "Point", "coordinates": [ -98.1864093, 19.04000882 ] } },
{ "type": "Feature", "properties": { "nom_estab": "TIENDAS TRES B", "codigo_act": 462112, "latitud": 18.96944606, "longitud": -98.1832724 }, "geometry": { "type": "Point", "coordinates": [ -98.1832724, 18.96944606 ] } },
{ "type": "Feature", "properties": { "nom_estab": "TIENDAS TRES B", "codigo_act": 462112, "latitud": 19.06369219, "longitud": -98.14009473 }, "geometry": { "type": "Point", "coordinates": [ -98.14009473, 19.06369219 ] } },
{ "type": "Feature", "properties": { "nom_estab": "TIENDAS TRES B", "codigo_act": 462112, "latitud": 19.09328373, "longitud": -98.21506541 }, "geometry": { "type": "Point", "coordinates": [ -98.21506541, 19.09328373 ] } },
{ "type": "Feature", "properties": { "nom_estab": "TIENDAS TRES B", "codigo_act": 462112, "latitud": 18.98824877, "longitud": -98.21028785 }, "geometry": { "type": "Point", "coordinates": [ -98.21028785, 18.98824877 ] } },
{ "type": "Feature", "properties": { "nom_estab": "TIENDAS TRES B", "codigo_act": 462112, "latitud": 18.96049763, "longitud": -97.90651946 }, "geometry": { "type": "Point", "coordinates": [ -97.90651946, 18.96049763 ] } },
{ "type": "Feature", "properties": { "nom_estab": "TIENDAS TRES B", "codigo_act": 462112, "latitud": 18.60166702, "longitud": -98.46782547 }, "geometry": { "type": "Point", "coordinates": [ -98.46782547, 18.60166702 ] } },
{ "type": "Feature", "properties": { "nom_estab": "TIENDAS TRES B", "codigo_act": 462112, "latitud": 19.02882825, "longitud": -98.14212174 }, "geometry": { "type": "Point", "coordinates": [ -98.14212174, 19.02882825 ] } },
{ "type": "Feature", "properties": { "nom_estab": "TIENDAS TRES B", "codigo_act": 462112, "latitud": 18.97997201, "longitud": -98.26225003 }, "geometry": { "type": "Point", "coordinates": [ -98.26225003, 18.97997201 ] } },
{ "type": "Feature", "properties": { "nom_estab": "TIENDAS TRES B", "codigo_act": 462112, "latitud": 19.08866731, "longitud": -98.2713698 }, "geometry": { "type": "Point", "coordinates": [ -98.2713698, 19.08866731 ] } },
{ "type": "Feature", "properties": { "nom_estab": "TIENDAS TRES B", "codigo_act": 462112, "latitud": 18.9644975, "longitud": -98.26779987 }, "geometry": { "type": "Point", "coordinates": [ -98.26779987, 18.9644975 ] } },
{ "type": "Feature", "properties": { "nom_estab": "TIENDAS TRES B", "codigo_act": 462112, "latitud": 19.07030901, "longitud": -98.18935548 }, "geometry": { "type": "Point", "coordinates": [ -98.18935548, 19.07030901 ] } },
{ "type": "Feature", "properties": { "nom_estab": "TIENDAS TRES B", "codigo_act": 462112, "latitud": 18.9516778, "longitud": -98.23775873 }, "geometry": { "type": "Point", "coordinates": [ -98.23775873, 18.9516778 ] } },
{ "type": "Feature", "properties": { "nom_estab": "TIENDAS TRES B", "codigo_act": 462112, "latitud": 18.96903596, "longitud": -98.24130135 }, "geometry": { "type": "Point", "coordinates": [ -98.24130135, 18.96903596 ] } },
{ "type": "Feature", "properties": { "nom_estab": "TIENDAS TRES B", "codigo_act": 462112, "latitud": 18.90473538, "longitud": -98.43675938 }, "geometry": { "type": "Point", "coordinates": [ -98.43675938, 18.90473538 ] } },
{ "type": "Feature", "properties": { "nom_estab": "TIENDAS TRES B", "codigo_act": 462112, "latitud": 19.0288589, "longitud": -98.17970617 }, "geometry": { "type": "Point", "coordinates": [ -98.17970617, 19.0288589 ] } },
{ "type": "Feature", "properties": { "nom_estab": "TIENDAS TRES B", "codigo_act": 462112, "latitud": 19.07880858, "longitud": -98.24521268 }, "geometry": { "type": "Point", "coordinates": [ -98.24521268, 19.07880858 ] } },
{ "type": "Feature", "properties": { "nom_estab": "TIENDAS TRES B", "codigo_act": 462112, "latitud": 19.05861688, "longitud": -98.12615476000001 }, "geometry": { "type": "Point", "coordinates": [ -98.12615476, 19.05861688 ] } },
{ "type": "Feature", "properties": { "nom_estab": "TIENDAS TRES BBB", "codigo_act": 462112, "latitud": 18.98646402, "longitud": -97.4474254 }, "geometry": { "type": "Point", "coordinates": [ -97.4474254, 18.98646402 ] } },
{ "type": "Feature", "properties": { "nom_estab": "TIENSA 3B", "codigo_act": 462112, "latitud": 19.93232331, "longitud": -97.96404029 }, "geometry": { "type": "Point", "coordinates": [ -97.96404029, 19.93232331 ] } },
{ "type": "Feature", "properties": { "nom_estab": "TINEDA 3B", "codigo_act": 462112, "latitud": 19.2812146, "longitud": -98.43174655 }, "geometry": { "type": "Point", "coordinates": [ -98.43174655, 19.2812146 ] } },
{ "type": "Feature", "properties": { "nom_estab": "OXXO SUC 503B0 CENTRO DE JUSTICIA QRF", "codigo_act": 462112, "latitud": 20.5739599, "longitud": -100.37822799 }, "geometry": { "type": "Point", "coordinates": [ -100.37822799, 20.5739599 ] } },
{ "type": "Feature", "properties": { "nom_estab": "OXXO SUC 50T3B PASEO QUINTANA QRF", "codigo_act": 462112, "latitud": 20.66057071, "longitud": -100.47785846 }, "geometry": { "type": "Point", "coordinates": [ -100.47785846, 20.66057071 ] } },
{ "type": "Feature", "properties": { "nom_estab": "TIENDAS TRES B", "codigo_act": 462112, "latitud": 20.38631476, "longitud": -99.9625635 }, "geometry": { "type": "Point", "coordinates": [ -99.9625635, 20.38631476 ] } },
{ "type": "Feature", "properties": { "nom_estab": "TIENDAS TRES B", "codigo_act": 462112, "latitud": 20.5823741, "longitud": -100.4104368 }, "geometry": { "type": "Point", "coordinates": [ -100.4104368, 20.5823741 ] } },
{ "type": "Feature", "properties": { "nom_estab": "TIENDAS TRES B", "codigo_act": 462112, "latitud": 20.58509515, "longitud": -100.3923199 }, "geometry": { "type": "Point", "coordinates": [ -100.3923199, 20.58509515 ] } },
{ "type": "Feature", "properties": { "nom_estab": "TIENDAS TRES B", "codigo_act": 462112, "latitud": 20.50107687, "longitud": -100.14365204000001 }, "geometry": { "type": "Point", "coordinates": [ -100.14365204, 20.50107687 ] } },
{ "type": "Feature", "properties": { "nom_estab": "TIENDAS TRES B", "codigo_act": 462112, "latitud": 21.13481568, "longitud": -99.62313915 }, "geometry": { "type": "Point", "coordinates": [ -99.62313915, 21.13481568 ] } },
{ "type": "Feature", "properties": { "nom_estab": "TIENDAS TRES B", "codigo_act": 462112, "latitud": 20.38742469, "longitud": -99.97561567 }, "geometry": { "type": "Point", "coordinates": [ -99.97561567, 20.38742469 ] } },
{ "type": "Feature", "properties": { "nom_estab": "TIENDAS TRES B", "codigo_act": 462112, "latitud": 20.37632056, "longitud": -99.9637587 }, "geometry": { "type": "Point", "coordinates": [ -99.9637587, 20.37632056 ] } },
{ "type": "Feature", "properties": { "nom_estab": "TIENDAS TRES B", "codigo_act": 462112, "latitud": 20.60877162, "longitud": -100.43476187 }, "geometry": { "type": "Point", "coordinates": [ -100.43476187, 20.60877162 ] } },
{ "type": "Feature", "properties": { "nom_estab": "TIENDAS TRES B", "codigo_act": 462112, "latitud": 20.18778914, "longitud": -100.14138142 }, "geometry": { "type": "Point", "coordinates": [ -100.14138142, 20.18778914 ] } },
{ "type": "Feature", "properties": { "nom_estab": "TIENDAS TRES B", "codigo_act": 462112, "latitud": 20.65141641, "longitud": -100.40454422000001 }, "geometry": { "type": "Point", "coordinates": [ -100.40454422, 20.65141641 ] } },
{ "type": "Feature", "properties": { "nom_estab": "TIENDAS TRES B", "codigo_act": 462112, "latitud": 20.52617542, "longitud": -100.45219327 }, "geometry": { "type": "Point", "coordinates": [ -100.45219327, 20.52617542 ] } },
{ "type": "Feature", "properties": { "nom_estab": "TIENDAS TRES B", "codigo_act": 462112, "latitud": 20.58341791, "longitud": -100.25797214000001 }, "geometry": { "type": "Point", "coordinates": [ -100.25797214, 20.58341791 ] } },
{ "type": "Feature", "properties": { "nom_estab": "TIENDAS TRES B", "codigo_act": 462112, "latitud": 20.73798738, "longitud": -99.9381834 }, "geometry": { "type": "Point", "coordinates": [ -99.9381834, 20.73798738 ] } },
{ "type": "Feature", "properties": { "nom_estab": "TIENDAS TRES B", "codigo_act": 462112, "latitud": 20.60353065, "longitud": -100.40157237 }, "geometry": { "type": "Point", "coordinates": [ -100.40157237, 20.60353065 ] } },
{ "type": "Feature", "properties": { "nom_estab": "TIENDAS TRES B", "codigo_act": 462112, "latitud": 20.62243427, "longitud": -100.44504499 }, "geometry": { "type": "Point", "coordinates": [ -100.44504499, 20.62243427 ] } },
{ "type": "Feature", "properties": { "nom_estab": "TIENDAS TRES B", "codigo_act": 462112, "latitud": 20.60614746, "longitud": -100.39938603 }, "geometry": { "type": "Point", "coordinates": [ -100.39938603, 20.60614746 ] } },
{ "type": "Feature", "properties": { "nom_estab": "TIENDAS TRES B", "codigo_act": 462112, "latitud": 20.38762656, "longitud": -99.97609224 }, "geometry": { "type": "Point", "coordinates": [ -99.97609224, 20.38762656 ] } },
{ "type": "Feature", "properties": { "nom_estab": "TIENDAS TRES B", "codigo_act": 462112, "latitud": 20.63178478, "longitud": -100.39560738 }, "geometry": { "type": "Point", "coordinates": [ -100.39560738, 20.63178478 ] } },
{ "type": "Feature", "properties": { "nom_estab": "TIENDAS TRES B", "codigo_act": 462112, "latitud": 20.66683934, "longitud": -99.89952422 }, "geometry": { "type": "Point", "coordinates": [ -99.89952422, 20.66683934 ] } },
{ "type": "Feature", "properties": { "nom_estab": "TIENDAS TRES B", "codigo_act": 462112, "latitud": 20.56642648, "longitud": -100.37600626 }, "geometry": { "type": "Point", "coordinates": [ -100.37600626, 20.56642648 ] } },
{ "type": "Feature", "properties": { "nom_estab": "TIENDAS TRES B", "codigo_act": 462112, "latitud": 20.50107687, "longitud": -100.14365204000001 }, "geometry": { "type": "Point", "coordinates": [ -100.14365204, 20.50107687 ] } },
{ "type": "Feature", "properties": { "nom_estab": "TIENDAS TRES B", "codigo_act": 462112, "latitud": 20.50281737, "longitud": -100.14590845 }, "geometry": { "type": "Point", "coordinates": [ -100.14590845, 20.50281737 ] } },
{ "type": "Feature", "properties": { "nom_estab": "TIENDAS TRES B", "codigo_act": 462112, "latitud": 20.69877933, "longitud": -99.81490703 }, "geometry": { "type": "Point", "coordinates": [ -99.81490703, 20.69877933 ] } },
{ "type": "Feature", "properties": { "nom_estab": "TIENDAS TRES B", "codigo_act": 462112, "latitud": 20.37900781, "longitud": -99.94277707000001 }, "geometry": { "type": "Point", "coordinates": [ -99.94277707, 20.37900781 ] } },
{ "type": "Feature", "properties": { "nom_estab": "TIENDAS TRES B", "codigo_act": 462112, "latitud": 20.66433991, "longitud": -99.89931081 }, "geometry": { "type": "Point", "coordinates": [ -99.89931081, 20.66433991 ] } },
{ "type": "Feature", "properties": { "nom_estab": "TIENDAS TRES B", "codigo_act": 462112, "latitud": 20.60580839, "longitud": -100.23681077000001 }, "geometry": { "type": "Point", "coordinates": [ -100.23681077, 20.60580839 ] } },
{ "type": "Feature", "properties": { "nom_estab": "TIENDAS TRES B", "codigo_act": 462112, "latitud": 20.66643924, "longitud": -99.897455 }, "geometry": { "type": "Point", "coordinates": [ -99.897455, 20.66643924 ] } },
{ "type": "Feature", "properties": { "nom_estab": "TIENDAS TRES B", "codigo_act": 462112, "latitud": 20.65262701, "longitud": -100.38164433 }, "geometry": { "type": "Point", "coordinates": [ -100.38164433, 20.65262701 ] } },
{ "type": "Feature", "properties": { "nom_estab": "TIENDAS TRES B", "codigo_act": 462112, "latitud": 20.90705056, "longitud": -99.93264291 }, "geometry": { "type": "Point", "coordinates": [ -99.93264291, 20.90705056 ] } },
{ "type": "Feature", "properties": { "nom_estab": "TIENDAS TRES B", "codigo_act": 462112, "latitud": 20.54290791, "longitud": -100.43981425 }, "geometry": { "type": "Point", "coordinates": [ -100.43981425, 20.54290791 ] } },
{ "type": "Feature", "properties": { "nom_estab": "TIENDAS TRES B", "codigo_act": 462112, "latitud": 20.39267585, "longitud": -99.99268316 }, "geometry": { "type": "Point", "coordinates": [ -99.99268316, 20.39267585 ] } },
{ "type": "Feature", "properties": { "nom_estab": "TIENDAS TRES B", "codigo_act": 462112, "latitud": 20.52537849, "longitud": -100.44257496 }, "geometry": { "type": "Point", "coordinates": [ -100.44257496, 20.52537849 ] } },
{ "type": "Feature", "properties": { "nom_estab": "TIENDAS TRES B", "codigo_act": 462112, "latitud": 20.90705677, "longitud": -99.93261942 }, "geometry": { "type": "Point", "coordinates": [ -99.93261942, 20.90705677 ] } },
{ "type": "Feature", "properties": { "nom_estab": "TIENDAS TRES B", "codigo_act": 462112, "latitud": 20.58454446, "longitud": -100.3855753 }, "geometry": { "type": "Point", "coordinates": [ -100.3855753, 20.58454446 ] } },
{ "type": "Feature", "properties": { "nom_estab": "TIENDAS TRES B", "codigo_act": 462112, "latitud": 20.69833855, "longitud": -99.81718442 }, "geometry": { "type": "Point", "coordinates": [ -99.81718442, 20.69833855 ] } },
{ "type": "Feature", "properties": { "nom_estab": "TIENDAS TRES B", "codigo_act": 462112, "latitud": 20.63509304, "longitud": -100.46766897000001 }, "geometry": { "type": "Point", "coordinates": [ -100.46766897, 20.63509304 ] } },
{ "type": "Feature", "properties": { "nom_estab": "TIENDAS TRES B", "codigo_act": 462112, "latitud": 20.65164801, "longitud": -100.45053034 }, "geometry": { "type": "Point", "coordinates": [ -100.45053034, 20.65164801 ] } },
{ "type": "Feature", "properties": { "nom_estab": "TIENDAS TRES B", "codigo_act": 462112, "latitud": 20.59796961, "longitud": -100.39436944000001 }, "geometry": { "type": "Point", "coordinates": [ -100.39436944, 20.59796961 ] } },
{ "type": "Feature", "properties": { "nom_estab": "TIENDAS TRES B", "codigo_act": 462112, "latitud": 20.6293255, "longitud": -100.27827629 }, "geometry": { "type": "Point", "coordinates": [ -100.27827629, 20.6293255 ] } },
{ "type": "Feature", "properties": { "nom_estab": "TIENDAS TRES B", "codigo_act": 462112, "latitud": 20.64062692, "longitud": -100.48406025 }, "geometry": { "type": "Point", "coordinates": [ -100.48406025, 20.64062692 ] } },
{ "type": "Feature", "properties": { "nom_estab": "TIENDAS TRES B", "codigo_act": 462112, "latitud": 20.7875673, "longitud": -100.04535111 }, "geometry": { "type": "Point", "coordinates": [ -100.04535111, 20.7875673 ] } },
{ "type": "Feature", "properties": { "nom_estab": "TIENDAS TRES B", "codigo_act": 462112, "latitud": 20.63958088, "longitud": -100.4684308 }, "geometry": { "type": "Point", "coordinates": [ -100.4684308, 20.63958088 ] } },
{ "type": "Feature", "properties": { "nom_estab": "TIENDAS TRES B", "codigo_act": 462112, "latitud": 20.66672342, "longitud": -100.42279032 }, "geometry": { "type": "Point", "coordinates": [ -100.42279032, 20.66672342 ] } },
{ "type": "Feature", "properties": { "nom_estab": "TIENDAS TRES B", "codigo_act": 462112, "latitud": 20.62813211, "longitud": -100.4533322 }, "geometry": { "type": "Point", "coordinates": [ -100.4533322, 20.62813211 ] } },
{ "type": "Feature", "properties": { "nom_estab": "TIENDAS TRES B", "codigo_act": 462112, "latitud": 20.67768859, "longitud": -100.45443278 }, "geometry": { "type": "Point", "coordinates": [ -100.45443278, 20.67768859 ] } },
{ "type": "Feature", "properties": { "nom_estab": "TIENDAS TRES B", "codigo_act": 462112, "latitud": 20.74398561, "longitud": -100.44781717 }, "geometry": { "type": "Point", "coordinates": [ -100.44781717, 20.74398561 ] } },
{ "type": "Feature", "properties": { "nom_estab": "TIENDAS TRES B", "codigo_act": 462112, "latitud": 20.52073954, "longitud": -99.89779907 }, "geometry": { "type": "Point", "coordinates": [ -99.89779907, 20.52073954 ] } },
{ "type": "Feature", "properties": { "nom_estab": "TIENDAS TRES B", "codigo_act": 462112, "latitud": 20.40252084, "longitud": -99.96960203 }, "geometry": { "type": "Point", "coordinates": [ -99.96960203, 20.40252084 ] } },
{ "type": "Feature", "properties": { "nom_estab": "TIENDAS TRES B", "codigo_act": 462112, "latitud": 20.52439716, "longitud": -99.89889629 }, "geometry": { "type": "Point", "coordinates": [ -99.89889629, 20.52439716 ] } },
{ "type": "Feature", "properties": { "nom_estab": "TIENDAS TRES B", "codigo_act": 462112, "latitud": 20.60880867, "longitud": -100.43447812 }, "geometry": { "type": "Point", "coordinates": [ -100.43447812, 20.60880867 ] } },
{ "type": "Feature", "properties": { "nom_estab": "TIENDAS TRES B", "codigo_act": 462112, "latitud": 20.63607988, "longitud": -100.4486949 }, "geometry": { "type": "Point", "coordinates": [ -100.4486949, 20.63607988 ] } },
{ "type": "Feature", "properties": { "nom_estab": "TIENDAS TRES B", "codigo_act": 462112, "latitud": 20.37865136, "longitud": -99.91122872 }, "geometry": { "type": "Point", "coordinates": [ -99.91122872, 20.37865136 ] } },
{ "type": "Feature", "properties": { "nom_estab": "TIENDAS TRES B", "codigo_act": 462112, "latitud": 20.59549728, "longitud": -100.34953728000001 }, "geometry": { "type": "Point", "coordinates": [ -100.34953728, 20.59549728 ] } },
{ "type": "Feature", "properties": { "nom_estab": "TIENDAS TRES B", "codigo_act": 462112, "latitud": 20.65490227, "longitud": -100.39978571 }, "geometry": { "type": "Point", "coordinates": [ -100.39978571, 20.65490227 ] } },
{ "type": "Feature", "properties": { "nom_estab": "TIENDAS TRES B", "codigo_act": 462112, "latitud": 20.65984159, "longitud": -100.45570427 }, "geometry": { "type": "Point", "coordinates": [ -100.45570427, 20.65984159 ] } },
{ "type": "Feature", "properties": { "nom_estab": "OXXO SUC 50R3B CALIZA SLP", "codigo_act": 462112, "latitud": 22.16533024, "longitud": -101.00845205 }, "geometry": { "type": "Point", "coordinates": [ -101.00845205, 22.16533024 ] } },
{ "type": "Feature", "properties": { "nom_estab": "TIENDA TRES B", "codigo_act": 462112, "latitud": 22.18778435, "longitud": -101.01300164 }, "geometry": { "type": "Point", "coordinates": [ -101.01300164, 22.18778435 ] } },
{ "type": "Feature", "properties": { "nom_estab": "TIENDAS TRES B", "codigo_act": 462112, "latitud": 22.14872588, "longitud": -100.92525424 }, "geometry": { "type": "Point", "coordinates": [ -100.92525424, 22.14872588 ] } },
{ "type": "Feature", "properties": { "nom_estab": "TIENDAS TRES B", "codigo_act": 462112, "latitud": 22.14903766, "longitud": -100.97234321000001 }, "geometry": { "type": "Point", "coordinates": [ -100.97234321, 22.14903766 ] } },
{ "type": "Feature", "properties": { "nom_estab": "TIENDAS TRES B", "codigo_act": 462112, "latitud": 22.17266747, "longitud": -101.00006765000001 }, "geometry": { "type": "Point", "coordinates": [ -101.00006765, 22.17266747 ] } },
{ "type": "Feature", "properties": { "nom_estab": "TIENDAS TRES B", "codigo_act": 462112, "latitud": 22.18778846, "longitud": -101.01300929 }, "geometry": { "type": "Point", "coordinates": [ -101.01300929, 22.18778846 ] } },
{ "type": "Feature", "properties": { "nom_estab": "TIENDAS TRES B", "codigo_act": 462112, "latitud": 22.16401778, "longitud": -101.04483885 }, "geometry": { "type": "Point", "coordinates": [ -101.04483885, 22.16401778 ] } },
{ "type": "Feature", "properties": { "nom_estab": "TIENDAS TRES B", "codigo_act": 462112, "latitud": 22.16277389, "longitud": -100.94843008 }, "geometry": { "type": "Point", "coordinates": [ -100.94843008, 22.16277389 ] } },
{ "type": "Feature", "properties": { "nom_estab": "TIENDAS TRES B", "codigo_act": 462112, "latitud": 22.14742694, "longitud": -100.90986628 }, "geometry": { "type": "Point", "coordinates": [ -100.90986628, 22.14742694 ] } },
{ "type": "Feature", "properties": { "nom_estab": "TIENDAS TRES B", "codigo_act": 462112, "latitud": 22.14701684, "longitud": -100.9805609 }, "geometry": { "type": "Point", "coordinates": [ -100.9805609, 22.14701684 ] } },
{ "type": "Feature", "properties": { "nom_estab": "TIENDAS TRES B", "codigo_act": 462112, "latitud": 22.20888067, "longitud": -100.97769886 }, "geometry": { "type": "Point", "coordinates": [ -100.97769886, 22.20888067 ] } },
{ "type": "Feature", "properties": { "nom_estab": "TIENDAS TRES B", "codigo_act": 462112, "latitud": 22.14067496, "longitud": -100.9170287 }, "geometry": { "type": "Point", "coordinates": [ -100.9170287, 22.14067496 ] } },
{ "type": "Feature", "properties": { "nom_estab": "TIENDAS TRES B", "codigo_act": 462112, "latitud": 22.1753583, "longitud": -100.94076001000001 }, "geometry": { "type": "Point", "coordinates": [ -100.94076001, 22.1753583 ] } },
{ "type": "Feature", "properties": { "nom_estab": "TIENDAS TRES B", "codigo_act": 462112, "latitud": 22.12675183, "longitud": -100.97427606 }, "geometry": { "type": "Point", "coordinates": [ -100.97427606, 22.12675183 ] } },
{ "type": "Feature", "properties": { "nom_estab": "TIENDAS TRES B", "codigo_act": 462112, "latitud": 22.10589446, "longitud": -100.85167619000001 }, "geometry": { "type": "Point", "coordinates": [ -100.85167619, 22.10589446 ] } },
{ "type": "Feature", "properties": { "nom_estab": "TIENDAS TRES B", "codigo_act": 462112, "latitud": 22.14166054, "longitud": -100.97205752000001 }, "geometry": { "type": "Point", "coordinates": [ -100.97205752, 22.14166054 ] } },
{ "type": "Feature", "properties": { "nom_estab": "TIENDAS TRES B", "codigo_act": 462112, "latitud": 21.79949259, "longitud": -100.73896562 }, "geometry": { "type": "Point", "coordinates": [ -100.73896562, 21.79949259 ] } },
{ "type": "Feature", "properties": { "nom_estab": "TIENDAS TRES B", "codigo_act": 462112, "latitud": 22.15375017, "longitud": -100.96747435 }, "geometry": { "type": "Point", "coordinates": [ -100.96747435, 22.15375017 ] } },
{ "type": "Feature", "properties": { "nom_estab": "TIENDAS TRES B", "codigo_act": 462112, "latitud": 22.64451093, "longitud": -100.84741332 }, "geometry": { "type": "Point", "coordinates": [ -100.84741332, 22.64451093 ] } },
{ "type": "Feature", "properties": { "nom_estab": "TIENDAS TRES B", "codigo_act": 462112, "latitud": 22.15683378, "longitud": -100.92277661 }, "geometry": { "type": "Point", "coordinates": [ -100.92277661, 22.15683378 ] } },
{ "type": "Feature", "properties": { "nom_estab": "TIENDAS TRES B", "codigo_act": 462112, "latitud": 22.93194743, "longitud": -101.09568821000001 }, "geometry": { "type": "Point", "coordinates": [ -101.09568821, 22.93194743 ] } },
{ "type": "Feature", "properties": { "nom_estab": "TIENDAS TRES B", "codigo_act": 462112, "latitud": 22.16419193, "longitud": -100.9782085 }, "geometry": { "type": "Point", "coordinates": [ -100.9782085, 22.16419193 ] } },
{ "type": "Feature", "properties": { "nom_estab": "TIENDAS TRES B", "codigo_act": 462112, "latitud": 21.92785564, "longitud": -100.04730614 }, "geometry": { "type": "Point", "coordinates": [ -100.04730614, 21.92785564 ] } },
{ "type": "Feature", "properties": { "nom_estab": "TIENDAS TRES B", "codigo_act": 462112, "latitud": 22.14080339, "longitud": -100.92311387 }, "geometry": { "type": "Point", "coordinates": [ -100.92311387, 22.14080339 ] } },
{ "type": "Feature", "properties": { "nom_estab": "TIENDAS TRES B", "codigo_act": 462112, "latitud": 22.18872844, "longitud": -100.98625905 }, "geometry": { "type": "Point", "coordinates": [ -100.98625905, 22.18872844 ] } },
{ "type": "Feature", "properties": { "nom_estab": "TIENDAS TRES B", "codigo_act": 462112, "latitud": 22.11472675, "longitud": -100.95384643 }, "geometry": { "type": "Point", "coordinates": [ -100.95384643, 22.11472675 ] } },
{ "type": "Feature", "properties": { "nom_estab": "TIENDAS TRES B", "codigo_act": 462112, "latitud": 22.10589398, "longitud": -100.85167329 }, "geometry": { "type": "Point", "coordinates": [ -100.85167329, 22.10589398 ] } },
{ "type": "Feature", "properties": { "nom_estab": "TIENDAS TRES B", "codigo_act": 462112, "latitud": 22.13674674, "longitud": -100.95980072 }, "geometry": { "type": "Point", "coordinates": [ -100.95980072, 22.13674674 ] } },
{ "type": "Feature", "properties": { "nom_estab": "TIENDAS TRES B", "codigo_act": 462112, "latitud": 22.17247626, "longitud": -100.97330875 }, "geometry": { "type": "Point", "coordinates": [ -100.97330875, 22.17247626 ] } },
{ "type": "Feature", "properties": { "nom_estab": "OXXO SUC 503BF LOMA ALTA TAM", "codigo_act": 462112, "latitud": 22.88261719, "longitud": -99.02713787 }, "geometry": { "type": "Point", "coordinates": [ -99.02713787, 22.88261719 ] } },
{ "type": "Feature", "properties": { "nom_estab": "TIENDA 3B", "codigo_act": 462112, "latitud": 19.21505441, "longitud": -98.23873755 }, "geometry": { "type": "Point", "coordinates": [ -98.23873755, 19.21505441 ] } },
{ "type": "Feature", "properties": { "nom_estab": "TIENDA 3B", "codigo_act": 462112, "latitud": 19.32492946, "longitud": -97.65836684 }, "geometry": { "type": "Point", "coordinates": [ -97.65836684, 19.32492946 ] } },
{ "type": "Feature", "properties": { "nom_estab": "TIENDAS 3B", "codigo_act": 462112, "latitud": 19.4263664, "longitud": -97.79883031 }, "geometry": { "type": "Point", "coordinates": [ -97.79883031, 19.4263664 ] } },
{ "type": "Feature", "properties": { "nom_estab": "TIENDAS 3B", "codigo_act": 462112, "latitud": 19.5854607, "longitud": -98.56973762 }, "geometry": { "type": "Point", "coordinates": [ -98.56973762, 19.5854607 ] } },
{ "type": "Feature", "properties": { "nom_estab": "TIENDAS 3B", "codigo_act": 462112, "latitud": 19.31800093, "longitud": -97.92110323 }, "geometry": { "type": "Point", "coordinates": [ -97.92110323, 19.31800093 ] } },
{ "type": "Feature", "properties": { "nom_estab": "TIENDAS TRES B", "codigo_act": 462112, "latitud": 19.31803352, "longitud": -98.23684668 }, "geometry": { "type": "Point", "coordinates": [ -98.23684668, 19.31803352 ] } },
{ "type": "Feature", "properties": { "nom_estab": "TIENDAS TRES B", "codigo_act": 462112, "latitud": 19.61299738, "longitud": -98.11933459 }, "geometry": { "type": "Point", "coordinates": [ -98.11933459, 19.61299738 ] } },
{ "type": "Feature", "properties": { "nom_estab": "TIENDAS TRES B", "codigo_act": 462112, "latitud": 19.40342964, "longitud": -98.14347537 }, "geometry": { "type": "Point", "coordinates": [ -98.14347537, 19.40342964 ] } },
{ "type": "Feature", "properties": { "nom_estab": "TIENDAS TRES B", "codigo_act": 462112, "latitud": 19.49284217, "longitud": -98.5353305 }, "geometry": { "type": "Point", "coordinates": [ -98.5353305, 19.49284217 ] } },
{ "type": "Feature", "properties": { "nom_estab": "TIENDAS TRES B", "codigo_act": 462112, "latitud": 19.32240149, "longitud": -98.23587591 }, "geometry": { "type": "Point", "coordinates": [ -98.23587591, 19.32240149 ] } },
{ "type": "Feature", "properties": { "nom_estab": "TIENDAS TRES B", "codigo_act": 462112, "latitud": 19.42021661, "longitud": -98.16433374 }, "geometry": { "type": "Point", "coordinates": [ -98.16433374, 19.42021661 ] } },
{ "type": "Feature", "properties": { "nom_estab": "TIENDAS TRES B", "codigo_act": 462112, "latitud": 19.31262044, "longitud": -98.19262351 }, "geometry": { "type": "Point", "coordinates": [ -98.19262351, 19.31262044 ] } },
{ "type": "Feature", "properties": { "nom_estab": "TIENDAS TRES B", "codigo_act": 462112, "latitud": 19.31505484, "longitud": -97.92014577 }, "geometry": { "type": "Point", "coordinates": [ -97.92014577, 19.31505484 ] } },
{ "type": "Feature", "properties": { "nom_estab": "TIENDAS TRES B", "codigo_act": 462112, "latitud": 19.41332387, "longitud": -98.1412131 }, "geometry": { "type": "Point", "coordinates": [ -98.1412131, 19.41332387 ] } },
{ "type": "Feature", "properties": { "nom_estab": "TIENDAS TRES B", "codigo_act": 462112, "latitud": 19.40417493, "longitud": -98.0481408 }, "geometry": { "type": "Point", "coordinates": [ -98.0481408, 19.40417493 ] } },
{ "type": "Feature", "properties": { "nom_estab": "TIENDAS TRES B", "codigo_act": 462112, "latitud": 19.41029476, "longitud": -98.14225675 }, "geometry": { "type": "Point", "coordinates": [ -98.14225675, 19.41029476 ] } },
{ "type": "Feature", "properties": { "nom_estab": "TIENDAS TRES B", "codigo_act": 462112, "latitud": 19.58819703, "longitud": -98.56849663 }, "geometry": { "type": "Point", "coordinates": [ -98.56849663, 19.58819703 ] } },
{ "type": "Feature", "properties": { "nom_estab": "TIENDAS TRES B", "codigo_act": 462112, "latitud": 19.11794145, "longitud": -98.17154176 }, "geometry": { "type": "Point", "coordinates": [ -98.17154176, 19.11794145 ] } },
{ "type": "Feature", "properties": { "nom_estab": "TIENDAS TRES B", "codigo_act": 462112, "latitud": 19.17860711, "longitud": -98.1907199 }, "geometry": { "type": "Point", "coordinates": [ -98.1907199, 19.17860711 ] } },
{ "type": "Feature", "properties": { "nom_estab": "TIENDAS TRES B", "codigo_act": 462112, "latitud": 19.31262383, "longitud": -98.19272142 }, "geometry": { "type": "Point", "coordinates": [ -98.19272142, 19.31262383 ] } },
{ "type": "Feature", "properties": { "nom_estab": "TIENDAS TRES B", "codigo_act": 462112, "latitud": 19.31976605, "longitud": -98.18630067 }, "geometry": { "type": "Point", "coordinates": [ -98.18630067, 19.31976605 ] } },
{ "type": "Feature", "properties": { "nom_estab": "TIENDAS TRES B", "codigo_act": 462112, "latitud": 19.21488123, "longitud": -98.23846569 }, "geometry": { "type": "Point", "coordinates": [ -98.23846569, 19.21488123 ] } },
{ "type": "Feature", "properties": { "nom_estab": "TIENDAS TRES B", "codigo_act": 462112, "latitud": 19.41597362, "longitud": -98.1441479 }, "geometry": { "type": "Point", "coordinates": [ -98.1441479, 19.41597362 ] } },
{ "type": "Feature", "properties": { "nom_estab": "TIENDAS TRES B", "codigo_act": 462112, "latitud": 19.15077274, "longitud": -98.22294353 }, "geometry": { "type": "Point", "coordinates": [ -98.22294353, 19.15077274 ] } },
{ "type": "Feature", "properties": { "nom_estab": "TIENDAS TRES B", "codigo_act": 462112, "latitud": 19.41211339, "longitud": -98.13959076 }, "geometry": { "type": "Point", "coordinates": [ -98.13959076, 19.41211339 ] } },
{ "type": "Feature", "properties": { "nom_estab": "TIENDAS TRES B", "codigo_act": 462112, "latitud": 19.3225987, "longitud": -98.23575345 }, "geometry": { "type": "Point", "coordinates": [ -98.23575345, 19.3225987 ] } },
{ "type": "Feature", "properties": { "nom_estab": "TIENDAS TRES B", "codigo_act": 462112, "latitud": 19.11927565, "longitud": -98.17145192 }, "geometry": { "type": "Point", "coordinates": [ -98.17145192, 19.11927565 ] } },
{ "type": "Feature", "properties": { "nom_estab": "TIENDAS TRES B", "codigo_act": 462112, "latitud": 19.31735894, "longitud": -98.27029395 }, "geometry": { "type": "Point", "coordinates": [ -98.27029395, 19.31735894 ] } },
{ "type": "Feature", "properties": { "nom_estab": "TIENDAS TRES B", "codigo_act": 462112, "latitud": 19.44161428, "longitud": -98.10443275 }, "geometry": { "type": "Point", "coordinates": [ -98.10443275, 19.44161428 ] } },
{ "type": "Feature", "properties": { "nom_estab": "TIENDAS TRES B", "codigo_act": 462112, "latitud": 19.31797933, "longitud": -98.23688028 }, "geometry": { "type": "Point", "coordinates": [ -98.23688028, 19.31797933 ] } },
{ "type": "Feature", "properties": { "nom_estab": "TIENDAS TRES B", "codigo_act": 462112, "latitud": 19.21213766, "longitud": -98.24163643 }, "geometry": { "type": "Point", "coordinates": [ -98.24163643, 19.21213766 ] } },
{ "type": "Feature", "properties": { "nom_estab": "TIENDAS TRES B", "codigo_act": 462112, "latitud": 19.31633893, "longitud": -98.24635135 }, "geometry": { "type": "Point", "coordinates": [ -98.24635135, 19.31633893 ] } },
{ "type": "Feature", "properties": { "nom_estab": "TIENDAS TRES B", "codigo_act": 462112, "latitud": 19.23371, "longitud": -98.31550549000001 }, "geometry": { "type": "Point", "coordinates": [ -98.31550549, 19.23371 ] } },
{ "type": "Feature", "properties": { "nom_estab": "TIENDAS TRES B", "codigo_act": 462112, "latitud": 19.58196456, "longitud": -98.42339548 }, "geometry": { "type": "Point", "coordinates": [ -98.42339548, 19.58196456 ] } },
{ "type": "Feature", "properties": { "nom_estab": "TIENDAS TRES B 1394", "codigo_act": 462112, "latitud": 19.29767593, "longitud": -97.76845129 }, "geometry": { "type": "Point", "coordinates": [ -97.76845129, 19.29767593 ] } },
{ "type": "Feature", "properties": { "nom_estab": "OXXO SUC 503BR AVENIDA TIVAT PAZ", "codigo_act": 462112, "latitud": 20.47784659, "longitud": -97.44756246 }, "geometry": { "type": "Point", "coordinates": [ -97.44756246, 20.47784659 ] } },
{ "type": "Feature", "properties": { "nom_estab": "OXXO SUC 50S3B JUAN RODRIGUEZ CLARA VER", "codigo_act": 462112, "latitud": 17.98894869, "longitud": -95.4030998 }, "geometry": { "type": "Point", "coordinates": [ -95.4030998, 17.98894869 ] } },
{ "type": "Feature", "properties": { "nom_estab": "OXXO SUC 50W3B NUEVO MEDELLIN VER", "codigo_act": 462112, "latitud": 19.00516956, "longitud": -96.11179958 }, "geometry": { "type": "Point", "coordinates": [ -96.11179958, 19.00516956 ] } },
{ "type": "Feature", "properties": { "nom_estab": "TIENDA 3B", "codigo_act": 462112, "latitud": 20.27470612, "longitud": -97.55067395 }, "geometry": { "type": "Point", "coordinates": [ -97.55067395, 20.27470612 ] } },
{ "type": "Feature", "properties": { "nom_estab": "TIENDA TRES B", "codigo_act": 462112, "latitud": 19.56125559, "longitud": -97.24324265 }, "geometry": { "type": "Point", "coordinates": [ -97.24324265, 19.56125559 ] } },
{ "type": "Feature", "properties": { "nom_estab": "TIENDAS TRES B", "codigo_act": 462112, "latitud": 20.7162785, "longitud": -97.53443763 }, "geometry": { "type": "Point", "coordinates": [ -97.53443763, 20.7162785 ] } },
{ "type": "Feature", "properties": { "nom_estab": "TIENDAS TRES B", "codigo_act": 462112, "latitud": 19.64663092, "longitud": -97.22389652 }, "geometry": { "type": "Point", "coordinates": [ -97.22389652, 19.64663092 ] } },
{ "type": "Feature", "properties": { "nom_estab": "TIENDAS TRES B", "codigo_act": 462112, "latitud": 18.8057617, "longitud": -97.18239935 }, "geometry": { "type": "Point", "coordinates": [ -97.18239935, 18.8057617 ] } },
{ "type": "Feature", "properties": { "nom_estab": "TIENDAS TRES B", "codigo_act": 462112, "latitud": 20.68574878, "longitud": -98.01246109 }, "geometry": { "type": "Point", "coordinates": [ -98.01246109, 20.68574878 ] } },
{ "type": "Feature", "properties": { "nom_estab": "TIENDAS TRES B", "codigo_act": 462112, "latitud": 19.19232559, "longitud": -96.13976573 }, "geometry": { "type": "Point", "coordinates": [ -96.13976573, 19.19232559 ] } },
{ "type": "Feature", "properties": { "nom_estab": "TIENDAS TRES B", "codigo_act": 462112, "latitud": 20.53675381, "longitud": -97.47489339000001 }, "geometry": { "type": "Point", "coordinates": [ -97.47489339, 20.53675381 ] } },
{ "type": "Feature", "properties": { "nom_estab": "TIENDAS TRES B", "codigo_act": 462112, "latitud": 19.80403094, "longitud": -97.30249885000001 }, "geometry": { "type": "Point", "coordinates": [ -97.30249885, 19.80403094 ] } },
{ "type": "Feature", "properties": { "nom_estab": "TIENDAS TRES B", "codigo_act": 462112, "latitud": 20.90981169, "longitud": -97.67609199 }, "geometry": { "type": "Point", "coordinates": [ -97.67609199, 20.90981169 ] } },
{ "type": "Feature", "properties": { "nom_estab": "TIENDAS TRES B", "codigo_act": 462112, "latitud": 19.18985924, "longitud": -96.13563779 }, "geometry": { "type": "Point", "coordinates": [ -96.13563779, 19.18985924 ] } },
{ "type": "Feature", "properties": { "nom_estab": "TIENDAS TRES B", "codigo_act": 462112, "latitud": 19.63815475, "longitud": -97.09790557 }, "geometry": { "type": "Point", "coordinates": [ -97.09790557, 19.63815475 ] } },
{ "type": "Feature", "properties": { "nom_estab": "TIENDAS TRES B", "codigo_act": 462112, "latitud": 18.81173777, "longitud": -97.27754187 }, "geometry": { "type": "Point", "coordinates": [ -97.27754187, 18.81173777 ] } },
{ "type": "Feature", "properties": { "nom_estab": "TIENDAS TRES B", "codigo_act": 462112, "latitud": 20.49074803, "longitud": -97.47164621 }, "geometry": { "type": "Point", "coordinates": [ -97.47164621, 20.49074803 ] } },
{ "type": "Feature", "properties": { "nom_estab": "TIENDAS TRES B", "codigo_act": 462112, "latitud": 19.18119182, "longitud": -96.13512154 }, "geometry": { "type": "Point", "coordinates": [ -96.13512154, 19.18119182 ] } },
{ "type": "Feature", "properties": { "nom_estab": "TIENDAS TRES B", "codigo_act": 462112, "latitud": 20.55537799, "longitud": -97.47535139 }, "geometry": { "type": "Point", "coordinates": [ -97.47535139, 20.55537799 ] } },
{ "type": "Feature", "properties": { "nom_estab": "TIENDAS TRES B", "codigo_act": 462112, "latitud": 19.15998901, "longitud": -96.22190998000001 }, "geometry": { "type": "Point", "coordinates": [ -96.22190998, 19.15998901 ] } },
{ "type": "Feature", "properties": { "nom_estab": "TIENDAS TRES B", "codigo_act": 462112, "latitud": 20.71662024, "longitud": -97.53726637 }, "geometry": { "type": "Point", "coordinates": [ -97.53726637, 20.71662024 ] } },
{ "type": "Feature", "properties": { "nom_estab": "TIENDAS TRES B", "codigo_act": 462112, "latitud": 19.15647116, "longitud": -96.14677726 }, "geometry": { "type": "Point", "coordinates": [ -96.14677726, 19.15647116 ] } },
{ "type": "Feature", "properties": { "nom_estab": "TIENDAS TRES B", "codigo_act": 462112, "latitud": 20.91677563, "longitud": -97.67624561 }, "geometry": { "type": "Point", "coordinates": [ -97.67624561, 20.91677563 ] } },
{ "type": "Feature", "properties": { "nom_estab": "TIENDAS TRES B", "codigo_act": 462112, "latitud": 19.15835111, "longitud": -96.13122184 }, "geometry": { "type": "Point", "coordinates": [ -96.13122184, 19.15835111 ] } },
{ "type": "Feature", "properties": { "nom_estab": "TIENDAS TRES B", "codigo_act": 462112, "latitud": 18.89173561, "longitud": -96.93915581 }, "geometry": { "type": "Point", "coordinates": [ -96.93915581, 18.89173561 ] } },
{ "type": "Feature", "properties": { "nom_estab": "TIENDAS TRES B", "codigo_act": 462112, "latitud": 19.20303316, "longitud": -96.20086104000001 }, "geometry": { "type": "Point", "coordinates": [ -96.20086104, 19.20303316 ] } },
{ "type": "Feature", "properties": { "nom_estab": "TIENDAS TRES B", "codigo_act": 462112, "latitud": 20.53236927, "longitud": -97.43306621000001 }, "geometry": { "type": "Point", "coordinates": [ -97.43306621, 20.53236927 ] } },
{ "type": "Feature", "properties": { "nom_estab": "TIENDAS TRES B", "codigo_act": 462112, "latitud": 19.12759744, "longitud": -96.12567497000001 }, "geometry": { "type": "Point", "coordinates": [ -96.12567497, 19.12759744 ] } },
{ "type": "Feature", "properties": { "nom_estab": "TIENDAS TRES B", "codigo_act": 462112, "latitud": 20.24738298, "longitud": -97.65882973 }, "geometry": { "type": "Point", "coordinates": [ -97.65882973, 20.24738298 ] } },
{ "type": "Feature", "properties": { "nom_estab": "TIENDAS TRES B", "codigo_act": 462112, "latitud": 19.50173783, "longitud": -97.34744013 }, "geometry": { "type": "Point", "coordinates": [ -97.34744013, 19.50173783 ] } },
{ "type": "Feature", "properties": { "nom_estab": "TIENDAS TRES B", "codigo_act": 462112, "latitud": 20.44569828, "longitud": -97.32200843 }, "geometry": { "type": "Point", "coordinates": [ -97.32200843, 20.44569828 ] } },
{ "type": "Feature", "properties": { "nom_estab": "TIENDAS TRES B", "codigo_act": 462112, "latitud": 19.1628454, "longitud": -96.22077297 }, "geometry": { "type": "Point", "coordinates": [ -96.22077297, 19.1628454 ] } },
{ "type": "Feature", "properties": { "nom_estab": "TIENDAS TRES B", "codigo_act": 462112, "latitud": 19.20818863, "longitud": -96.2165115 }, "geometry": { "type": "Point", "coordinates": [ -96.2165115, 19.20818863 ] } },
{ "type": "Feature", "properties": { "nom_estab": "TIENDAS TRES B", "codigo_act": 462112, "latitud": 20.52657412, "longitud": -97.42674071 }, "geometry": { "type": "Point", "coordinates": [ -97.42674071, 20.52657412 ] } },
{ "type": "Feature", "properties": { "nom_estab": "TIENDAS TRES B", "codigo_act": 462112, "latitud": 19.57138736, "longitud": -96.92029789 }, "geometry": { "type": "Point", "coordinates": [ -96.92029789, 19.57138736 ] } },
{ "type": "Feature", "properties": { "nom_estab": "TIENDAS TRES B", "codigo_act": 462112, "latitud": 19.18866456, "longitud": -96.13126201 }, "geometry": { "type": "Point", "coordinates": [ -96.13126201, 19.18866456 ] } },
{ "type": "Feature", "properties": { "nom_estab": "TIENDAS TRES B", "codigo_act": 462112, "latitud": 20.05710155, "longitud": -97.05300543 }, "geometry": { "type": "Point", "coordinates": [ -97.05300543, 20.05710155 ] } },
{ "type": "Feature", "properties": { "nom_estab": "TIENDAS TRES B", "codigo_act": 462112, "latitud": 19.33305142, "longitud": -96.99197844 }, "geometry": { "type": "Point", "coordinates": [ -96.99197844, 19.33305142 ] } },
{ "type": "Feature", "properties": { "nom_estab": "TIENDAS TRES B", "codigo_act": 462112, "latitud": 20.95078517, "longitud": -97.39588364 }, "geometry": { "type": "Point", "coordinates": [ -97.39588364, 20.95078517 ] } },
{ "type": "Feature", "properties": { "nom_estab": "TIENDAS TRES B", "codigo_act": 462112, "latitud": 18.80035337, "longitud": -97.18492681 }, "geometry": { "type": "Point", "coordinates": [ -97.18492681, 18.80035337 ] } },
{ "type": "Feature", "properties": { "nom_estab": "TIENDAS TRES B", "codigo_act": 462112, "latitud": 19.15787575, "longitud": -96.19572117 }, "geometry": { "type": "Point", "coordinates": [ -96.19572117, 19.15787575 ] } },
{ "type": "Feature", "properties": { "nom_estab": "TIENDAS TRES B", "codigo_act": 462112, "latitud": 18.8346286, "longitud": -97.15230547 }, "geometry": { "type": "Point", "coordinates": [ -97.15230547, 18.8346286 ] } },
{ "type": "Feature", "properties": { "nom_estab": "TIENDAS TRES B", "codigo_act": 462112, "latitud": 18.86242188, "longitud": -97.11280219 }, "geometry": { "type": "Point", "coordinates": [ -97.11280219, 18.86242188 ] } },
{ "type": "Feature", "properties": { "nom_estab": "TIENDAS TRES B", "codigo_act": 462112, "latitud": 20.74992865, "longitud": -97.63430582 }, "geometry": { "type": "Point", "coordinates": [ -97.63430582, 20.74992865 ] } },
{ "type": "Feature", "properties": { "nom_estab": "TIENDAS TRES B", "codigo_act": 462112, "latitud": 19.05206647, "longitud": -96.98397272 }, "geometry": { "type": "Point", "coordinates": [ -96.98397272, 19.05206647 ] } },
{ "type": "Feature", "properties": { "nom_estab": "TIENDAS TRES B", "codigo_act": 462112, "latitud": 19.01156218, "longitud": -97.03262136 }, "geometry": { "type": "Point", "coordinates": [ -97.03262136, 19.01156218 ] } },
{ "type": "Feature", "properties": { "nom_estab": "TIENDAS TRES B", "codigo_act": 462112, "latitud": 18.72599474, "longitud": -95.98681709 }, "geometry": { "type": "Point", "coordinates": [ -95.98681709, 18.72599474 ] } },
{ "type": "Feature", "properties": { "nom_estab": "TIENDAS TRES B", "codigo_act": 462112, "latitud": 19.9268784, "longitud": -96.85382109 }, "geometry": { "type": "Point", "coordinates": [ -96.85382109, 19.9268784 ] } },
{ "type": "Feature", "properties": { "nom_estab": "TIENDAS TRES B", "codigo_act": 462112, "latitud": 19.54044803, "longitud": -96.89806321 }, "geometry": { "type": "Point", "coordinates": [ -96.89806321, 19.54044803 ] } },
{ "type": "Feature", "properties": { "nom_estab": "TIENDAS TRES B", "codigo_act": 462112, "latitud": 20.47822034, "longitud": -97.01033846 }, "geometry": { "type": "Point", "coordinates": [ -97.01033846, 20.47822034 ] } },
{ "type": "Feature", "properties": { "nom_estab": "TIENDAS TRES B", "codigo_act": 462112, "latitud": 19.14973888, "longitud": -96.96380483 }, "geometry": { "type": "Point", "coordinates": [ -96.96380483, 19.14973888 ] } },
{ "type": "Feature", "properties": { "nom_estab": "TIENDAS TRES B", "codigo_act": 462112, "latitud": 19.92781579, "longitud": -96.85578416 }, "geometry": { "type": "Point", "coordinates": [ -96.85578416, 19.92781579 ] } },
{ "type": "Feature", "properties": { "nom_estab": "TIENDAS TRES B", "codigo_act": 462112, "latitud": 19.67328885, "longitud": -96.79677421 }, "geometry": { "type": "Point", "coordinates": [ -96.79677421, 19.67328885 ] } },
{ "type": "Feature", "properties": { "nom_estab": "TIENDAS TRES B", "codigo_act": 462112, "latitud": 18.89071779, "longitud": -96.95301241 }, "geometry": { "type": "Point", "coordinates": [ -96.95301241, 18.89071779 ] } },
{ "type": "Feature", "properties": { "nom_estab": "TIENDAS TRES B", "codigo_act": 462112, "latitud": 19.04451681, "longitud": -96.42383332 }, "geometry": { "type": "Point", "coordinates": [ -96.42383332, 19.04451681 ] } },
{ "type": "Feature", "properties": { "nom_estab": "TIENDAS TRES B", "codigo_act": 462112, "latitud": 21.29445089, "longitud": -97.92389668 }, "geometry": { "type": "Point", "coordinates": [ -97.92389668, 21.29445089 ] } },
{ "type": "Feature", "properties": { "nom_estab": "TIENDAS TRES B", "codigo_act": 462112, "latitud": 19.17160254, "longitud": -96.21934876 }, "geometry": { "type": "Point", "coordinates": [ -96.21934876, 19.17160254 ] } },
{ "type": "Feature", "properties": { "nom_estab": "TIENDAS TRES B", "codigo_act": 462112, "latitud": 19.58690638, "longitud": -96.93601914 }, "geometry": { "type": "Point", "coordinates": [ -96.93601914, 19.58690638 ] } },
{ "type": "Feature", "properties": { "nom_estab": "TIENDAS TRES B", "codigo_act": 462112, "latitud": 20.52497313, "longitud": -97.46167712 }, "geometry": { "type": "Point", "coordinates": [ -97.46167712, 20.52497313 ] } },
{ "type": "Feature", "properties": { "nom_estab": "TIENDAS TRES B", "codigo_act": 462112, "latitud": 20.06875072, "longitud": -97.04696029 }, "geometry": { "type": "Point", "coordinates": [ -97.04696029, 20.06875072 ] } },
{ "type": "Feature", "properties": { "nom_estab": "TIENDAS TRES B", "codigo_act": 462112, "latitud": 19.22424745, "longitud": -96.24268604 }, "geometry": { "type": "Point", "coordinates": [ -96.24268604, 19.22424745 ] } },
{ "type": "Feature", "properties": { "nom_estab": "TIENDAS TRES B", "codigo_act": 462112, "latitud": 20.52936599, "longitud": -97.44166073 }, "geometry": { "type": "Point", "coordinates": [ -97.44166073, 20.52936599 ] } },
{ "type": "Feature", "properties": { "nom_estab": "TIENDAS TRES B", "codigo_act": 462112, "latitud": 20.95475079, "longitud": -97.4034725 }, "geometry": { "type": "Point", "coordinates": [ -97.4034725, 20.95475079 ] } },
{ "type": "Feature", "properties": { "nom_estab": "TIENDAS TRES B", "codigo_act": 462112, "latitud": 21.34895524, "longitud": -97.6850997 }, "geometry": { "type": "Point", "coordinates": [ -97.6850997, 21.34895524 ] } },
{ "type": "Feature", "properties": { "nom_estab": "TIENDAS TRES B", "codigo_act": 462112, "latitud": 19.56835103, "longitud": -96.9110112 }, "geometry": { "type": "Point", "coordinates": [ -96.9110112, 19.56835103 ] } },
{ "type": "Feature", "properties": { "nom_estab": "TIENDAS TRES B", "codigo_act": 462112, "latitud": 19.59153061, "longitud": -96.99075735 }, "geometry": { "type": "Point", "coordinates": [ -96.99075735, 19.59153061 ] } },
{ "type": "Feature", "properties": { "nom_estab": "TIENDAS TRES B", "codigo_act": 462112, "latitud": 19.45361887, "longitud": -96.96189427 }, "geometry": { "type": "Point", "coordinates": [ -96.96189427, 19.45361887 ] } },
{ "type": "Feature", "properties": { "nom_estab": "TIENDAS TRES B", "codigo_act": 462112, "latitud": 19.14996995, "longitud": -96.96163205000001 }, "geometry": { "type": "Point", "coordinates": [ -96.96163205, 19.14996995 ] } },
{ "type": "Feature", "properties": { "nom_estab": "TIENDAS TRES B", "codigo_act": 462112, "latitud": 20.44613904, "longitud": -97.32394704 }, "geometry": { "type": "Point", "coordinates": [ -97.32394704, 20.44613904 ] } },
{ "type": "Feature", "properties": { "nom_estab": "TIENDAS TRES B", "codigo_act": 462112, "latitud": 18.88467293, "longitud": -96.97158791 }, "geometry": { "type": "Point", "coordinates": [ -96.97158791, 18.88467293 ] } },
{ "type": "Feature", "properties": { "nom_estab": "TIENDAS TRES B", "codigo_act": 462112, "latitud": 20.52973065, "longitud": -97.46737007 }, "geometry": { "type": "Point", "coordinates": [ -97.46737007, 20.52973065 ] } },
{ "type": "Feature", "properties": { "nom_estab": "TIENDAS TRES B", "codigo_act": 462112, "latitud": 20.90245652, "longitud": -97.67944967 }, "geometry": { "type": "Point", "coordinates": [ -97.67944967, 20.90245652 ] } },
{ "type": "Feature", "properties": { "nom_estab": "TIENDAS TRES B", "codigo_act": 462112, "latitud": 19.18653088, "longitud": -96.1473234 }, "geometry": { "type": "Point", "coordinates": [ -96.1473234, 19.18653088 ] } },
{ "type": "Feature", "properties": { "nom_estab": "TIENDAS TRES B", "codigo_act": 462112, "latitud": 18.85185986, "longitud": -97.06182557 }, "geometry": { "type": "Point", "coordinates": [ -97.06182557, 18.85185986 ] } },
{ "type": "Feature", "properties": { "nom_estab": "TIENDAS TRES B", "codigo_act": 462112, "latitud": 20.51228873, "longitud": -97.43866986 }, "geometry": { "type": "Point", "coordinates": [ -97.43866986, 20.51228873 ] } },
{ "type": "Feature", "properties": { "nom_estab": "TIENDAS TRES B", "codigo_act": 462112, "latitud": 19.53583794, "longitud": -96.92995531 }, "geometry": { "type": "Point", "coordinates": [ -96.92995531, 19.53583794 ] } },
{ "type": "Feature", "properties": { "nom_estab": "TIENDAS TRES B", "codigo_act": 462112, "latitud": 20.44896463, "longitud": -97.08625605 }, "geometry": { "type": "Point", "coordinates": [ -97.08625605, 20.44896463 ] } },
{ "type": "Feature", "properties": { "nom_estab": "TIENDAS TRES B", "codigo_act": 462112, "latitud": 20.44181302, "longitud": -97.33537307 }, "geometry": { "type": "Point", "coordinates": [ -97.33537307, 20.44181302 ] } },
{ "type": "Feature", "properties": { "nom_estab": "TIENDAS TRES B", "codigo_act": 462112, "latitud": 18.83837857, "longitud": -97.09876007 }, "geometry": { "type": "Point", "coordinates": [ -97.09876007, 18.83837857 ] } },
{ "type": "Feature", "properties": { "nom_estab": "TIENDAS TRES B", "codigo_act": 462112, "latitud": 19.96982194, "longitud": -96.61054741 }, "geometry": { "type": "Point", "coordinates": [ -96.61054741, 19.96982194 ] } },
{ "type": "Feature", "properties": { "nom_estab": "TIENDAS TRES B", "codigo_act": 462112, "latitud": 19.65143438, "longitud": -96.87518849 }, "geometry": { "type": "Point", "coordinates": [ -96.87518849, 19.65143438 ] } },
{ "type": "Feature", "properties": { "nom_estab": "TIENDAS TRES B", "codigo_act": 462112, "latitud": 18.87619746, "longitud": -97.10649254 }, "geometry": { "type": "Point", "coordinates": [ -97.10649254, 18.87619746 ] } },
{ "type": "Feature", "properties": { "nom_estab": "TIENDAS TRES B", "codigo_act": 462112, "latitud": 19.54052923, "longitud": -96.92264878 }, "geometry": { "type": "Point", "coordinates": [ -96.92264878, 19.54052923 ] } },
{ "type": "Feature", "properties": { "nom_estab": "TIENDAS TRES B", "codigo_act": 462112, "latitud": 19.14287035, "longitud": -96.12354295 }, "geometry": { "type": "Point", "coordinates": [ -96.12354295, 19.14287035 ] } },
{ "type": "Feature", "properties": { "nom_estab": "TIENDAS TRES B", "codigo_act": 462112, "latitud": 18.74686767, "longitud": -96.78774989 }, "geometry": { "type": "Point", "coordinates": [ -96.78774989, 18.74686767 ] } },
{ "type": "Feature", "properties": { "nom_estab": "TIENDAS TRES B", "codigo_act": 462112, "latitud": 20.0631698, "longitud": -97.05717566 }, "geometry": { "type": "Point", "coordinates": [ -97.05717566, 20.0631698 ] } },
{ "type": "Feature", "properties": { "nom_estab": "TIENDAS TRES B", "codigo_act": 462112, "latitud": 18.89981655, "longitud": -96.99938585 }, "geometry": { "type": "Point", "coordinates": [ -96.99938585, 18.89981655 ] } },
{ "type": "Feature", "properties": { "nom_estab": "TIENDAS TRES B", "codigo_act": 462112, "latitud": 19.54814775, "longitud": -96.94659625 }, "geometry": { "type": "Point", "coordinates": [ -96.94659625, 19.54814775 ] } },
{ "type": "Feature", "properties": { "nom_estab": "TIENDAS TRES B", "codigo_act": 462112, "latitud": 19.7059797, "longitud": -96.8696071 }, "geometry": { "type": "Point", "coordinates": [ -96.8696071, 19.7059797 ] } },
{ "type": "Feature", "properties": { "nom_estab": "TIENDAS TRES B", "codigo_act": 462112, "latitud": 19.74121465, "longitud": -96.82016591 }, "geometry": { "type": "Point", "coordinates": [ -96.82016591, 19.74121465 ] } },
{ "type": "Feature", "properties": { "nom_estab": "TIENDAS TRES B", "codigo_act": 462112, "latitud": 19.54594178, "longitud": -96.90805559 }, "geometry": { "type": "Point", "coordinates": [ -96.90805559, 19.54594178 ] } },
{ "type": "Feature", "properties": { "nom_estab": "TIENDAS TRES B", "codigo_act": 462112, "latitud": 20.53948162, "longitud": -97.46249015 }, "geometry": { "type": "Point", "coordinates": [ -97.46249015, 20.53948162 ] } },
{ "type": "Feature", "properties": { "nom_estab": "TIENDAS TRES B", "codigo_act": 462112, "latitud": 19.36925907, "longitud": -96.37744776 }, "geometry": { "type": "Point", "coordinates": [ -96.37744776, 19.36925907 ] } },
{ "type": "Feature", "properties": { "nom_estab": "TIENDAS TRES B", "codigo_act": 462112, "latitud": 19.19669938, "longitud": -96.1379077 }, "geometry": { "type": "Point", "coordinates": [ -96.1379077, 19.19669938 ] } },
{ "type": "Feature", "properties": { "nom_estab": "TIENDAS TRES B", "codigo_act": 462112, "latitud": 19.45363744, "longitud": -96.95694223 }, "geometry": { "type": "Point", "coordinates": [ -96.95694223, 19.45363744 ] } },
{ "type": "Feature", "properties": { "nom_estab": "TIENDAS TRES B", "codigo_act": 462112, "latitud": 18.82572358, "longitud": -97.09001943 }, "geometry": { "type": "Point", "coordinates": [ -97.09001943, 18.82572358 ] } },
{ "type": "Feature", "properties": { "nom_estab": "TIENDAS TRES B", "codigo_act": 462112, "latitud": 20.45149699, "longitud": -97.08408054 }, "geometry": { "type": "Point", "coordinates": [ -97.08408054, 20.45149699 ] } },
{ "type": "Feature", "properties": { "nom_estab": "TIENDAS TRES B", "codigo_act": 462112, "latitud": 19.44764694, "longitud": -96.96758602 }, "geometry": { "type": "Point", "coordinates": [ -96.96758602, 19.44764694 ] } },
{ "type": "Feature", "properties": { "nom_estab": "TIENDAS TRES B", "codigo_act": 462112, "latitud": 19.55352494, "longitud": -96.92826543 }, "geometry": { "type": "Point", "coordinates": [ -96.92826543, 19.55352494 ] } },
{ "type": "Feature", "properties": { "nom_estab": "TIENDAS TRES B", "codigo_act": 462112, "latitud": 20.24743994, "longitud": -97.65617552000001 }, "geometry": { "type": "Point", "coordinates": [ -97.65617552, 20.24743994 ] } },
{ "type": "Feature", "properties": { "nom_estab": "TIENDAS TRES B", "codigo_act": 462112, "latitud": 20.96551845, "longitud": -97.392343 }, "geometry": { "type": "Point", "coordinates": [ -97.392343, 20.96551845 ] } },
{ "type": "Feature", "properties": { "nom_estab": "TIENDAS TRES B", "codigo_act": 462112, "latitud": 19.5588655, "longitud": -97.24727039 }, "geometry": { "type": "Point", "coordinates": [ -97.24727039, 19.5588655 ] } },
{ "type": "Feature", "properties": { "nom_estab": "TIENDAS TRES B", "codigo_act": 462112, "latitud": 19.55639934, "longitud": -96.90502951000001 }, "geometry": { "type": "Point", "coordinates": [ -96.90502951, 19.55639934 ] } },
{ "type": "Feature", "properties": { "nom_estab": "TIENDAS TRES B", "codigo_act": 462112, "latitud": 20.95222321, "longitud": -97.40409782 }, "geometry": { "type": "Point", "coordinates": [ -97.40409782, 20.95222321 ] } },
{ "type": "Feature", "properties": { "nom_estab": "TIENDAS TRES B", "codigo_act": 462112, "latitud": 19.07418413, "longitud": -97.04963293 }, "geometry": { "type": "Point", "coordinates": [ -97.04963293, 19.07418413 ] } },
{ "type": "Feature", "properties": { "nom_estab": "TIENDAS TRES B", "codigo_act": 462112, "latitud": 19.52999779, "longitud": -96.92349173 }, "geometry": { "type": "Point", "coordinates": [ -96.92349173, 19.52999779 ] } },
{ "type": "Feature", "properties": { "nom_estab": "TIENDAS TRES B", "codigo_act": 462112, "latitud": 20.48685029, "longitud": -97.46744307 }, "geometry": { "type": "Point", "coordinates": [ -97.46744307, 20.48685029 ] } },
{ "type": "Feature", "properties": { "nom_estab": "TIENDAS TRES B", "codigo_act": 462112, "latitud": 20.9462622, "longitud": -97.4075638 }, "geometry": { "type": "Point", "coordinates": [ -97.4075638, 20.9462622 ] } },
{ "type": "Feature", "properties": { "nom_estab": "TIENDAS TRES B", "codigo_act": 462112, "latitud": 18.76994078, "longitud": -96.17005742000001 }, "geometry": { "type": "Point", "coordinates": [ -96.17005742, 18.76994078 ] } },
{ "type": "Feature", "properties": { "nom_estab": "TIENDAS TRES B", "codigo_act": 462112, "latitud": 18.87962336, "longitud": -97.06798566000001 }, "geometry": { "type": "Point", "coordinates": [ -97.06798566, 18.87962336 ] } },
{ "type": "Feature", "properties": { "nom_estab": "TIENDAS TRES B", "codigo_act": 462112, "latitud": 20.54045841, "longitud": -97.44777329 }, "geometry": { "type": "Point", "coordinates": [ -97.44777329, 20.54045841 ] } },
{ "type": "Feature", "properties": { "nom_estab": "TIENDAS TRES B", "codigo_act": 462112, "latitud": 21.34165007, "longitud": -97.8116758 }, "geometry": { "type": "Point", "coordinates": [ -97.8116758, 21.34165007 ] } },
{ "type": "Feature", "properties": { "nom_estab": "TIENDAS TRES B", "codigo_act": 462112, "latitud": 19.17036504, "longitud": -96.16193119 }, "geometry": { "type": "Point", "coordinates": [ -96.16193119, 19.17036504 ] } },
{ "type": "Feature", "properties": { "nom_estab": "TIENDAS TRES B", "codigo_act": 462112, "latitud": 19.09607714, "longitud": -96.33637546 }, "geometry": { "type": "Point", "coordinates": [ -96.33637546, 19.09607714 ] } },
{ "type": "Feature", "properties": { "nom_estab": "TIENDAS TRES B", "codigo_act": 462112, "latitud": 18.83928797, "longitud": -97.11960028 }, "geometry": { "type": "Point", "coordinates": [ -97.11960028, 18.83928797 ] } },
{ "type": "Feature", "properties": { "nom_estab": "TIENDAS TRES B", "codigo_act": 462112, "latitud": 20.5395781, "longitud": -97.41268904 }, "geometry": { "type": "Point", "coordinates": [ -97.41268904, 20.5395781 ] } },
{ "type": "Feature", "properties": { "nom_estab": "TIENDAS TRES B", "codigo_act": 462112, "latitud": 19.50471104, "longitud": -96.61788854 }, "geometry": { "type": "Point", "coordinates": [ -96.61788854, 19.50471104 ] } },
{ "type": "Feature", "properties": { "nom_estab": "TIENDAS TRES B", "codigo_act": 462112, "latitud": 21.34961808, "longitud": -97.68414732 }, "geometry": { "type": "Point", "coordinates": [ -97.68414732, 21.34961808 ] } },
{ "type": "Feature", "properties": { "nom_estab": "TIENDAS TRES B", "codigo_act": 462112, "latitud": 19.65140089, "longitud": -96.93879443 }, "geometry": { "type": "Point", "coordinates": [ -96.93879443, 19.65140089 ] } },
{ "type": "Feature", "properties": { "nom_estab": "TIENDAS TRES B", "codigo_act": 462112, "latitud": 19.93378137, "longitud": -96.85119872 }, "geometry": { "type": "Point", "coordinates": [ -96.85119872, 19.93378137 ] } },
{ "type": "Feature", "properties": { "nom_estab": "TIENDAS TRES B", "codigo_act": 462112, "latitud": 19.53149485, "longitud": -96.89930411 }, "geometry": { "type": "Point", "coordinates": [ -96.89930411, 19.53149485 ] } },
{ "type": "Feature", "properties": { "nom_estab": "TIENDAS TRES B", "codigo_act": 462112, "latitud": 20.95243115, "longitud": -97.40287623 }, "geometry": { "type": "Point", "coordinates": [ -97.40287623, 20.95243115 ] } },
{ "type": "Feature", "properties": { "nom_estab": "TIENDAS TRES B", "codigo_act": 462112, "latitud": 18.89375011, "longitud": -96.79261892 }, "geometry": { "type": "Point", "coordinates": [ -96.79261892, 18.89375011 ] } },
{ "type": "Feature", "properties": { "nom_estab": "TIENDAS TRES B", "codigo_act": 462112, "latitud": 19.9629061, "longitud": -97.21452933 }, "geometry": { "type": "Point", "coordinates": [ -97.21452933, 19.9629061 ] } },
{ "type": "Feature", "properties": { "nom_estab": "TIENDAS TRES B", "codigo_act": 462112, "latitud": 20.2570286, "longitud": -96.80091531 }, "geometry": { "type": "Point", "coordinates": [ -96.80091531, 20.2570286 ] } },
{ "type": "Feature", "properties": { "nom_estab": "TIENDAS TRES B", "codigo_act": 462112, "latitud": 21.27774321, "longitud": -97.44639019 }, "geometry": { "type": "Point", "coordinates": [ -97.44639019, 21.27774321 ] } },
{ "type": "Feature", "properties": { "nom_estab": "TIENDAS TRES B", "codigo_act": 462112, "latitud": 19.76818974, "longitud": -97.24634731 }, "geometry": { "type": "Point", "coordinates": [ -97.24634731, 19.76818974 ] } },
{ "type": "Feature", "properties": { "nom_estab": "TIENDAS TRES B", "codigo_act": 462112, "latitud": 18.81343313, "longitud": -96.72428537 }, "geometry": { "type": "Point", "coordinates": [ -96.72428537, 18.81343313 ] } },
{ "type": "Feature", "properties": { "nom_estab": "TIENDAS TRES B", "codigo_act": 462112, "latitud": 18.87619725, "longitud": -96.93790207000001 }, "geometry": { "type": "Point", "coordinates": [ -96.93790207, 18.87619725 ] } },
{ "type": "Feature", "properties": { "nom_estab": "TIENDAS TRES B", "codigo_act": 462112, "latitud": 19.42475898, "longitud": -96.96528088 }, "geometry": { "type": "Point", "coordinates": [ -96.96528088, 19.42475898 ] } },
{ "type": "Feature", "properties": { "nom_estab": "TIENDAS TRES B", "codigo_act": 462112, "latitud": 20.55159903, "longitud": -97.44537575 }, "geometry": { "type": "Point", "coordinates": [ -97.44537575, 20.55159903 ] } },
{ "type": "Feature", "properties": { "nom_estab": "TIENDAS TRES B", "codigo_act": 462112, "latitud": 19.55315559, "longitud": -96.89335864 }, "geometry": { "type": "Point", "coordinates": [ -96.89335864, 19.55315559 ] } },
{ "type": "Feature", "properties": { "nom_estab": "TIENDAS TRES B", "codigo_act": 462112, "latitud": 19.57581626, "longitud": -96.92666698 }, "geometry": { "type": "Point", "coordinates": [ -96.92666698, 19.57581626 ] } },
{ "type": "Feature", "properties": { "nom_estab": "TIENDAS TRES B", "codigo_act": 462112, "latitud": 20.91457382, "longitud": -97.6760813 }, "geometry": { "type": "Point", "coordinates": [ -97.6760813, 20.91457382 ] } },
{ "type": "Feature", "properties": { "nom_estab": "TIENDAS TRES B", "codigo_act": 462112, "latitud": 19.5666921, "longitud": -96.90090127000001 }, "geometry": { "type": "Point", "coordinates": [ -96.90090127, 19.5666921 ] } },
{ "type": "Feature", "properties": { "nom_estab": "TIENDAS TRES B", "codigo_act": 462112, "latitud": 20.40575057, "longitud": -97.33777977 }, "geometry": { "type": "Point", "coordinates": [ -97.33777977, 20.40575057 ] } },
{ "type": "Feature", "properties": { "nom_estab": "TIENDAS TRES B", "codigo_act": 462112, "latitud": 19.14171753, "longitud": -96.97345709 }, "geometry": { "type": "Point", "coordinates": [ -96.97345709, 19.14171753 ] } },
{ "type": "Feature", "properties": { "nom_estab": "TIENDAS TRES B", "codigo_act": 462112, "latitud": 21.19142099, "longitud": -97.74202175000001 }, "geometry": { "type": "Point", "coordinates": [ -97.74202175, 21.19142099 ] } },
{ "type": "Feature", "properties": { "nom_estab": "TIENDAS TRES B", "codigo_act": 462112, "latitud": 19.0702326, "longitud": -97.04400773 }, "geometry": { "type": "Point", "coordinates": [ -97.04400773, 19.0702326 ] } },
{ "type": "Feature", "properties": { "nom_estab": "TIENDAS TRES B", "codigo_act": 462112, "latitud": 18.8461545, "longitud": -97.10300166 }, "geometry": { "type": "Point", "coordinates": [ -97.10300166, 18.8461545 ] } },
{ "type": "Feature", "properties": { "nom_estab": "TIENDAS TRES B", "codigo_act": 462112, "latitud": 20.55257097, "longitud": -97.43523259 }, "geometry": { "type": "Point", "coordinates": [ -97.43523259, 20.55257097 ] } },
{ "type": "Feature", "properties": { "nom_estab": "TIENDAS TRES B", "codigo_act": 462112, "latitud": 20.45052178, "longitud": -97.31973671 }, "geometry": { "type": "Point", "coordinates": [ -97.31973671, 20.45052178 ] } }
]
}
