{
"type": "FeatureCollection",
"name": "isocronas_cedis",
"crs": { "type": "name", "properties": { "name": "urn:ogc:def:crs:OGC:1.3:CRS84" } },
"features": [
{ "type": "Feature", "properties": { "fid": 1, "id": 0, "origin_id": 2, "range": 5400, "metric": "time", "mode": "car", "traffic": "disabled", "timestamp": null, "type": "fast" }, "geometry": { "type": "Polygon", "coordinates": [ [ [ -100.233765, 20.34668 ], [ -100.151367, 20.34668 ], [ -100.118408, 20.335693 ], [ -100.096436, 20.313721 ], [ -100.063477, 20.302734 ], [ -100.019531, 20.302734 ], [ -99.986572, 20.313721 ], [ -99.986572, 20.335693 ], [ -100.05249, 20.357666 ], [ -100.074463, 20.379639 ], [ -100.140381, 20.401611 ], [ -100.162354, 20.467529 ], [ -100.184326, 20.489502 ], [ -100.184326, 20.511475 ], [ -100.151367, 20.522461 ], [ -100.107422, 20.522461 ], [ -100.074463, 20.511475 ], [ -100.05249, 20.489502 ], [ -100.019531, 20.478516 ], [ -99.975586, 20.478516 ], [ -99.942627, 20.467529 ], [ -99.931641, 20.43457 ], [ -99.931641, 20.390625 ], [ -99.920654, 20.357666 ], [ -99.887695, 20.34668 ], [ -99.755859, 20.34668 ], [ -99.7229, 20.335693 ], [ -99.711914, 20.302734 ], [ -99.7229, 20.269775 ], [ -99.744873, 20.247803 ], [ -99.744873, 20.22583 ], [ -99.7229, 20.203857 ], [ -99.700928, 20.137939 ], [ -99.667969, 20.126953 ], [ -99.624023, 20.126953 ], [ -99.591064, 20.115967 ], [ -99.525146, 20.050049 ], [ -99.503174, 20.050049 ], [ -99.481201, 20.072021 ], [ -99.415283, 20.093994 ], [ -99.393311, 20.115967 ], [ -99.360352, 20.126953 ], [ -99.316406, 20.126953 ], [ -99.283447, 20.137939 ], [ -99.272461, 20.170898 ], [ -99.272461, 20.214844 ], [ -99.261475, 20.247803 ], [ -99.195557, 20.269775 ], [ -99.173584, 20.291748 ], [ -99.140625, 20.302734 ], [ -99.107666, 20.291748 ], [ -99.063721, 20.247803 ], [ -99.063721, 20.22583 ], [ -99.09668, 20.214844 ], [ -99.140625, 20.214844 ], [ -99.173584, 20.203857 ], [ -99.18457, 20.170898 ], [ -99.18457, 20.126953 ], [ -99.173584, 20.093994 ], [ -99.085693, 20.006104 ], [ -99.052734, 19.995117 ], [ -99.008789, 19.995117 ], [ -98.97583, 19.984131 ], [ -98.953857, 19.962158 ], [ -98.931885, 19.962158 ], [ -98.843994, 20.050049 ], [ -98.843994, 20.072021 ], [ -98.909912, 20.093994 ], [ -98.920898, 20.126953 ], [ -98.920898, 20.170898 ], [ -98.909912, 20.203857 ], [ -98.887939, 20.203857 ], [ -98.865967, 20.181885 ], [ -98.833008, 20.170898 ], [ -98.745117, 20.170898 ], [ -98.712158, 20.159912 ], [ -98.64624, 20.093994 ], [ -98.580322, 20.072021 ], [ -98.580322, 20.050049 ], [ -98.64624, 20.028076 ], [ -98.657227, 19.995117 ], [ -98.64624, 19.962158 ], [ -98.613281, 19.951172 ], [ -98.580322, 19.962158 ], [ -98.536377, 20.006104 ], [ -98.514404, 20.072021 ], [ -98.470459, 20.115967 ], [ -98.404541, 20.137939 ], [ -98.382568, 20.159912 ], [ -98.360596, 20.159912 ], [ -98.349609, 20.126953 ], [ -98.349609, 20.083008 ], [ -98.360596, 20.050049 ], [ -98.426514, 20.028076 ], [ -98.55835, 19.89624 ], [ -98.569336, 19.863281 ], [ -98.55835, 19.830322 ], [ -98.536377, 19.80835 ], [ -98.525391, 19.775391 ], [ -98.525391, 19.6875 ], [ -98.514404, 19.654541 ], [ -98.492432, 19.632568 ], [ -98.470459, 19.56665 ], [ -98.404541, 19.544678 ], [ -98.393555, 19.511719 ], [ -98.404541, 19.47876 ], [ -98.448486, 19.434814 ], [ -98.470459, 19.434814 ], [ -98.514404, 19.47876 ], [ -98.536377, 19.544678 ], [ -98.569336, 19.555664 ], [ -98.613281, 19.555664 ], [ -98.64624, 19.544678 ], [ -98.668213, 19.522705 ], [ -98.701172, 19.511719 ], [ -98.789063, 19.511719 ], [ -98.822021, 19.500732 ], [ -98.833008, 19.467773 ], [ -98.833008, 19.423828 ], [ -98.822021, 19.390869 ], [ -98.789063, 19.379883 ], [ -98.613281, 19.379883 ], [ -98.580322, 19.368896 ], [ -98.580322, 19.346924 ], [ -98.64624, 19.324951 ], [ -98.712158, 19.259033 ], [ -98.778076, 19.237061 ], [ -98.778076, 19.215088 ], [ -98.756104, 19.193115 ], [ -98.745117, 19.160156 ], [ -98.745117, 19.116211 ], [ -98.756104, 19.083252 ], [ -98.789063, 19.072266 ], [ -98.822021, 19.083252 ], [ -98.843994, 19.14917 ], [ -98.931885, 19.237061 ], [ -98.964844, 19.248047 ], [ -98.997803, 19.237061 ], [ -98.997803, 19.215088 ], [ -98.97583, 19.193115 ], [ -98.964844, 19.160156 ], [ -98.97583, 19.127197 ], [ -98.997803, 19.127197 ], [ -99.019775, 19.14917 ], [ -99.052734, 19.160156 ], [ -99.09668, 19.160156 ], [ -99.129639, 19.14917 ], [ -99.140625, 19.116211 ], [ -99.129639, 19.083252 ], [ -99.107666, 19.061279 ], [ -99.09668, 19.02832 ], [ -99.09668, 18.984375 ], [ -99.107666, 18.951416 ], [ -99.129639, 18.951416 ], [ -99.151611, 18.973389 ], [ -99.173584, 18.973389 ], [ -99.195557, 18.951416 ], [ -99.228516, 18.94043 ], [ -99.261475, 18.951416 ], [ -99.30542, 18.995361 ], [ -99.316406, 19.02832 ], [ -99.30542, 19.061279 ], [ -99.195557, 19.171143 ], [ -99.195557, 19.193115 ], [ -99.217529, 19.215088 ], [ -99.239502, 19.281006 ], [ -99.272461, 19.291992 ], [ -99.30542, 19.281006 ], [ -99.327393, 19.215088 ], [ -99.393311, 19.193115 ], [ -99.404297, 19.160156 ], [ -99.404297, 19.116211 ], [ -99.415283, 19.083252 ], [ -99.437256, 19.083252 ], [ -99.459229, 19.105225 ], [ -99.481201, 19.105225 ], [ -99.503174, 19.083252 ], [ -99.536133, 19.072266 ], [ -99.580078, 19.072266 ], [ -99.613037, 19.061279 ], [ -99.624023, 19.02832 ], [ -99.624023, 18.984375 ], [ -99.63501, 18.951416 ], [ -99.667969, 18.94043 ], [ -99.700928, 18.951416 ], [ -99.711914, 18.984375 ], [ -99.700928, 19.017334 ], [ -99.678955, 19.039307 ], [ -99.667969, 19.072266 ], [ -99.667969, 19.116211 ], [ -99.656982, 19.14917 ], [ -99.63501, 19.171143 ], [ -99.63501, 19.193115 ], [ -99.678955, 19.237061 ], [ -99.700928, 19.237061 ], [ -99.7229, 19.215088 ], [ -99.755859, 19.204102 ], [ -99.788818, 19.215088 ], [ -99.810791, 19.281006 ], [ -99.854736, 19.324951 ], [ -99.887695, 19.335938 ], [ -99.975586, 19.335938 ], [ -100.008545, 19.346924 ], [ -100.008545, 19.368896 ], [ -99.920654, 19.456787 ], [ -99.887695, 19.467773 ], [ -99.854736, 19.456787 ], [ -99.832764, 19.434814 ], [ -99.799805, 19.423828 ], [ -99.766846, 19.434814 ], [ -99.766846, 19.456787 ], [ -99.788818, 19.47876 ], [ -99.799805, 19.511719 ], [ -99.799805, 19.599609 ], [ -99.810791, 19.632568 ], [ -99.854736, 19.676514 ], [ -99.887695, 19.6875 ], [ -99.931641, 19.6875 ], [ -99.9646, 19.698486 ], [ -99.986572, 19.764404 ], [ -100.030518, 19.80835 ], [ -100.063477, 19.819336 ], [ -100.107422, 19.819336 ], [ -100.140381, 19.830322 ], [ -100.184326, 19.874268 ], [ -100.184326, 19.89624 ], [ -100.151367, 19.907227 ], [ -100.019531, 19.907227 ], [ -99.986572, 19.89624 ], [ -99.9646, 19.874268 ], [ -99.942627, 19.874268 ], [ -99.931641, 19.907227 ], [ -99.931641, 20.039063 ], [ -99.920654, 20.072021 ], [ -99.898682, 20.093994 ], [ -99.887695, 20.126953 ], [ -99.898682, 20.159912 ], [ -99.942627, 20.203857 ], [ -100.008545, 20.22583 ], [ -100.030518, 20.247803 ], [ -100.063477, 20.258789 ], [ -100.195313, 20.258789 ], [ -100.228271, 20.269775 ], [ -100.272217, 20.313721 ], [ -100.27771, 20.335693 ], [ -100.26123, 20.34668 ], [ -100.233765, 20.34668 ] ] ] } },
{ "type": "Feature", "properties": { "fid": 2, "id": 1, "origin_id": 2, "range": 3600, "metric": "time", "mode": "car", "traffic": "disabled", "timestamp": null, "type": "fast" }, "geometry": { "type": "Polygon", "coordinates": [ [ [ -99.805298, 19.962158 ], [ -99.788818, 19.984131 ], [ -99.755859, 19.995117 ], [ -99.667969, 19.995117 ], [ -99.63501, 20.006104 ], [ -99.63501, 20.028076 ], [ -99.700928, 20.050049 ], [ -99.788818, 20.137939 ], [ -99.799805, 20.170898 ], [ -99.788818, 20.203857 ], [ -99.755859, 20.214844 ], [ -99.7229, 20.203857 ], [ -99.700928, 20.137939 ], [ -99.667969, 20.126953 ], [ -99.624023, 20.126953 ], [ -99.591064, 20.115967 ], [ -99.525146, 20.050049 ], [ -99.503174, 20.050049 ], [ -99.481201, 20.072021 ], [ -99.415283, 20.093994 ], [ -99.393311, 20.115967 ], [ -99.360352, 20.126953 ], [ -99.316406, 20.126953 ], [ -99.283447, 20.137939 ], [ -99.261475, 20.159912 ], [ -99.228516, 20.170898 ], [ -99.195557, 20.159912 ], [ -99.173584, 20.093994 ], [ -99.151611, 20.072021 ], [ -99.140625, 20.039063 ], [ -99.151611, 20.006104 ], [ -99.18457, 19.995117 ], [ -99.217529, 20.006104 ], [ -99.239502, 20.028076 ], [ -99.261475, 20.028076 ], [ -99.30542, 19.984131 ], [ -99.316406, 19.951172 ], [ -99.30542, 19.918213 ], [ -99.283447, 19.918213 ], [ -99.261475, 19.940186 ], [ -99.228516, 19.951172 ], [ -99.195557, 19.940186 ], [ -99.18457, 19.907227 ], [ -99.18457, 19.863281 ], [ -99.173584, 19.830322 ], [ -99.129639, 19.786377 ], [ -99.09668, 19.775391 ], [ -99.052734, 19.775391 ], [ -99.019775, 19.786377 ], [ -99.008789, 19.819336 ], [ -99.008789, 19.863281 ], [ -98.997803, 19.89624 ], [ -98.909912, 19.984131 ], [ -98.876953, 19.995117 ], [ -98.843994, 19.984131 ], [ -98.833008, 19.951172 ], [ -98.843994, 19.918213 ], [ -98.909912, 19.852295 ], [ -98.920898, 19.819336 ], [ -98.920898, 19.775391 ], [ -98.909912, 19.742432 ], [ -98.876953, 19.731445 ], [ -98.843994, 19.742432 ], [ -98.734131, 19.852295 ], [ -98.701172, 19.863281 ], [ -98.668213, 19.852295 ], [ -98.657227, 19.819336 ], [ -98.668213, 19.786377 ], [ -98.800049, 19.654541 ], [ -98.865967, 19.632568 ], [ -98.876953, 19.599609 ], [ -98.865967, 19.56665 ], [ -98.843994, 19.56665 ], [ -98.822021, 19.588623 ], [ -98.800049, 19.588623 ], [ -98.789063, 19.555664 ], [ -98.800049, 19.522705 ], [ -98.822021, 19.500732 ], [ -98.833008, 19.467773 ], [ -98.833008, 19.379883 ], [ -98.843994, 19.346924 ], [ -98.865967, 19.346924 ], [ -98.887939, 19.35791 ], [ -98.909912, 19.335938 ], [ -98.931885, 19.302979 ], [ -98.964844, 19.291992 ], [ -99.008789, 19.291992 ], [ -99.041748, 19.281006 ], [ -99.063721, 19.215088 ], [ -99.107666, 19.171143 ], [ -99.140625, 19.160156 ], [ -99.173584, 19.171143 ], [ -99.217529, 19.215088 ], [ -99.239502, 19.281006 ], [ -99.272461, 19.291992 ], [ -99.30542, 19.281006 ], [ -99.371338, 19.215088 ], [ -99.404297, 19.204102 ], [ -99.437256, 19.215088 ], [ -99.459229, 19.237061 ], [ -99.481201, 19.237061 ], [ -99.503174, 19.215088 ], [ -99.525146, 19.215088 ], [ -99.547119, 19.237061 ], [ -99.613037, 19.259033 ], [ -99.624023, 19.291992 ], [ -99.613037, 19.324951 ], [ -99.591064, 19.346924 ], [ -99.569092, 19.412842 ], [ -99.547119, 19.412842 ], [ -99.525146, 19.390869 ], [ -99.492188, 19.379883 ], [ -99.459229, 19.390869 ], [ -99.437256, 19.456787 ], [ -99.371338, 19.47876 ], [ -99.360352, 19.511719 ], [ -99.360352, 19.555664 ], [ -99.371338, 19.588623 ], [ -99.437256, 19.610596 ], [ -99.448242, 19.643555 ], [ -99.437256, 19.676514 ], [ -99.393311, 19.720459 ], [ -99.360352, 19.731445 ], [ -99.316406, 19.731445 ], [ -99.283447, 19.742432 ], [ -99.283447, 19.764404 ], [ -99.459229, 19.940186 ], [ -99.492188, 19.951172 ], [ -99.525146, 19.940186 ], [ -99.547119, 19.918213 ], [ -99.580078, 19.907227 ], [ -99.799805, 19.907227 ], [ -99.832764, 19.918213 ], [ -99.838257, 19.940186 ], [ -99.805298, 19.962158 ] ] ] } },
{ "type": "Feature", "properties": { "fid": 3, "id": 2, "origin_id": 2, "range": 1800, "metric": "time", "mode": "car", "traffic": "disabled", "timestamp": null, "type": "fast" }, "geometry": { "type": "Polygon", "coordinates": [ [ [ -99.398804, 19.995117 ], [ -99.371338, 19.984131 ], [ -99.30542, 19.918213 ], [ -99.283447, 19.918213 ], [ -99.261475, 19.940186 ], [ -99.228516, 19.951172 ], [ -99.195557, 19.940186 ], [ -99.18457, 19.907227 ], [ -99.18457, 19.863281 ], [ -99.173584, 19.830322 ], [ -99.129639, 19.786377 ], [ -99.09668, 19.775391 ], [ -99.052734, 19.775391 ], [ -99.019775, 19.764404 ], [ -99.008789, 19.731445 ], [ -99.008789, 19.599609 ], [ -99.019775, 19.56665 ], [ -99.041748, 19.56665 ], [ -99.063721, 19.588623 ], [ -99.085693, 19.588623 ], [ -99.09668, 19.555664 ], [ -99.09668, 19.511719 ], [ -99.107666, 19.47876 ], [ -99.195557, 19.390869 ], [ -99.217529, 19.390869 ], [ -99.239502, 19.412842 ], [ -99.261475, 19.412842 ], [ -99.283447, 19.390869 ], [ -99.30542, 19.390869 ], [ -99.349365, 19.434814 ], [ -99.360352, 19.467773 ], [ -99.360352, 19.599609 ], [ -99.349365, 19.632568 ], [ -99.327393, 19.654541 ], [ -99.30542, 19.720459 ], [ -99.283447, 19.742432 ], [ -99.283447, 19.764404 ], [ -99.437256, 19.918213 ], [ -99.448242, 19.951172 ], [ -99.442749, 19.984131 ], [ -99.42627, 19.995117 ], [ -99.398804, 19.995117 ] ] ] } },
{ "type": "Feature", "properties": { "fid": 4, "id": 0, "origin_id": 3, "range": 5400, "metric": "time", "mode": "car", "traffic": "disabled", "timestamp": null, "type": "fast" }, "geometry": { "type": "Polygon", "coordinates": [ [ [ -99.926147, 20.34668 ], [ -99.898682, 20.335693 ], [ -99.876709, 20.313721 ], [ -99.810791, 20.291748 ], [ -99.7229, 20.203857 ], [ -99.700928, 20.137939 ], [ -99.667969, 20.126953 ], [ -99.624023, 20.126953 ], [ -99.591064, 20.115967 ], [ -99.525146, 20.050049 ], [ -99.503174, 20.050049 ], [ -99.481201, 20.072021 ], [ -99.415283, 20.093994 ], [ -99.393311, 20.115967 ], [ -99.360352, 20.126953 ], [ -99.316406, 20.126953 ], [ -99.283447, 20.137939 ], [ -99.272461, 20.170898 ], [ -99.272461, 20.214844 ], [ -99.261475, 20.247803 ], [ -99.228516, 20.258789 ], [ -99.195557, 20.247803 ], [ -99.18457, 20.214844 ], [ -99.18457, 20.126953 ], [ -99.173584, 20.093994 ], [ -99.085693, 20.006104 ], [ -99.052734, 19.995117 ], [ -99.008789, 19.995117 ], [ -98.97583, 19.984131 ], [ -98.953857, 19.962158 ], [ -98.931885, 19.962158 ], [ -98.843994, 20.050049 ], [ -98.843994, 20.072021 ], [ -98.909912, 20.093994 ], [ -98.931885, 20.159912 ], [ -98.97583, 20.203857 ], [ -99.041748, 20.22583 ], [ -99.052734, 20.258789 ], [ -99.052734, 20.302734 ], [ -99.041748, 20.335693 ], [ -99.008789, 20.34668 ], [ -98.97583, 20.335693 ], [ -98.887939, 20.247803 ], [ -98.865967, 20.181885 ], [ -98.833008, 20.170898 ], [ -98.745117, 20.170898 ], [ -98.712158, 20.181885 ], [ -98.64624, 20.247803 ], [ -98.624268, 20.247803 ], [ -98.613281, 20.214844 ], [ -98.613281, 20.170898 ], [ -98.624268, 20.137939 ], [ -98.64624, 20.115967 ], [ -98.64624, 20.093994 ], [ -98.613281, 20.083008 ], [ -98.525391, 20.083008 ], [ -98.492432, 20.093994 ], [ -98.470459, 20.115967 ], [ -98.404541, 20.137939 ], [ -98.338623, 20.203857 ], [ -98.305664, 20.214844 ], [ -98.261719, 20.214844 ], [ -98.22876, 20.203857 ], [ -98.206787, 20.181885 ], [ -98.173828, 20.170898 ], [ -98.085938, 20.170898 ], [ -98.052979, 20.159912 ], [ -98.052979, 20.137939 ], [ -98.096924, 20.093994 ], [ -98.129883, 20.083008 ], [ -98.305664, 20.083008 ], [ -98.338623, 20.072021 ], [ -98.360596, 20.050049 ], [ -98.426514, 20.028076 ], [ -98.55835, 19.89624 ], [ -98.569336, 19.863281 ], [ -98.55835, 19.830322 ], [ -98.536377, 19.80835 ], [ -98.525391, 19.775391 ], [ -98.525391, 19.731445 ], [ -98.514404, 19.698486 ], [ -98.492432, 19.676514 ], [ -98.481445, 19.643555 ], [ -98.481445, 19.599609 ], [ -98.470459, 19.56665 ], [ -98.4375, 19.555664 ], [ -98.393555, 19.555664 ], [ -98.360596, 19.544678 ], [ -98.338623, 19.522705 ], [ -98.305664, 19.511719 ], [ -98.261719, 19.511719 ], [ -98.22876, 19.500732 ], [ -98.184814, 19.456787 ], [ -98.173828, 19.423828 ], [ -98.184814, 19.390869 ], [ -98.217773, 19.379883 ], [ -98.250732, 19.390869 ], [ -98.272705, 19.412842 ], [ -98.305664, 19.423828 ], [ -98.349609, 19.423828 ], [ -98.382568, 19.412842 ], [ -98.382568, 19.390869 ], [ -98.31665, 19.368896 ], [ -98.305664, 19.335938 ], [ -98.31665, 19.302979 ], [ -98.338623, 19.281006 ], [ -98.360596, 19.215088 ], [ -98.393555, 19.204102 ], [ -98.4375, 19.204102 ], [ -98.470459, 19.215088 ], [ -98.536377, 19.281006 ], [ -98.602295, 19.302979 ], [ -98.624268, 19.324951 ], [ -98.64624, 19.324951 ], [ -98.712158, 19.259033 ], [ -98.778076, 19.237061 ], [ -98.778076, 19.215088 ], [ -98.756104, 19.193115 ], [ -98.745117, 19.160156 ], [ -98.745117, 19.072266 ], [ -98.756104, 19.039307 ], [ -98.843994, 18.951416 ], [ -98.876953, 18.94043 ], [ -98.909912, 18.951416 ], [ -98.920898, 18.984375 ], [ -98.909912, 19.017334 ], [ -98.843994, 19.083252 ], [ -98.833008, 19.116211 ], [ -98.843994, 19.14917 ], [ -98.931885, 19.237061 ], [ -98.964844, 19.248047 ], [ -98.997803, 19.237061 ], [ -98.997803, 19.215088 ], [ -98.97583, 19.193115 ], [ -98.97583, 19.171143 ], [ -99.008789, 19.160156 ], [ -99.09668, 19.160156 ], [ -99.129639, 19.14917 ], [ -99.140625, 19.116211 ], [ -99.129639, 19.083252 ], [ -99.107666, 19.061279 ], [ -99.09668, 19.02832 ], [ -99.107666, 18.995361 ], [ -99.140625, 18.984375 ], [ -99.272461, 18.984375 ], [ -99.30542, 18.995361 ], [ -99.316406, 19.02832 ], [ -99.30542, 19.061279 ], [ -99.195557, 19.171143 ], [ -99.195557, 19.193115 ], [ -99.217529, 19.215088 ], [ -99.239502, 19.281006 ], [ -99.272461, 19.291992 ], [ -99.30542, 19.281006 ], [ -99.327393, 19.215088 ], [ -99.393311, 19.193115 ], [ -99.415283, 19.171143 ], [ -99.437256, 19.171143 ], [ -99.459229, 19.237061 ], [ -99.481201, 19.237061 ], [ -99.492188, 19.204102 ], [ -99.492188, 19.160156 ], [ -99.503174, 19.127197 ], [ -99.536133, 19.116211 ], [ -99.569092, 19.127197 ], [ -99.591064, 19.193115 ], [ -99.63501, 19.237061 ], [ -99.700928, 19.259033 ], [ -99.700928, 19.281006 ], [ -99.63501, 19.346924 ], [ -99.63501, 19.368896 ], [ -99.656982, 19.390869 ], [ -99.656982, 19.412842 ], [ -99.624023, 19.423828 ], [ -99.580078, 19.423828 ], [ -99.547119, 19.434814 ], [ -99.525146, 19.456787 ], [ -99.492188, 19.467773 ], [ -99.404297, 19.467773 ], [ -99.371338, 19.47876 ], [ -99.327393, 19.522705 ], [ -99.316406, 19.555664 ], [ -99.327393, 19.588623 ], [ -99.360352, 19.599609 ], [ -99.404297, 19.599609 ], [ -99.437256, 19.610596 ], [ -99.448242, 19.643555 ], [ -99.448242, 19.6875 ], [ -99.437256, 19.720459 ], [ -99.404297, 19.731445 ], [ -99.316406, 19.731445 ], [ -99.283447, 19.742432 ], [ -99.272461, 19.775391 ], [ -99.283447, 19.80835 ], [ -99.349365, 19.830322 ], [ -99.459229, 19.940186 ], [ -99.492188, 19.951172 ], [ -99.525146, 19.940186 ], [ -99.547119, 19.918213 ], [ -99.580078, 19.907227 ], [ -99.755859, 19.907227 ], [ -99.788818, 19.89624 ], [ -99.832764, 19.852295 ], [ -99.854736, 19.786377 ], [ -99.876709, 19.786377 ], [ -99.920654, 19.830322 ], [ -99.931641, 19.863281 ], [ -99.931641, 19.951172 ], [ -99.920654, 19.984131 ], [ -99.887695, 19.995117 ], [ -99.854736, 19.984131 ], [ -99.832764, 19.962158 ], [ -99.810791, 19.962158 ], [ -99.788818, 19.984131 ], [ -99.755859, 19.995117 ], [ -99.667969, 19.995117 ], [ -99.63501, 20.006104 ], [ -99.63501, 20.028076 ], [ -99.700928, 20.050049 ], [ -99.898682, 20.247803 ], [ -99.9646, 20.269775 ], [ -99.975586, 20.302734 ], [ -99.970093, 20.335693 ], [ -99.953613, 20.34668 ], [ -99.926147, 20.34668 ] ] ] } },
{ "type": "Feature", "properties": { "fid": 5, "id": 1, "origin_id": 3, "range": 3600, "metric": "time", "mode": "car", "traffic": "disabled", "timestamp": null, "type": "fast" }, "geometry": { "type": "Polygon", "coordinates": [ [ [ -99.541626, 20.072021 ], [ -99.525146, 20.050049 ], [ -99.503174, 20.050049 ], [ -99.481201, 20.072021 ], [ -99.448242, 20.083008 ], [ -99.415283, 20.072021 ], [ -99.393311, 20.006104 ], [ -99.371338, 20.006104 ], [ -99.349365, 20.028076 ], [ -99.327393, 20.028076 ], [ -99.316406, 19.995117 ], [ -99.316406, 19.951172 ], [ -99.30542, 19.918213 ], [ -99.261475, 19.874268 ], [ -99.195557, 19.852295 ], [ -99.129639, 19.786377 ], [ -99.09668, 19.775391 ], [ -99.052734, 19.775391 ], [ -99.019775, 19.786377 ], [ -99.008789, 19.819336 ], [ -99.008789, 19.863281 ], [ -99.019775, 19.89624 ], [ -99.085693, 19.918213 ], [ -99.107666, 19.940186 ], [ -99.173584, 19.962158 ], [ -99.217529, 20.006104 ], [ -99.228516, 20.039063 ], [ -99.217529, 20.072021 ], [ -99.18457, 20.083008 ], [ -99.151611, 20.072021 ], [ -99.085693, 20.006104 ], [ -99.052734, 19.995117 ], [ -99.008789, 19.995117 ], [ -98.97583, 19.984131 ], [ -98.953857, 19.962158 ], [ -98.931885, 19.962158 ], [ -98.843994, 20.050049 ], [ -98.843994, 20.072021 ], [ -98.865967, 20.093994 ], [ -98.865967, 20.115967 ], [ -98.822021, 20.159912 ], [ -98.789063, 20.170898 ], [ -98.745117, 20.170898 ], [ -98.712158, 20.159912 ], [ -98.701172, 20.126953 ], [ -98.701172, 20.083008 ], [ -98.690186, 20.050049 ], [ -98.668213, 20.028076 ], [ -98.64624, 19.962158 ], [ -98.613281, 19.951172 ], [ -98.580322, 19.962158 ], [ -98.536377, 20.006104 ], [ -98.514404, 20.072021 ], [ -98.481445, 20.083008 ], [ -98.448486, 20.072021 ], [ -98.4375, 20.039063 ], [ -98.448486, 20.006104 ], [ -98.55835, 19.89624 ], [ -98.569336, 19.863281 ], [ -98.55835, 19.830322 ], [ -98.536377, 19.80835 ], [ -98.525391, 19.775391 ], [ -98.536377, 19.742432 ], [ -98.55835, 19.720459 ], [ -98.55835, 19.698486 ], [ -98.492432, 19.632568 ], [ -98.481445, 19.599609 ], [ -98.492432, 19.56665 ], [ -98.525391, 19.555664 ], [ -98.613281, 19.555664 ], [ -98.64624, 19.544678 ], [ -98.668213, 19.522705 ], [ -98.701172, 19.511719 ], [ -98.789063, 19.511719 ], [ -98.822021, 19.500732 ], [ -98.833008, 19.467773 ], [ -98.833008, 19.379883 ], [ -98.822021, 19.346924 ], [ -98.789063, 19.335938 ], [ -98.745117, 19.335938 ], [ -98.712158, 19.324951 ], [ -98.701172, 19.291992 ], [ -98.712158, 19.259033 ], [ -98.778076, 19.237061 ], [ -98.800049, 19.215088 ], [ -98.833008, 19.204102 ], [ -98.876953, 19.204102 ], [ -98.909912, 19.215088 ], [ -98.931885, 19.237061 ], [ -98.964844, 19.248047 ], [ -99.052734, 19.248047 ], [ -99.085693, 19.237061 ], [ -99.107666, 19.215088 ], [ -99.140625, 19.204102 ], [ -99.18457, 19.204102 ], [ -99.217529, 19.215088 ], [ -99.239502, 19.281006 ], [ -99.272461, 19.291992 ], [ -99.316406, 19.291992 ], [ -99.349365, 19.302979 ], [ -99.360352, 19.335938 ], [ -99.360352, 19.467773 ], [ -99.349365, 19.500732 ], [ -99.327393, 19.522705 ], [ -99.316406, 19.555664 ], [ -99.327393, 19.588623 ], [ -99.349365, 19.610596 ], [ -99.349365, 19.632568 ], [ -99.327393, 19.654541 ], [ -99.30542, 19.720459 ], [ -99.283447, 19.742432 ], [ -99.272461, 19.775391 ], [ -99.283447, 19.80835 ], [ -99.349365, 19.830322 ], [ -99.459229, 19.940186 ], [ -99.525146, 19.962158 ], [ -99.569092, 20.006104 ], [ -99.580078, 20.039063 ], [ -99.574585, 20.072021 ], [ -99.558105, 20.083008 ], [ -99.541626, 20.072021 ] ] ] } },
{ "type": "Feature", "properties": { "fid": 6, "id": 2, "origin_id": 3, "range": 1800, "metric": "time", "mode": "car", "traffic": "disabled", "timestamp": null, "type": "fast" }, "geometry": { "type": "Polygon", "coordinates": [ [ [ -99.179077, 19.819336 ], [ -99.151611, 19.80835 ], [ -99.129639, 19.786377 ], [ -99.09668, 19.775391 ], [ -99.008789, 19.775391 ], [ -98.97583, 19.786377 ], [ -98.953857, 19.852295 ], [ -98.931885, 19.852295 ], [ -98.909912, 19.786377 ], [ -98.865967, 19.742432 ], [ -98.833008, 19.731445 ], [ -98.789063, 19.731445 ], [ -98.756104, 19.720459 ], [ -98.756104, 19.698486 ], [ -98.800049, 19.654541 ], [ -98.865967, 19.632568 ], [ -98.876953, 19.599609 ], [ -98.865967, 19.56665 ], [ -98.843994, 19.544678 ], [ -98.833008, 19.511719 ], [ -98.843994, 19.47876 ], [ -98.909912, 19.456787 ], [ -98.97583, 19.390869 ], [ -99.008789, 19.379883 ], [ -99.052734, 19.379883 ], [ -99.085693, 19.390869 ], [ -99.107666, 19.412842 ], [ -99.173584, 19.434814 ], [ -99.217529, 19.47876 ], [ -99.228516, 19.511719 ], [ -99.217529, 19.544678 ], [ -99.18457, 19.555664 ], [ -99.140625, 19.555664 ], [ -99.107666, 19.56665 ], [ -99.107666, 19.588623 ], [ -99.140625, 19.599609 ], [ -99.18457, 19.599609 ], [ -99.217529, 19.610596 ], [ -99.228516, 19.643555 ], [ -99.217529, 19.676514 ], [ -99.151611, 19.698486 ], [ -99.151611, 19.720459 ], [ -99.217529, 19.786377 ], [ -99.223022, 19.80835 ], [ -99.206543, 19.819336 ], [ -99.179077, 19.819336 ] ] ] } },
{ "type": "Feature", "properties": { "fid": 7, "id": 0, "origin_id": 4, "range": 5400, "metric": "time", "mode": "car", "traffic": "disabled", "timestamp": null, "type": "fast" }, "geometry": { "type": "Polygon", "coordinates": [ [ [ -99.981079, 19.390869 ], [ -99.9646, 19.412842 ], [ -99.920654, 19.456787 ], [ -99.887695, 19.467773 ], [ -99.854736, 19.456787 ], [ -99.832764, 19.434814 ], [ -99.799805, 19.423828 ], [ -99.766846, 19.434814 ], [ -99.766846, 19.456787 ], [ -99.788818, 19.47876 ], [ -99.799805, 19.511719 ], [ -99.799805, 19.599609 ], [ -99.788818, 19.632568 ], [ -99.766846, 19.632568 ], [ -99.7229, 19.588623 ], [ -99.711914, 19.555664 ], [ -99.711914, 19.511719 ], [ -99.700928, 19.47876 ], [ -99.656982, 19.434814 ], [ -99.624023, 19.423828 ], [ -99.580078, 19.423828 ], [ -99.547119, 19.434814 ], [ -99.525146, 19.456787 ], [ -99.492188, 19.467773 ], [ -99.404297, 19.467773 ], [ -99.371338, 19.47876 ], [ -99.327393, 19.522705 ], [ -99.316406, 19.555664 ], [ -99.327393, 19.588623 ], [ -99.360352, 19.599609 ], [ -99.404297, 19.599609 ], [ -99.437256, 19.610596 ], [ -99.459229, 19.676514 ], [ -99.481201, 19.698486 ], [ -99.492188, 19.731445 ], [ -99.481201, 19.764404 ], [ -99.448242, 19.775391 ], [ -99.415283, 19.764404 ], [ -99.393311, 19.742432 ], [ -99.360352, 19.731445 ], [ -99.316406, 19.731445 ], [ -99.283447, 19.742432 ], [ -99.272461, 19.775391 ], [ -99.283447, 19.80835 ], [ -99.349365, 19.830322 ], [ -99.459229, 19.940186 ], [ -99.492188, 19.951172 ], [ -99.525146, 19.940186 ], [ -99.547119, 19.918213 ], [ -99.580078, 19.907227 ], [ -99.755859, 19.907227 ], [ -99.788818, 19.89624 ], [ -99.810791, 19.874268 ], [ -99.84375, 19.863281 ], [ -99.876709, 19.874268 ], [ -99.887695, 19.907227 ], [ -99.876709, 19.940186 ], [ -99.810791, 19.962158 ], [ -99.788818, 19.984131 ], [ -99.755859, 19.995117 ], [ -99.667969, 19.995117 ], [ -99.63501, 20.006104 ], [ -99.63501, 20.028076 ], [ -99.700928, 20.050049 ], [ -99.876709, 20.22583 ], [ -99.876709, 20.247803 ], [ -99.84375, 20.258789 ], [ -99.799805, 20.258789 ], [ -99.766846, 20.247803 ], [ -99.7229, 20.203857 ], [ -99.700928, 20.137939 ], [ -99.667969, 20.126953 ], [ -99.624023, 20.126953 ], [ -99.591064, 20.115967 ], [ -99.525146, 20.050049 ], [ -99.503174, 20.050049 ], [ -99.481201, 20.072021 ], [ -99.415283, 20.093994 ], [ -99.393311, 20.115967 ], [ -99.360352, 20.126953 ], [ -99.316406, 20.126953 ], [ -99.283447, 20.137939 ], [ -99.261475, 20.203857 ], [ -99.228516, 20.214844 ], [ -99.195557, 20.203857 ], [ -99.18457, 20.170898 ], [ -99.18457, 20.126953 ], [ -99.173584, 20.093994 ], [ -99.085693, 20.006104 ], [ -99.052734, 19.995117 ], [ -99.008789, 19.995117 ], [ -98.97583, 19.984131 ], [ -98.953857, 19.962158 ], [ -98.931885, 19.962158 ], [ -98.843994, 20.050049 ], [ -98.843994, 20.072021 ], [ -98.909912, 20.093994 ], [ -98.931885, 20.159912 ], [ -98.953857, 20.181885 ], [ -98.964844, 20.214844 ], [ -98.964844, 20.258789 ], [ -98.953857, 20.291748 ], [ -98.931885, 20.291748 ], [ -98.887939, 20.247803 ], [ -98.865967, 20.181885 ], [ -98.833008, 20.170898 ], [ -98.701172, 20.170898 ], [ -98.668213, 20.159912 ], [ -98.64624, 20.093994 ], [ -98.613281, 20.083008 ], [ -98.525391, 20.083008 ], [ -98.492432, 20.093994 ], [ -98.470459, 20.115967 ], [ -98.404541, 20.137939 ], [ -98.382568, 20.159912 ], [ -98.349609, 20.170898 ], [ -98.305664, 20.170898 ], [ -98.272705, 20.159912 ], [ -98.272705, 20.137939 ], [ -98.360596, 20.050049 ], [ -98.426514, 20.028076 ], [ -98.55835, 19.89624 ], [ -98.569336, 19.863281 ], [ -98.55835, 19.830322 ], [ -98.536377, 19.80835 ], [ -98.525391, 19.775391 ], [ -98.525391, 19.731445 ], [ -98.514404, 19.698486 ], [ -98.492432, 19.676514 ], [ -98.481445, 19.643555 ], [ -98.481445, 19.599609 ], [ -98.470459, 19.56665 ], [ -98.4375, 19.555664 ], [ -98.393555, 19.555664 ], [ -98.360596, 19.544678 ], [ -98.31665, 19.500732 ], [ -98.305664, 19.467773 ], [ -98.31665, 19.434814 ], [ -98.382568, 19.412842 ], [ -98.393555, 19.379883 ], [ -98.393555, 19.335938 ], [ -98.382568, 19.302979 ], [ -98.360596, 19.281006 ], [ -98.349609, 19.248047 ], [ -98.360596, 19.215088 ], [ -98.393555, 19.204102 ], [ -98.4375, 19.204102 ], [ -98.470459, 19.215088 ], [ -98.536377, 19.281006 ], [ -98.602295, 19.302979 ], [ -98.624268, 19.324951 ], [ -98.64624, 19.324951 ], [ -98.712158, 19.259033 ], [ -98.778076, 19.237061 ], [ -98.778076, 19.215088 ], [ -98.756104, 19.193115 ], [ -98.745117, 19.160156 ], [ -98.745117, 19.072266 ], [ -98.756104, 19.039307 ], [ -98.843994, 18.951416 ], [ -98.876953, 18.94043 ], [ -98.909912, 18.951416 ], [ -98.920898, 18.984375 ], [ -98.909912, 19.017334 ], [ -98.898926, 19.039307 ], [ -98.920898, 19.061279 ], [ -98.953857, 19.083252 ], [ -99.019775, 19.14917 ], [ -99.052734, 19.160156 ], [ -99.09668, 19.160156 ], [ -99.129639, 19.14917 ], [ -99.140625, 19.116211 ], [ -99.129639, 19.083252 ], [ -99.019775, 18.973389 ], [ -99.008789, 18.94043 ], [ -99.019775, 18.907471 ], [ -99.052734, 18.896484 ], [ -99.085693, 18.907471 ], [ -99.107666, 18.929443 ], [ -99.129639, 18.929443 ], [ -99.151611, 18.907471 ], [ -99.18457, 18.896484 ], [ -99.228516, 18.896484 ], [ -99.261475, 18.907471 ], [ -99.283447, 18.973389 ], [ -99.371338, 19.061279 ], [ -99.437256, 19.083252 ], [ -99.459229, 19.105225 ], [ -99.481201, 19.105225 ], [ -99.503174, 19.083252 ], [ -99.536133, 19.072266 ], [ -99.580078, 19.072266 ], [ -99.613037, 19.061279 ], [ -99.624023, 19.02832 ], [ -99.624023, 18.984375 ], [ -99.63501, 18.951416 ], [ -99.667969, 18.94043 ], [ -99.700928, 18.951416 ], [ -99.711914, 18.984375 ], [ -99.700928, 19.017334 ], [ -99.678955, 19.039307 ], [ -99.667969, 19.072266 ], [ -99.667969, 19.116211 ], [ -99.656982, 19.14917 ], [ -99.63501, 19.171143 ], [ -99.63501, 19.193115 ], [ -99.678955, 19.237061 ], [ -99.700928, 19.237061 ], [ -99.7229, 19.215088 ], [ -99.755859, 19.204102 ], [ -99.788818, 19.215088 ], [ -99.810791, 19.281006 ], [ -99.854736, 19.324951 ], [ -99.887695, 19.335938 ], [ -99.975586, 19.335938 ], [ -100.008545, 19.346924 ], [ -100.014038, 19.368896 ], [ -99.981079, 19.390869 ] ] ] } },
{ "type": "Feature", "properties": { "fid": 8, "id": 1, "origin_id": 4, "range": 3600, "metric": "time", "mode": "car", "traffic": "disabled", "timestamp": null, "type": "fast" }, "geometry": { "type": "Polygon", "coordinates": [ [ [ -99.629517, 19.346924 ], [ -99.613037, 19.368896 ], [ -99.569092, 19.412842 ], [ -99.547119, 19.412842 ], [ -99.525146, 19.390869 ], [ -99.503174, 19.390869 ], [ -99.481201, 19.456787 ], [ -99.448242, 19.467773 ], [ -99.404297, 19.467773 ], [ -99.371338, 19.47876 ], [ -99.327393, 19.522705 ], [ -99.316406, 19.555664 ], [ -99.327393, 19.588623 ], [ -99.360352, 19.599609 ], [ -99.404297, 19.599609 ], [ -99.437256, 19.610596 ], [ -99.448242, 19.643555 ], [ -99.437256, 19.676514 ], [ -99.404297, 19.6875 ], [ -99.360352, 19.6875 ], [ -99.327393, 19.698486 ], [ -99.283447, 19.742432 ], [ -99.272461, 19.775391 ], [ -99.283447, 19.80835 ], [ -99.349365, 19.830322 ], [ -99.481201, 19.962158 ], [ -99.492188, 19.995117 ], [ -99.481201, 20.028076 ], [ -99.448242, 20.039063 ], [ -99.415283, 20.028076 ], [ -99.393311, 20.006104 ], [ -99.327393, 19.984131 ], [ -99.30542, 19.918213 ], [ -99.261475, 19.874268 ], [ -99.195557, 19.852295 ], [ -99.129639, 19.786377 ], [ -99.09668, 19.775391 ], [ -99.052734, 19.775391 ], [ -99.019775, 19.786377 ], [ -99.008789, 19.819336 ], [ -99.008789, 19.907227 ], [ -99.019775, 19.940186 ], [ -99.041748, 19.962158 ], [ -99.041748, 19.984131 ], [ -99.008789, 19.995117 ], [ -98.97583, 19.984131 ], [ -98.953857, 19.962158 ], [ -98.931885, 19.962158 ], [ -98.822021, 20.072021 ], [ -98.800049, 20.072021 ], [ -98.789063, 20.039063 ], [ -98.789063, 19.995117 ], [ -98.778076, 19.962158 ], [ -98.734131, 19.918213 ], [ -98.712158, 19.918213 ], [ -98.690186, 19.940186 ], [ -98.668213, 19.940186 ], [ -98.64624, 19.918213 ], [ -98.580322, 19.89624 ], [ -98.580322, 19.874268 ], [ -98.602295, 19.852295 ], [ -98.613281, 19.819336 ], [ -98.613281, 19.775391 ], [ -98.624268, 19.742432 ], [ -98.64624, 19.742432 ], [ -98.668213, 19.764404 ], [ -98.690186, 19.764404 ], [ -98.800049, 19.654541 ], [ -98.865967, 19.632568 ], [ -98.876953, 19.599609 ], [ -98.865967, 19.56665 ], [ -98.843994, 19.56665 ], [ -98.822021, 19.588623 ], [ -98.789063, 19.599609 ], [ -98.756104, 19.588623 ], [ -98.745117, 19.555664 ], [ -98.756104, 19.522705 ], [ -98.822021, 19.500732 ], [ -98.833008, 19.467773 ], [ -98.833008, 19.379883 ], [ -98.822021, 19.346924 ], [ -98.756104, 19.324951 ], [ -98.745117, 19.291992 ], [ -98.756104, 19.259033 ], [ -98.800049, 19.215088 ], [ -98.833008, 19.204102 ], [ -98.876953, 19.204102 ], [ -98.909912, 19.215088 ], [ -98.931885, 19.237061 ], [ -98.964844, 19.248047 ], [ -99.008789, 19.248047 ], [ -99.041748, 19.237061 ], [ -99.129639, 19.14917 ], [ -99.151611, 19.083252 ], [ -99.18457, 19.072266 ], [ -99.217529, 19.083252 ], [ -99.228516, 19.116211 ], [ -99.217529, 19.14917 ], [ -99.195557, 19.171143 ], [ -99.195557, 19.193115 ], [ -99.217529, 19.215088 ], [ -99.239502, 19.281006 ], [ -99.272461, 19.291992 ], [ -99.30542, 19.281006 ], [ -99.327393, 19.215088 ], [ -99.360352, 19.204102 ], [ -99.404297, 19.204102 ], [ -99.437256, 19.215088 ], [ -99.459229, 19.237061 ], [ -99.481201, 19.237061 ], [ -99.503174, 19.171143 ], [ -99.525146, 19.171143 ], [ -99.591064, 19.237061 ], [ -99.656982, 19.259033 ], [ -99.667969, 19.291992 ], [ -99.662476, 19.324951 ], [ -99.629517, 19.346924 ] ] ] } },
{ "type": "Feature", "properties": { "fid": 9, "id": 2, "origin_id": 4, "range": 1800, "metric": "time", "mode": "car", "traffic": "disabled", "timestamp": null, "type": "fast" }, "geometry": { "type": "Polygon", "coordinates": [ [ [ -99.277954, 19.610596 ], [ -99.261475, 19.632568 ], [ -99.239502, 19.654541 ], [ -99.217529, 19.720459 ], [ -99.195557, 19.720459 ], [ -99.151611, 19.676514 ], [ -99.129639, 19.610596 ], [ -99.107666, 19.610596 ], [ -99.085693, 19.676514 ], [ -99.052734, 19.6875 ], [ -99.008789, 19.6875 ], [ -98.97583, 19.676514 ], [ -98.931885, 19.632568 ], [ -98.931885, 19.610596 ], [ -98.953857, 19.588623 ], [ -98.964844, 19.555664 ], [ -98.964844, 19.467773 ], [ -98.97583, 19.434814 ], [ -99.041748, 19.412842 ], [ -99.063721, 19.346924 ], [ -99.09668, 19.335938 ], [ -99.140625, 19.335938 ], [ -99.173584, 19.324951 ], [ -99.195557, 19.302979 ], [ -99.217529, 19.302979 ], [ -99.261475, 19.346924 ], [ -99.283447, 19.412842 ], [ -99.30542, 19.434814 ], [ -99.316406, 19.467773 ], [ -99.316406, 19.555664 ], [ -99.310913, 19.588623 ], [ -99.277954, 19.610596 ] ] ] } },
{ "type": "Feature", "properties": { "fid": 10, "id": 0, "origin_id": 5, "range": 5400, "metric": "time", "mode": "car", "traffic": "disabled", "timestamp": null, "type": "fast" }, "geometry": { "type": "Polygon", "coordinates": [ [ [ -99.981079, 19.390869 ], [ -99.9646, 19.412842 ], [ -99.920654, 19.456787 ], [ -99.887695, 19.467773 ], [ -99.854736, 19.456787 ], [ -99.832764, 19.434814 ], [ -99.799805, 19.423828 ], [ -99.766846, 19.434814 ], [ -99.755859, 19.467773 ], [ -99.766846, 19.500732 ], [ -99.788818, 19.522705 ], [ -99.799805, 19.555664 ], [ -99.799805, 19.599609 ], [ -99.788818, 19.632568 ], [ -99.766846, 19.632568 ], [ -99.7229, 19.588623 ], [ -99.711914, 19.555664 ], [ -99.711914, 19.511719 ], [ -99.700928, 19.47876 ], [ -99.656982, 19.434814 ], [ -99.63501, 19.434814 ], [ -99.613037, 19.456787 ], [ -99.591064, 19.456787 ], [ -99.569092, 19.434814 ], [ -99.547119, 19.434814 ], [ -99.525146, 19.456787 ], [ -99.492188, 19.467773 ], [ -99.404297, 19.467773 ], [ -99.371338, 19.47876 ], [ -99.327393, 19.522705 ], [ -99.316406, 19.555664 ], [ -99.327393, 19.588623 ], [ -99.360352, 19.599609 ], [ -99.404297, 19.599609 ], [ -99.437256, 19.610596 ], [ -99.448242, 19.643555 ], [ -99.437256, 19.676514 ], [ -99.404297, 19.6875 ], [ -99.360352, 19.6875 ], [ -99.327393, 19.698486 ], [ -99.283447, 19.742432 ], [ -99.272461, 19.775391 ], [ -99.283447, 19.80835 ], [ -99.349365, 19.830322 ], [ -99.459229, 19.940186 ], [ -99.525146, 19.962158 ], [ -99.569092, 20.006104 ], [ -99.569092, 20.028076 ], [ -99.536133, 20.039063 ], [ -99.360352, 20.039063 ], [ -99.327393, 20.028076 ], [ -99.316406, 19.995117 ], [ -99.316406, 19.951172 ], [ -99.30542, 19.918213 ], [ -99.261475, 19.874268 ], [ -99.228516, 19.863281 ], [ -99.18457, 19.863281 ], [ -99.151611, 19.852295 ], [ -99.129639, 19.786377 ], [ -99.09668, 19.775391 ], [ -99.052734, 19.775391 ], [ -99.019775, 19.786377 ], [ -99.008789, 19.819336 ], [ -99.008789, 19.863281 ], [ -99.019775, 19.89624 ], [ -99.085693, 19.918213 ], [ -99.107666, 19.940186 ], [ -99.173584, 19.962158 ], [ -99.18457, 19.995117 ], [ -99.173584, 20.028076 ], [ -99.140625, 20.039063 ], [ -99.107666, 20.028076 ], [ -99.085693, 20.006104 ], [ -99.052734, 19.995117 ], [ -99.008789, 19.995117 ], [ -98.97583, 19.984131 ], [ -98.953857, 19.962158 ], [ -98.931885, 19.962158 ], [ -98.843994, 20.050049 ], [ -98.822021, 20.115967 ], [ -98.789063, 20.126953 ], [ -98.745117, 20.126953 ], [ -98.712158, 20.115967 ], [ -98.690186, 20.050049 ], [ -98.668213, 20.028076 ], [ -98.64624, 19.962158 ], [ -98.613281, 19.951172 ], [ -98.580322, 19.962158 ], [ -98.536377, 20.006104 ], [ -98.514404, 20.072021 ], [ -98.470459, 20.115967 ], [ -98.4375, 20.126953 ], [ -98.404541, 20.115967 ], [ -98.393555, 20.083008 ], [ -98.404541, 20.050049 ], [ -98.55835, 19.89624 ], [ -98.569336, 19.863281 ], [ -98.55835, 19.830322 ], [ -98.536377, 19.80835 ], [ -98.525391, 19.775391 ], [ -98.525391, 19.731445 ], [ -98.514404, 19.698486 ], [ -98.492432, 19.676514 ], [ -98.481445, 19.643555 ], [ -98.481445, 19.599609 ], [ -98.470459, 19.56665 ], [ -98.404541, 19.544678 ], [ -98.393555, 19.511719 ], [ -98.393555, 19.423828 ], [ -98.382568, 19.390869 ], [ -98.349609, 19.379883 ], [ -98.173828, 19.379883 ], [ -98.140869, 19.368896 ], [ -98.140869, 19.346924 ], [ -98.162842, 19.324951 ], [ -98.184814, 19.259033 ], [ -98.206787, 19.237061 ], [ -98.217773, 19.204102 ], [ -98.217773, 19.160156 ], [ -98.206787, 19.127197 ], [ -98.140869, 19.105225 ], [ -98.129883, 19.072266 ], [ -98.140869, 19.039307 ], [ -98.173828, 19.02832 ], [ -98.217773, 19.02832 ], [ -98.250732, 19.017334 ], [ -98.272705, 18.995361 ], [ -98.294678, 18.995361 ], [ -98.470459, 19.171143 ], [ -98.492432, 19.237061 ], [ -98.536377, 19.281006 ], [ -98.569336, 19.291992 ], [ -98.657227, 19.291992 ], [ -98.690186, 19.281006 ], [ -98.712158, 19.259033 ], [ -98.778076, 19.237061 ], [ -98.778076, 19.215088 ], [ -98.756104, 19.193115 ], [ -98.745117, 19.160156 ], [ -98.745117, 19.072266 ], [ -98.756104, 19.039307 ], [ -98.822021, 18.973389 ], [ -98.843994, 18.907471 ], [ -98.865967, 18.885498 ], [ -98.876953, 18.852539 ], [ -98.865967, 18.81958 ], [ -98.843994, 18.797607 ], [ -98.833008, 18.764648 ], [ -98.843994, 18.731689 ], [ -98.876953, 18.720703 ], [ -98.909912, 18.731689 ], [ -99.019775, 18.841553 ], [ -99.041748, 18.841553 ], [ -99.063721, 18.81958 ], [ -99.129639, 18.797607 ], [ -99.217529, 18.709717 ], [ -99.239502, 18.643799 ], [ -99.283447, 18.599854 ], [ -99.30542, 18.599854 ], [ -99.316406, 18.632813 ], [ -99.316406, 18.764648 ], [ -99.30542, 18.797607 ], [ -99.283447, 18.81958 ], [ -99.272461, 18.852539 ], [ -99.272461, 18.94043 ], [ -99.283447, 18.973389 ], [ -99.327393, 19.017334 ], [ -99.360352, 19.02832 ], [ -99.404297, 19.02832 ], [ -99.437256, 19.039307 ], [ -99.459229, 19.105225 ], [ -99.481201, 19.105225 ], [ -99.503174, 19.083252 ], [ -99.536133, 19.072266 ], [ -99.580078, 19.072266 ], [ -99.613037, 19.061279 ], [ -99.624023, 19.02832 ], [ -99.624023, 18.984375 ], [ -99.63501, 18.951416 ], [ -99.667969, 18.94043 ], [ -99.700928, 18.951416 ], [ -99.711914, 18.984375 ], [ -99.700928, 19.017334 ], [ -99.678955, 19.039307 ], [ -99.667969, 19.072266 ], [ -99.667969, 19.116211 ], [ -99.656982, 19.14917 ], [ -99.63501, 19.171143 ], [ -99.63501, 19.193115 ], [ -99.678955, 19.237061 ], [ -99.700928, 19.237061 ], [ -99.7229, 19.215088 ], [ -99.755859, 19.204102 ], [ -99.788818, 19.215088 ], [ -99.810791, 19.281006 ], [ -99.854736, 19.324951 ], [ -99.887695, 19.335938 ], [ -99.975586, 19.335938 ], [ -100.008545, 19.346924 ], [ -100.014038, 19.368896 ], [ -99.981079, 19.390869 ] ] ] } },
{ "type": "Feature", "properties": { "fid": 11, "id": 1, "origin_id": 5, "range": 3600, "metric": "time", "mode": "car", "traffic": "disabled", "timestamp": null, "type": "fast" }, "geometry": { "type": "Polygon", "coordinates": [ [ [ -99.585571, 19.346924 ], [ -99.569092, 19.368896 ], [ -99.536133, 19.379883 ], [ -99.492188, 19.379883 ], [ -99.459229, 19.368896 ], [ -99.437256, 19.346924 ], [ -99.404297, 19.335938 ], [ -99.371338, 19.346924 ], [ -99.371338, 19.368896 ], [ -99.393311, 19.390869 ], [ -99.404297, 19.423828 ], [ -99.393311, 19.456787 ], [ -99.327393, 19.522705 ], [ -99.316406, 19.555664 ], [ -99.316406, 19.599609 ], [ -99.30542, 19.632568 ], [ -99.239502, 19.654541 ], [ -99.217529, 19.676514 ], [ -99.151611, 19.698486 ], [ -99.151611, 19.720459 ], [ -99.173584, 19.742432 ], [ -99.18457, 19.775391 ], [ -99.173584, 19.80835 ], [ -99.151611, 19.80835 ], [ -99.129639, 19.786377 ], [ -99.09668, 19.775391 ], [ -99.052734, 19.775391 ], [ -99.019775, 19.764404 ], [ -98.997803, 19.742432 ], [ -98.97583, 19.742432 ], [ -98.953857, 19.80835 ], [ -98.931885, 19.80835 ], [ -98.909912, 19.742432 ], [ -98.876953, 19.731445 ], [ -98.843994, 19.742432 ], [ -98.822021, 19.764404 ], [ -98.789063, 19.775391 ], [ -98.756104, 19.764404 ], [ -98.745117, 19.731445 ], [ -98.756104, 19.698486 ], [ -98.800049, 19.654541 ], [ -98.865967, 19.632568 ], [ -98.876953, 19.599609 ], [ -98.865967, 19.56665 ], [ -98.843994, 19.56665 ], [ -98.822021, 19.588623 ], [ -98.789063, 19.599609 ], [ -98.745117, 19.599609 ], [ -98.712158, 19.588623 ], [ -98.701172, 19.555664 ], [ -98.712158, 19.522705 ], [ -98.745117, 19.511719 ], [ -98.789063, 19.511719 ], [ -98.822021, 19.500732 ], [ -98.833008, 19.467773 ], [ -98.833008, 19.423828 ], [ -98.822021, 19.390869 ], [ -98.789063, 19.379883 ], [ -98.569336, 19.379883 ], [ -98.536377, 19.368896 ], [ -98.492432, 19.324951 ], [ -98.492432, 19.302979 ], [ -98.525391, 19.291992 ], [ -98.569336, 19.291992 ], [ -98.602295, 19.302979 ], [ -98.624268, 19.324951 ], [ -98.64624, 19.324951 ], [ -98.712158, 19.259033 ], [ -98.778076, 19.237061 ], [ -98.778076, 19.215088 ], [ -98.756104, 19.193115 ], [ -98.745117, 19.160156 ], [ -98.745117, 19.072266 ], [ -98.756104, 19.039307 ], [ -98.800049, 18.995361 ], [ -98.833008, 18.984375 ], [ -98.865967, 18.995361 ], [ -98.887939, 19.02832 ], [ -98.920898, 19.061279 ], [ -98.953857, 19.083252 ], [ -99.019775, 19.14917 ], [ -99.052734, 19.160156 ], [ -99.09668, 19.160156 ], [ -99.129639, 19.14917 ], [ -99.140625, 19.116211 ], [ -99.129639, 19.083252 ], [ -99.063721, 19.017334 ], [ -99.052734, 18.984375 ], [ -99.063721, 18.951416 ], [ -99.09668, 18.94043 ], [ -99.129639, 18.951416 ], [ -99.151611, 18.973389 ], [ -99.173584, 18.973389 ], [ -99.195557, 18.951416 ], [ -99.228516, 18.94043 ], [ -99.261475, 18.951416 ], [ -99.30542, 18.995361 ], [ -99.316406, 19.02832 ], [ -99.30542, 19.061279 ], [ -99.195557, 19.171143 ], [ -99.195557, 19.193115 ], [ -99.283447, 19.281006 ], [ -99.30542, 19.281006 ], [ -99.327393, 19.215088 ], [ -99.360352, 19.204102 ], [ -99.404297, 19.204102 ], [ -99.437256, 19.215088 ], [ -99.459229, 19.237061 ], [ -99.481201, 19.237061 ], [ -99.503174, 19.215088 ], [ -99.525146, 19.215088 ], [ -99.547119, 19.237061 ], [ -99.613037, 19.259033 ], [ -99.624023, 19.291992 ], [ -99.61853, 19.324951 ], [ -99.585571, 19.346924 ] ] ] } },
{ "type": "Feature", "properties": { "fid": 12, "id": 2, "origin_id": 5, "range": 1800, "metric": "time", "mode": "car", "traffic": "disabled", "timestamp": null, "type": "fast" }, "geometry": { "type": "Polygon", "coordinates": [ [ [ -99.234009, 19.390869 ], [ -99.217529, 19.412842 ], [ -99.129639, 19.500732 ], [ -99.09668, 19.511719 ], [ -99.052734, 19.511719 ], [ -99.019775, 19.500732 ], [ -98.931885, 19.412842 ], [ -98.909912, 19.346924 ], [ -98.843994, 19.324951 ], [ -98.833008, 19.291992 ], [ -98.843994, 19.259033 ], [ -98.876953, 19.248047 ], [ -99.008789, 19.248047 ], [ -99.041748, 19.237061 ], [ -99.107666, 19.171143 ], [ -99.140625, 19.160156 ], [ -99.173584, 19.171143 ], [ -99.261475, 19.259033 ], [ -99.272461, 19.291992 ], [ -99.272461, 19.335938 ], [ -99.266968, 19.368896 ], [ -99.234009, 19.390869 ] ] ] } },
{ "type": "Feature", "properties": { "fid": 13, "id": 0, "origin_id": 6, "range": 5400, "metric": "time", "mode": "car", "traffic": "disabled", "timestamp": null, "type": "fast" }, "geometry": { "type": "Polygon", "coordinates": [ [ [ -100.112915, 20.335693 ], [ -100.096436, 20.313721 ], [ -100.063477, 20.302734 ], [ -100.019531, 20.302734 ], [ -99.986572, 20.313721 ], [ -99.986572, 20.335693 ], [ -100.05249, 20.357666 ], [ -100.096436, 20.401611 ], [ -100.107422, 20.43457 ], [ -100.096436, 20.467529 ], [ -100.063477, 20.478516 ], [ -100.030518, 20.467529 ], [ -100.008545, 20.445557 ], [ -99.942627, 20.423584 ], [ -99.920654, 20.357666 ], [ -99.887695, 20.34668 ], [ -99.84375, 20.34668 ], [ -99.810791, 20.335693 ], [ -99.788818, 20.269775 ], [ -99.7229, 20.203857 ], [ -99.700928, 20.137939 ], [ -99.667969, 20.126953 ], [ -99.624023, 20.126953 ], [ -99.591064, 20.115967 ], [ -99.525146, 20.050049 ], [ -99.503174, 20.050049 ], [ -99.481201, 20.072021 ], [ -99.415283, 20.093994 ], [ -99.393311, 20.115967 ], [ -99.360352, 20.126953 ], [ -99.316406, 20.126953 ], [ -99.283447, 20.137939 ], [ -99.272461, 20.170898 ], [ -99.272461, 20.214844 ], [ -99.261475, 20.247803 ], [ -99.228516, 20.258789 ], [ -99.18457, 20.258789 ], [ -99.151611, 20.247803 ], [ -99.151611, 20.22583 ], [ -99.173584, 20.203857 ], [ -99.18457, 20.170898 ], [ -99.18457, 20.126953 ], [ -99.173584, 20.093994 ], [ -99.085693, 20.006104 ], [ -99.052734, 19.995117 ], [ -99.008789, 19.995117 ], [ -98.97583, 19.984131 ], [ -98.953857, 19.962158 ], [ -98.931885, 19.962158 ], [ -98.843994, 20.050049 ], [ -98.843994, 20.072021 ], [ -98.909912, 20.093994 ], [ -98.931885, 20.159912 ], [ -98.953857, 20.181885 ], [ -98.964844, 20.214844 ], [ -98.953857, 20.247803 ], [ -98.920898, 20.258789 ], [ -98.887939, 20.247803 ], [ -98.865967, 20.181885 ], [ -98.833008, 20.170898 ], [ -98.701172, 20.170898 ], [ -98.668213, 20.159912 ], [ -98.64624, 20.093994 ], [ -98.580322, 20.072021 ], [ -98.55835, 20.050049 ], [ -98.536377, 20.050049 ], [ -98.470459, 20.115967 ], [ -98.404541, 20.137939 ], [ -98.382568, 20.159912 ], [ -98.349609, 20.170898 ], [ -98.305664, 20.170898 ], [ -98.272705, 20.159912 ], [ -98.272705, 20.137939 ], [ -98.360596, 20.050049 ], [ -98.426514, 20.028076 ], [ -98.55835, 19.89624 ], [ -98.569336, 19.863281 ], [ -98.55835, 19.830322 ], [ -98.536377, 19.80835 ], [ -98.525391, 19.775391 ], [ -98.525391, 19.6875 ], [ -98.514404, 19.654541 ], [ -98.492432, 19.632568 ], [ -98.470459, 19.56665 ], [ -98.4375, 19.555664 ], [ -98.393555, 19.555664 ], [ -98.360596, 19.544678 ], [ -98.349609, 19.511719 ], [ -98.360596, 19.47876 ], [ -98.382568, 19.456787 ], [ -98.404541, 19.390869 ], [ -98.4375, 19.379883 ], [ -98.470459, 19.390869 ], [ -98.492432, 19.456787 ], [ -98.514404, 19.47876 ], [ -98.536377, 19.544678 ], [ -98.569336, 19.555664 ], [ -98.613281, 19.555664 ], [ -98.64624, 19.544678 ], [ -98.668213, 19.522705 ], [ -98.701172, 19.511719 ], [ -98.789063, 19.511719 ], [ -98.822021, 19.500732 ], [ -98.833008, 19.467773 ], [ -98.833008, 19.423828 ], [ -98.822021, 19.390869 ], [ -98.789063, 19.379883 ], [ -98.613281, 19.379883 ], [ -98.580322, 19.368896 ], [ -98.569336, 19.335938 ], [ -98.580322, 19.302979 ], [ -98.602295, 19.302979 ], [ -98.624268, 19.324951 ], [ -98.64624, 19.324951 ], [ -98.712158, 19.259033 ], [ -98.778076, 19.237061 ], [ -98.778076, 19.215088 ], [ -98.756104, 19.193115 ], [ -98.745117, 19.160156 ], [ -98.745117, 19.116211 ], [ -98.756104, 19.083252 ], [ -98.789063, 19.072266 ], [ -98.822021, 19.083252 ], [ -98.843994, 19.14917 ], [ -98.931885, 19.237061 ], [ -98.964844, 19.248047 ], [ -98.997803, 19.237061 ], [ -98.997803, 19.215088 ], [ -98.97583, 19.193115 ], [ -98.964844, 19.160156 ], [ -98.97583, 19.127197 ], [ -98.997803, 19.127197 ], [ -99.019775, 19.14917 ], [ -99.052734, 19.160156 ], [ -99.09668, 19.160156 ], [ -99.129639, 19.14917 ], [ -99.140625, 19.116211 ], [ -99.129639, 19.083252 ], [ -99.107666, 19.061279 ], [ -99.09668, 19.02832 ], [ -99.09668, 18.984375 ], [ -99.107666, 18.951416 ], [ -99.129639, 18.951416 ], [ -99.151611, 18.973389 ], [ -99.173584, 18.973389 ], [ -99.195557, 18.951416 ], [ -99.228516, 18.94043 ], [ -99.261475, 18.951416 ], [ -99.30542, 18.995361 ], [ -99.316406, 19.02832 ], [ -99.30542, 19.061279 ], [ -99.195557, 19.171143 ], [ -99.195557, 19.193115 ], [ -99.217529, 19.215088 ], [ -99.239502, 19.281006 ], [ -99.272461, 19.291992 ], [ -99.30542, 19.281006 ], [ -99.327393, 19.215088 ], [ -99.393311, 19.193115 ], [ -99.415283, 19.127197 ], [ -99.481201, 19.105225 ], [ -99.503174, 19.083252 ], [ -99.536133, 19.072266 ], [ -99.580078, 19.072266 ], [ -99.613037, 19.061279 ], [ -99.63501, 18.995361 ], [ -99.656982, 18.995361 ], [ -99.667969, 19.02832 ], [ -99.667969, 19.116211 ], [ -99.656982, 19.14917 ], [ -99.63501, 19.171143 ], [ -99.63501, 19.193115 ], [ -99.678955, 19.237061 ], [ -99.711914, 19.248047 ], [ -99.755859, 19.248047 ], [ -99.788818, 19.259033 ], [ -99.854736, 19.324951 ], [ -99.887695, 19.335938 ], [ -99.931641, 19.335938 ], [ -99.9646, 19.346924 ], [ -99.975586, 19.379883 ], [ -99.9646, 19.412842 ], [ -99.898682, 19.434814 ], [ -99.876709, 19.456787 ], [ -99.854736, 19.456787 ], [ -99.832764, 19.434814 ], [ -99.799805, 19.423828 ], [ -99.766846, 19.434814 ], [ -99.755859, 19.467773 ], [ -99.766846, 19.500732 ], [ -99.788818, 19.522705 ], [ -99.799805, 19.555664 ], [ -99.799805, 19.599609 ], [ -99.788818, 19.632568 ], [ -99.766846, 19.632568 ], [ -99.7229, 19.588623 ], [ -99.711914, 19.555664 ], [ -99.711914, 19.511719 ], [ -99.700928, 19.47876 ], [ -99.656982, 19.434814 ], [ -99.624023, 19.423828 ], [ -99.580078, 19.423828 ], [ -99.547119, 19.434814 ], [ -99.525146, 19.456787 ], [ -99.492188, 19.467773 ], [ -99.404297, 19.467773 ], [ -99.371338, 19.47876 ], [ -99.327393, 19.522705 ], [ -99.316406, 19.555664 ], [ -99.327393, 19.588623 ], [ -99.360352, 19.599609 ], [ -99.404297, 19.599609 ], [ -99.437256, 19.610596 ], [ -99.459229, 19.676514 ], [ -99.525146, 19.698486 ], [ -99.536133, 19.731445 ], [ -99.525146, 19.764404 ], [ -99.492188, 19.775391 ], [ -99.448242, 19.775391 ], [ -99.415283, 19.764404 ], [ -99.393311, 19.742432 ], [ -99.360352, 19.731445 ], [ -99.316406, 19.731445 ], [ -99.283447, 19.742432 ], [ -99.272461, 19.775391 ], [ -99.283447, 19.80835 ], [ -99.349365, 19.830322 ], [ -99.459229, 19.940186 ], [ -99.492188, 19.951172 ], [ -99.525146, 19.940186 ], [ -99.547119, 19.918213 ], [ -99.580078, 19.907227 ], [ -99.755859, 19.907227 ], [ -99.788818, 19.89624 ], [ -99.799805, 19.863281 ], [ -99.799805, 19.731445 ], [ -99.810791, 19.698486 ], [ -99.84375, 19.6875 ], [ -99.876709, 19.698486 ], [ -99.920654, 19.742432 ], [ -99.942627, 19.80835 ], [ -99.975586, 19.819336 ], [ -100.063477, 19.819336 ], [ -100.096436, 19.830322 ], [ -100.096436, 19.852295 ], [ -100.05249, 19.89624 ], [ -100.019531, 19.907227 ], [ -99.986572, 19.89624 ], [ -99.9646, 19.874268 ], [ -99.942627, 19.874268 ], [ -99.931641, 19.907227 ], [ -99.931641, 20.039063 ], [ -99.920654, 20.072021 ], [ -99.887695, 20.083008 ], [ -99.854736, 20.072021 ], [ -99.84375, 20.039063 ], [ -99.84375, 19.995117 ], [ -99.832764, 19.962158 ], [ -99.810791, 19.962158 ], [ -99.788818, 19.984131 ], [ -99.755859, 19.995117 ], [ -99.667969, 19.995117 ], [ -99.63501, 20.006104 ], [ -99.63501, 20.028076 ], [ -99.700928, 20.050049 ], [ -99.810791, 20.159912 ], [ -99.832764, 20.159912 ], [ -99.854736, 20.137939 ], [ -99.876709, 20.137939 ], [ -99.942627, 20.203857 ], [ -100.008545, 20.22583 ], [ -100.030518, 20.247803 ], [ -100.063477, 20.258789 ], [ -100.107422, 20.258789 ], [ -100.140381, 20.269775 ], [ -100.151367, 20.302734 ], [ -100.145874, 20.335693 ], [ -100.129395, 20.34668 ], [ -100.112915, 20.335693 ] ] ] } },
{ "type": "Feature", "properties": { "fid": 14, "id": 1, "origin_id": 6, "range": 3600, "metric": "time", "mode": "car", "traffic": "disabled", "timestamp": null, "type": "fast" }, "geometry": { "type": "Polygon", "coordinates": [ [ [ -99.706421, 20.126953 ], [ -99.624023, 20.126953 ], [ -99.591064, 20.115967 ], [ -99.525146, 20.050049 ], [ -99.503174, 20.050049 ], [ -99.481201, 20.072021 ], [ -99.415283, 20.093994 ], [ -99.393311, 20.115967 ], [ -99.360352, 20.126953 ], [ -99.272461, 20.126953 ], [ -99.239502, 20.115967 ], [ -99.228516, 20.083008 ], [ -99.239502, 20.050049 ], [ -99.30542, 19.984131 ], [ -99.316406, 19.951172 ], [ -99.30542, 19.918213 ], [ -99.261475, 19.874268 ], [ -99.195557, 19.852295 ], [ -99.173584, 19.830322 ], [ -99.107666, 19.80835 ], [ -99.085693, 19.786377 ], [ -99.052734, 19.775391 ], [ -99.019775, 19.786377 ], [ -99.008789, 19.819336 ], [ -99.008789, 19.951172 ], [ -98.997803, 19.984131 ], [ -98.97583, 19.984131 ], [ -98.953857, 19.962158 ], [ -98.931885, 19.962158 ], [ -98.865967, 20.028076 ], [ -98.833008, 20.039063 ], [ -98.800049, 20.028076 ], [ -98.778076, 19.962158 ], [ -98.734131, 19.918213 ], [ -98.701172, 19.907227 ], [ -98.657227, 19.907227 ], [ -98.624268, 19.89624 ], [ -98.613281, 19.863281 ], [ -98.613281, 19.819336 ], [ -98.624268, 19.786377 ], [ -98.690186, 19.764404 ], [ -98.800049, 19.654541 ], [ -98.865967, 19.632568 ], [ -98.876953, 19.599609 ], [ -98.865967, 19.56665 ], [ -98.843994, 19.56665 ], [ -98.822021, 19.588623 ], [ -98.789063, 19.599609 ], [ -98.756104, 19.588623 ], [ -98.745117, 19.555664 ], [ -98.756104, 19.522705 ], [ -98.822021, 19.500732 ], [ -98.833008, 19.467773 ], [ -98.833008, 19.335938 ], [ -98.843994, 19.302979 ], [ -98.865967, 19.302979 ], [ -98.887939, 19.324951 ], [ -98.909912, 19.324951 ], [ -98.931885, 19.302979 ], [ -98.964844, 19.291992 ], [ -99.008789, 19.291992 ], [ -99.041748, 19.281006 ], [ -99.063721, 19.215088 ], [ -99.107666, 19.171143 ], [ -99.140625, 19.160156 ], [ -99.173584, 19.171143 ], [ -99.217529, 19.215088 ], [ -99.239502, 19.281006 ], [ -99.272461, 19.291992 ], [ -99.30542, 19.281006 ], [ -99.371338, 19.215088 ], [ -99.393311, 19.215088 ], [ -99.415283, 19.237061 ], [ -99.448242, 19.248047 ], [ -99.536133, 19.248047 ], [ -99.569092, 19.259033 ], [ -99.580078, 19.291992 ], [ -99.580078, 19.335938 ], [ -99.569092, 19.368896 ], [ -99.536133, 19.379883 ], [ -99.492188, 19.379883 ], [ -99.459229, 19.390869 ], [ -99.437256, 19.456787 ], [ -99.371338, 19.47876 ], [ -99.327393, 19.522705 ], [ -99.316406, 19.555664 ], [ -99.327393, 19.588623 ], [ -99.360352, 19.599609 ], [ -99.404297, 19.599609 ], [ -99.437256, 19.610596 ], [ -99.448242, 19.643555 ], [ -99.437256, 19.676514 ], [ -99.393311, 19.720459 ], [ -99.360352, 19.731445 ], [ -99.316406, 19.731445 ], [ -99.283447, 19.742432 ], [ -99.272461, 19.775391 ], [ -99.283447, 19.80835 ], [ -99.349365, 19.830322 ], [ -99.459229, 19.940186 ], [ -99.492188, 19.951172 ], [ -99.525146, 19.940186 ], [ -99.547119, 19.918213 ], [ -99.580078, 19.907227 ], [ -99.667969, 19.907227 ], [ -99.700928, 19.918213 ], [ -99.711914, 19.951172 ], [ -99.700928, 19.984131 ], [ -99.63501, 20.006104 ], [ -99.63501, 20.028076 ], [ -99.700928, 20.050049 ], [ -99.744873, 20.093994 ], [ -99.750366, 20.115967 ], [ -99.733887, 20.126953 ], [ -99.706421, 20.126953 ] ] ] } },
{ "type": "Feature", "properties": { "fid": 15, "id": 2, "origin_id": 6, "range": 1800, "metric": "time", "mode": "car", "traffic": "disabled", "timestamp": null, "type": "fast" }, "geometry": { "type": "Polygon", "coordinates": [ [ [ -99.310913, 19.907227 ], [ -99.283447, 19.89624 ], [ -99.261475, 19.874268 ], [ -99.195557, 19.852295 ], [ -99.173584, 19.830322 ], [ -99.107666, 19.80835 ], [ -99.085693, 19.786377 ], [ -99.019775, 19.764404 ], [ -98.997803, 19.698486 ], [ -98.97583, 19.676514 ], [ -98.964844, 19.643555 ], [ -98.964844, 19.555664 ], [ -98.97583, 19.522705 ], [ -99.008789, 19.511719 ], [ -99.052734, 19.511719 ], [ -99.085693, 19.500732 ], [ -99.195557, 19.390869 ], [ -99.217529, 19.390869 ], [ -99.239502, 19.412842 ], [ -99.272461, 19.423828 ], [ -99.316406, 19.423828 ], [ -99.349365, 19.434814 ], [ -99.360352, 19.467773 ], [ -99.349365, 19.500732 ], [ -99.327393, 19.522705 ], [ -99.316406, 19.555664 ], [ -99.316406, 19.599609 ], [ -99.30542, 19.632568 ], [ -99.283447, 19.654541 ], [ -99.272461, 19.6875 ], [ -99.272461, 19.775391 ], [ -99.283447, 19.80835 ], [ -99.349365, 19.830322 ], [ -99.360352, 19.863281 ], [ -99.354858, 19.89624 ], [ -99.338379, 19.907227 ], [ -99.310913, 19.907227 ] ] ] } },
{ "type": "Feature", "properties": { "fid": 16, "id": 0, "origin_id": 7, "range": 5400, "metric": "time", "mode": "car", "traffic": "disabled", "timestamp": null, "type": "fast" }, "geometry": { "type": "Polygon", "coordinates": [ [ [ -99.761353, 19.434814 ], [ -99.744873, 19.456787 ], [ -99.711914, 19.467773 ], [ -99.678955, 19.456787 ], [ -99.656982, 19.434814 ], [ -99.63501, 19.434814 ], [ -99.613037, 19.456787 ], [ -99.591064, 19.456787 ], [ -99.569092, 19.434814 ], [ -99.547119, 19.434814 ], [ -99.525146, 19.456787 ], [ -99.492188, 19.467773 ], [ -99.404297, 19.467773 ], [ -99.371338, 19.47876 ], [ -99.327393, 19.522705 ], [ -99.316406, 19.555664 ], [ -99.327393, 19.588623 ], [ -99.360352, 19.599609 ], [ -99.404297, 19.599609 ], [ -99.437256, 19.610596 ], [ -99.448242, 19.643555 ], [ -99.437256, 19.676514 ], [ -99.404297, 19.6875 ], [ -99.360352, 19.6875 ], [ -99.327393, 19.698486 ], [ -99.283447, 19.742432 ], [ -99.272461, 19.775391 ], [ -99.283447, 19.80835 ], [ -99.349365, 19.830322 ], [ -99.459229, 19.940186 ], [ -99.492188, 19.951172 ], [ -99.525146, 19.940186 ], [ -99.547119, 19.918213 ], [ -99.569092, 19.918213 ], [ -99.591064, 19.984131 ], [ -99.613037, 20.006104 ], [ -99.624023, 20.039063 ], [ -99.613037, 20.072021 ], [ -99.580078, 20.083008 ], [ -99.547119, 20.072021 ], [ -99.525146, 20.050049 ], [ -99.503174, 20.050049 ], [ -99.481201, 20.072021 ], [ -99.448242, 20.083008 ], [ -99.404297, 20.083008 ], [ -99.371338, 20.072021 ], [ -99.327393, 20.028076 ], [ -99.316406, 19.995117 ], [ -99.316406, 19.951172 ], [ -99.30542, 19.918213 ], [ -99.261475, 19.874268 ], [ -99.228516, 19.863281 ], [ -99.18457, 19.863281 ], [ -99.151611, 19.852295 ], [ -99.129639, 19.786377 ], [ -99.09668, 19.775391 ], [ -99.052734, 19.775391 ], [ -99.019775, 19.786377 ], [ -99.008789, 19.819336 ], [ -99.008789, 19.863281 ], [ -99.019775, 19.89624 ], [ -99.085693, 19.918213 ], [ -99.107666, 19.940186 ], [ -99.173584, 19.962158 ], [ -99.217529, 20.006104 ], [ -99.228516, 20.039063 ], [ -99.217529, 20.072021 ], [ -99.18457, 20.083008 ], [ -99.151611, 20.072021 ], [ -99.085693, 20.006104 ], [ -99.052734, 19.995117 ], [ -99.008789, 19.995117 ], [ -98.97583, 19.984131 ], [ -98.953857, 19.962158 ], [ -98.931885, 19.962158 ], [ -98.843994, 20.050049 ], [ -98.843994, 20.072021 ], [ -98.865967, 20.093994 ], [ -98.876953, 20.126953 ], [ -98.865967, 20.159912 ], [ -98.833008, 20.170898 ], [ -98.745117, 20.170898 ], [ -98.712158, 20.159912 ], [ -98.668213, 20.115967 ], [ -98.657227, 20.083008 ], [ -98.657227, 19.995117 ], [ -98.64624, 19.962158 ], [ -98.613281, 19.951172 ], [ -98.580322, 19.962158 ], [ -98.536377, 20.006104 ], [ -98.514404, 20.072021 ], [ -98.470459, 20.115967 ], [ -98.4375, 20.126953 ], [ -98.393555, 20.126953 ], [ -98.360596, 20.115967 ], [ -98.349609, 20.083008 ], [ -98.360596, 20.050049 ], [ -98.426514, 20.028076 ], [ -98.55835, 19.89624 ], [ -98.569336, 19.863281 ], [ -98.55835, 19.830322 ], [ -98.536377, 19.80835 ], [ -98.525391, 19.775391 ], [ -98.525391, 19.731445 ], [ -98.514404, 19.698486 ], [ -98.492432, 19.676514 ], [ -98.481445, 19.643555 ], [ -98.481445, 19.599609 ], [ -98.470459, 19.56665 ], [ -98.4375, 19.555664 ], [ -98.393555, 19.555664 ], [ -98.360596, 19.544678 ], [ -98.338623, 19.522705 ], [ -98.305664, 19.511719 ], [ -98.261719, 19.511719 ], [ -98.22876, 19.500732 ], [ -98.206787, 19.47876 ], [ -98.173828, 19.467773 ], [ -98.129883, 19.467773 ], [ -98.096924, 19.456787 ], [ -98.052979, 19.412842 ], [ -98.052979, 19.390869 ], [ -98.096924, 19.346924 ], [ -98.162842, 19.324951 ], [ -98.173828, 19.291992 ], [ -98.173828, 19.248047 ], [ -98.162842, 19.215088 ], [ -98.140869, 19.193115 ], [ -98.118896, 19.127197 ], [ -98.085938, 19.116211 ], [ -98.041992, 19.116211 ], [ -98.009033, 19.105225 ], [ -97.998047, 19.072266 ], [ -98.009033, 19.039307 ], [ -98.074951, 19.017334 ], [ -98.096924, 18.995361 ], [ -98.162842, 18.973389 ], [ -98.184814, 18.951416 ], [ -98.217773, 18.94043 ], [ -98.349609, 18.94043 ], [ -98.382568, 18.951416 ], [ -98.393555, 18.984375 ], [ -98.382568, 19.017334 ], [ -98.360596, 19.039307 ], [ -98.360596, 19.061279 ], [ -98.470459, 19.171143 ], [ -98.492432, 19.237061 ], [ -98.536377, 19.281006 ], [ -98.569336, 19.291992 ], [ -98.657227, 19.291992 ], [ -98.690186, 19.281006 ], [ -98.712158, 19.259033 ], [ -98.778076, 19.237061 ], [ -98.778076, 19.215088 ], [ -98.756104, 19.193115 ], [ -98.745117, 19.160156 ], [ -98.745117, 19.072266 ], [ -98.756104, 19.039307 ], [ -98.822021, 18.973389 ], [ -98.843994, 18.907471 ], [ -98.865967, 18.885498 ], [ -98.876953, 18.852539 ], [ -98.865967, 18.81958 ], [ -98.800049, 18.753662 ], [ -98.800049, 18.731689 ], [ -98.833008, 18.720703 ], [ -98.876953, 18.720703 ], [ -98.909912, 18.731689 ], [ -99.107666, 18.929443 ], [ -99.129639, 18.929443 ], [ -99.195557, 18.863525 ], [ -99.228516, 18.852539 ], [ -99.261475, 18.863525 ], [ -99.272461, 18.896484 ], [ -99.272461, 18.94043 ], [ -99.283447, 18.973389 ], [ -99.349365, 19.039307 ], [ -99.360352, 19.072266 ], [ -99.349365, 19.105225 ], [ -99.316406, 19.116211 ], [ -99.272461, 19.116211 ], [ -99.239502, 19.127197 ], [ -99.195557, 19.171143 ], [ -99.195557, 19.193115 ], [ -99.217529, 19.215088 ], [ -99.239502, 19.281006 ], [ -99.272461, 19.291992 ], [ -99.30542, 19.281006 ], [ -99.327393, 19.215088 ], [ -99.393311, 19.193115 ], [ -99.415283, 19.127197 ], [ -99.481201, 19.105225 ], [ -99.503174, 19.083252 ], [ -99.536133, 19.072266 ], [ -99.624023, 19.072266 ], [ -99.656982, 19.083252 ], [ -99.667969, 19.116211 ], [ -99.656982, 19.14917 ], [ -99.63501, 19.171143 ], [ -99.63501, 19.193115 ], [ -99.678955, 19.237061 ], [ -99.744873, 19.259033 ], [ -99.766846, 19.324951 ], [ -99.788818, 19.346924 ], [ -99.799805, 19.379883 ], [ -99.794312, 19.412842 ], [ -99.761353, 19.434814 ] ] ] } },
{ "type": "Feature", "properties": { "fid": 17, "id": 1, "origin_id": 7, "range": 3600, "metric": "time", "mode": "car", "traffic": "disabled", "timestamp": null, "type": "fast" }, "geometry": { "type": "Polygon", "coordinates": [ [ [ -99.398804, 19.335938 ], [ -99.371338, 19.346924 ], [ -99.360352, 19.379883 ], [ -99.360352, 19.467773 ], [ -99.349365, 19.500732 ], [ -99.327393, 19.522705 ], [ -99.30542, 19.588623 ], [ -99.217529, 19.676514 ], [ -99.151611, 19.698486 ], [ -99.151611, 19.720459 ], [ -99.195557, 19.764404 ], [ -99.261475, 19.786377 ], [ -99.272461, 19.819336 ], [ -99.261475, 19.852295 ], [ -99.228516, 19.863281 ], [ -99.195557, 19.852295 ], [ -99.129639, 19.786377 ], [ -99.09668, 19.775391 ], [ -99.008789, 19.775391 ], [ -98.97583, 19.786377 ], [ -98.964844, 19.819336 ], [ -98.964844, 19.863281 ], [ -98.953857, 19.89624 ], [ -98.931885, 19.89624 ], [ -98.920898, 19.863281 ], [ -98.920898, 19.775391 ], [ -98.909912, 19.742432 ], [ -98.876953, 19.731445 ], [ -98.843994, 19.742432 ], [ -98.778076, 19.80835 ], [ -98.745117, 19.819336 ], [ -98.712158, 19.80835 ], [ -98.701172, 19.775391 ], [ -98.712158, 19.742432 ], [ -98.800049, 19.654541 ], [ -98.865967, 19.632568 ], [ -98.876953, 19.599609 ], [ -98.865967, 19.56665 ], [ -98.843994, 19.56665 ], [ -98.822021, 19.588623 ], [ -98.789063, 19.599609 ], [ -98.657227, 19.599609 ], [ -98.624268, 19.588623 ], [ -98.624268, 19.56665 ], [ -98.668213, 19.522705 ], [ -98.701172, 19.511719 ], [ -98.789063, 19.511719 ], [ -98.822021, 19.500732 ], [ -98.833008, 19.467773 ], [ -98.833008, 19.423828 ], [ -98.822021, 19.390869 ], [ -98.789063, 19.379883 ], [ -98.569336, 19.379883 ], [ -98.536377, 19.368896 ], [ -98.514404, 19.346924 ], [ -98.481445, 19.335938 ], [ -98.393555, 19.335938 ], [ -98.360596, 19.324951 ], [ -98.349609, 19.291992 ], [ -98.349609, 19.248047 ], [ -98.360596, 19.215088 ], [ -98.404541, 19.171143 ], [ -98.4375, 19.160156 ], [ -98.470459, 19.171143 ], [ -98.492432, 19.237061 ], [ -98.536377, 19.281006 ], [ -98.602295, 19.302979 ], [ -98.624268, 19.324951 ], [ -98.64624, 19.324951 ], [ -98.712158, 19.259033 ], [ -98.778076, 19.237061 ], [ -98.778076, 19.215088 ], [ -98.756104, 19.193115 ], [ -98.745117, 19.160156 ], [ -98.745117, 19.072266 ], [ -98.756104, 19.039307 ], [ -98.822021, 18.973389 ], [ -98.843994, 18.907471 ], [ -98.876953, 18.896484 ], [ -98.909912, 18.907471 ], [ -98.920898, 18.94043 ], [ -98.920898, 18.984375 ], [ -98.909912, 19.017334 ], [ -98.843994, 19.083252 ], [ -98.833008, 19.116211 ], [ -98.843994, 19.14917 ], [ -98.931885, 19.237061 ], [ -98.964844, 19.248047 ], [ -98.997803, 19.237061 ], [ -99.019775, 19.215088 ], [ -99.085693, 19.193115 ], [ -99.129639, 19.14917 ], [ -99.151611, 19.083252 ], [ -99.18457, 19.072266 ], [ -99.217529, 19.083252 ], [ -99.228516, 19.116211 ], [ -99.217529, 19.14917 ], [ -99.195557, 19.171143 ], [ -99.195557, 19.193115 ], [ -99.217529, 19.215088 ], [ -99.239502, 19.281006 ], [ -99.272461, 19.291992 ], [ -99.30542, 19.281006 ], [ -99.327393, 19.259033 ], [ -99.360352, 19.248047 ], [ -99.404297, 19.248047 ], [ -99.437256, 19.259033 ], [ -99.448242, 19.291992 ], [ -99.442749, 19.324951 ], [ -99.42627, 19.335938 ], [ -99.398804, 19.335938 ] ] ] } },
{ "type": "Feature", "properties": { "fid": 18, "id": 2, "origin_id": 7, "range": 1800, "metric": "time", "mode": "car", "traffic": "disabled", "timestamp": null, "type": "fast" }, "geometry": { "type": "Polygon", "coordinates": [ [ [ -99.146118, 19.47876 ], [ -99.129639, 19.500732 ], [ -99.063721, 19.522705 ], [ -99.041748, 19.544678 ], [ -99.008789, 19.555664 ], [ -98.97583, 19.544678 ], [ -98.953857, 19.522705 ], [ -98.931885, 19.522705 ], [ -98.909912, 19.544678 ], [ -98.887939, 19.544678 ], [ -98.843994, 19.500732 ], [ -98.833008, 19.467773 ], [ -98.833008, 19.379883 ], [ -98.822021, 19.346924 ], [ -98.789063, 19.335938 ], [ -98.745117, 19.335938 ], [ -98.712158, 19.324951 ], [ -98.701172, 19.291992 ], [ -98.712158, 19.259033 ], [ -98.778076, 19.237061 ], [ -98.800049, 19.171143 ], [ -98.833008, 19.160156 ], [ -98.865967, 19.171143 ], [ -98.931885, 19.237061 ], [ -98.964844, 19.248047 ], [ -99.09668, 19.248047 ], [ -99.129639, 19.259033 ], [ -99.151611, 19.324951 ], [ -99.173584, 19.346924 ], [ -99.18457, 19.379883 ], [ -99.18457, 19.423828 ], [ -99.179077, 19.456787 ], [ -99.146118, 19.47876 ] ] ] } },
{ "type": "Feature", "properties": { "fid": 19, "id": 0, "origin_id": 8, "range": 5400, "metric": "time", "mode": "car", "traffic": "disabled", "timestamp": null, "type": "fast" }, "geometry": { "type": "Polygon", "coordinates": [ [ [ -100.376587, 19.47876 ], [ -100.360107, 19.500732 ], [ -100.338135, 19.500732 ], [ -100.316162, 19.47876 ], [ -100.283203, 19.467773 ], [ -100.151367, 19.467773 ], [ -100.118408, 19.456787 ], [ -100.096436, 19.434814 ], [ -100.074463, 19.434814 ], [ -100.05249, 19.456787 ], [ -100.019531, 19.467773 ], [ -99.887695, 19.467773 ], [ -99.854736, 19.456787 ], [ -99.832764, 19.434814 ], [ -99.799805, 19.423828 ], [ -99.766846, 19.434814 ], [ -99.766846, 19.456787 ], [ -99.810791, 19.500732 ], [ -99.876709, 19.522705 ], [ -99.920654, 19.56665 ], [ -99.942627, 19.632568 ], [ -99.9646, 19.654541 ], [ -99.975586, 19.6875 ], [ -99.975586, 19.731445 ], [ -99.986572, 19.764404 ], [ -100.05249, 19.786377 ], [ -100.074463, 19.80835 ], [ -100.140381, 19.830322 ], [ -100.151367, 19.863281 ], [ -100.140381, 19.89624 ], [ -100.107422, 19.907227 ], [ -100.019531, 19.907227 ], [ -99.986572, 19.89624 ], [ -99.9646, 19.874268 ], [ -99.942627, 19.874268 ], [ -99.931641, 19.907227 ], [ -99.931641, 19.951172 ], [ -99.920654, 19.984131 ], [ -99.887695, 19.995117 ], [ -99.854736, 19.984131 ], [ -99.832764, 19.962158 ], [ -99.810791, 19.962158 ], [ -99.788818, 19.984131 ], [ -99.755859, 19.995117 ], [ -99.7229, 19.984131 ], [ -99.711914, 19.951172 ], [ -99.7229, 19.918213 ], [ -99.788818, 19.89624 ], [ -99.799805, 19.863281 ], [ -99.788818, 19.830322 ], [ -99.755859, 19.819336 ], [ -99.667969, 19.819336 ], [ -99.63501, 19.80835 ], [ -99.624023, 19.775391 ], [ -99.624023, 19.731445 ], [ -99.63501, 19.698486 ], [ -99.700928, 19.632568 ], [ -99.711914, 19.599609 ], [ -99.711914, 19.511719 ], [ -99.700928, 19.47876 ], [ -99.667969, 19.467773 ], [ -99.624023, 19.467773 ], [ -99.591064, 19.456787 ], [ -99.569092, 19.434814 ], [ -99.547119, 19.434814 ], [ -99.525146, 19.456787 ], [ -99.492188, 19.467773 ], [ -99.404297, 19.467773 ], [ -99.371338, 19.47876 ], [ -99.327393, 19.522705 ], [ -99.316406, 19.555664 ], [ -99.327393, 19.588623 ], [ -99.360352, 19.599609 ], [ -99.404297, 19.599609 ], [ -99.437256, 19.610596 ], [ -99.448242, 19.643555 ], [ -99.437256, 19.676514 ], [ -99.404297, 19.6875 ], [ -99.360352, 19.6875 ], [ -99.327393, 19.698486 ], [ -99.283447, 19.742432 ], [ -99.272461, 19.775391 ], [ -99.283447, 19.80835 ], [ -99.349365, 19.830322 ], [ -99.393311, 19.874268 ], [ -99.404297, 19.907227 ], [ -99.393311, 19.940186 ], [ -99.360352, 19.951172 ], [ -99.327393, 19.940186 ], [ -99.261475, 19.874268 ], [ -99.195557, 19.852295 ], [ -99.129639, 19.786377 ], [ -99.09668, 19.775391 ], [ -99.052734, 19.775391 ], [ -99.019775, 19.764404 ], [ -98.997803, 19.742432 ], [ -98.97583, 19.742432 ], [ -98.953857, 19.80835 ], [ -98.931885, 19.80835 ], [ -98.920898, 19.775391 ], [ -98.920898, 19.731445 ], [ -98.909912, 19.698486 ], [ -98.887939, 19.698486 ], [ -98.865967, 19.720459 ], [ -98.843994, 19.720459 ], [ -98.833008, 19.6875 ], [ -98.833008, 19.643555 ], [ -98.843994, 19.610596 ], [ -98.865967, 19.588623 ], [ -98.876953, 19.555664 ], [ -98.876953, 19.467773 ], [ -98.865967, 19.423828 ], [ -98.843994, 19.379883 ], [ -98.822021, 19.346924 ], [ -98.756104, 19.324951 ], [ -98.756104, 19.302979 ], [ -98.822021, 19.281006 ], [ -98.843994, 19.215088 ], [ -98.876953, 19.204102 ], [ -98.909912, 19.215088 ], [ -98.931885, 19.237061 ], [ -98.964844, 19.248047 ], [ -98.997803, 19.237061 ], [ -99.019775, 19.171143 ], [ -99.052734, 19.160156 ], [ -99.09668, 19.160156 ], [ -99.129639, 19.14917 ], [ -99.140625, 19.116211 ], [ -99.129639, 19.083252 ], [ -99.107666, 19.061279 ], [ -99.09668, 19.02832 ], [ -99.107666, 18.995361 ], [ -99.140625, 18.984375 ], [ -99.272461, 18.984375 ], [ -99.30542, 18.995361 ], [ -99.327393, 19.017334 ], [ -99.360352, 19.02832 ], [ -99.404297, 19.02832 ], [ -99.437256, 19.039307 ], [ -99.459229, 19.061279 ], [ -99.481201, 19.061279 ], [ -99.503174, 18.995361 ], [ -99.569092, 18.929443 ], [ -99.591064, 18.863525 ], [ -99.613037, 18.841553 ], [ -99.613037, 18.81958 ], [ -99.591064, 18.797607 ], [ -99.569092, 18.731689 ], [ -99.536133, 18.720703 ], [ -99.503174, 18.731689 ], [ -99.481201, 18.753662 ], [ -99.459229, 18.753662 ], [ -99.448242, 18.720703 ], [ -99.448242, 18.676758 ], [ -99.459229, 18.643799 ], [ -99.503174, 18.599854 ], [ -99.536133, 18.588867 ], [ -99.569092, 18.599854 ], [ -99.591064, 18.665771 ], [ -99.700928, 18.775635 ], [ -99.711914, 18.808594 ], [ -99.711914, 19.160156 ], [ -99.7229, 19.193115 ], [ -99.755859, 19.204102 ], [ -99.788818, 19.193115 ], [ -99.898682, 19.083252 ], [ -99.9646, 19.061279 ], [ -99.986572, 19.039307 ], [ -100.019531, 19.02832 ], [ -100.05249, 19.039307 ], [ -100.140381, 19.127197 ], [ -100.151367, 19.160156 ], [ -100.151367, 19.204102 ], [ -100.140381, 19.237061 ], [ -100.118408, 19.259033 ], [ -100.096436, 19.324951 ], [ -100.074463, 19.346924 ], [ -100.074463, 19.368896 ], [ -100.107422, 19.379883 ], [ -100.151367, 19.379883 ], [ -100.184326, 19.390869 ], [ -100.206299, 19.412842 ], [ -100.239258, 19.423828 ], [ -100.272217, 19.412842 ], [ -100.294189, 19.390869 ], [ -100.327148, 19.379883 ], [ -100.371094, 19.379883 ], [ -100.404053, 19.390869 ], [ -100.415039, 19.423828 ], [ -100.409546, 19.456787 ], [ -100.376587, 19.47876 ] ] ] } },
{ "type": "Feature", "properties": { "fid": 20, "id": 1, "origin_id": 8, "range": 3600, "metric": "time", "mode": "car", "traffic": "disabled", "timestamp": null, "type": "fast" }, "geometry": { "type": "Polygon", "coordinates": [ [ [ -100.057983, 19.423828 ], [ -100.030518, 19.412842 ], [ -100.008545, 19.390869 ], [ -99.986572, 19.390869 ], [ -99.9646, 19.456787 ], [ -99.931641, 19.467773 ], [ -99.887695, 19.467773 ], [ -99.854736, 19.456787 ], [ -99.832764, 19.434814 ], [ -99.799805, 19.423828 ], [ -99.766846, 19.434814 ], [ -99.766846, 19.456787 ], [ -99.788818, 19.47876 ], [ -99.799805, 19.511719 ], [ -99.799805, 19.599609 ], [ -99.810791, 19.632568 ], [ -99.832764, 19.654541 ], [ -99.84375, 19.6875 ], [ -99.832764, 19.720459 ], [ -99.810791, 19.720459 ], [ -99.788818, 19.698486 ], [ -99.7229, 19.676514 ], [ -99.711914, 19.643555 ], [ -99.711914, 19.511719 ], [ -99.700928, 19.47876 ], [ -99.667969, 19.467773 ], [ -99.624023, 19.467773 ], [ -99.591064, 19.456787 ], [ -99.569092, 19.434814 ], [ -99.547119, 19.434814 ], [ -99.525146, 19.456787 ], [ -99.492188, 19.467773 ], [ -99.404297, 19.467773 ], [ -99.371338, 19.47876 ], [ -99.327393, 19.522705 ], [ -99.316406, 19.555664 ], [ -99.316406, 19.599609 ], [ -99.30542, 19.632568 ], [ -99.239502, 19.654541 ], [ -99.217529, 19.676514 ], [ -99.195557, 19.676514 ], [ -99.18457, 19.643555 ], [ -99.18457, 19.555664 ], [ -99.173584, 19.522705 ], [ -99.107666, 19.500732 ], [ -99.085693, 19.434814 ], [ -99.063721, 19.412842 ], [ -99.063721, 19.390869 ], [ -99.085693, 19.368896 ], [ -99.085693, 19.346924 ], [ -99.063721, 19.324951 ], [ -99.052734, 19.291992 ], [ -99.063721, 19.259033 ], [ -99.129639, 19.237061 ], [ -99.151611, 19.215088 ], [ -99.173584, 19.215088 ], [ -99.239502, 19.281006 ], [ -99.272461, 19.291992 ], [ -99.30542, 19.281006 ], [ -99.327393, 19.215088 ], [ -99.349365, 19.193115 ], [ -99.360352, 19.160156 ], [ -99.349365, 19.127197 ], [ -99.283447, 19.105225 ], [ -99.272461, 19.072266 ], [ -99.283447, 19.039307 ], [ -99.316406, 19.02832 ], [ -99.404297, 19.02832 ], [ -99.437256, 19.039307 ], [ -99.459229, 19.061279 ], [ -99.481201, 19.061279 ], [ -99.503174, 18.995361 ], [ -99.569092, 18.929443 ], [ -99.591064, 18.863525 ], [ -99.613037, 18.841553 ], [ -99.613037, 18.81958 ], [ -99.591064, 18.797607 ], [ -99.580078, 18.764648 ], [ -99.580078, 18.720703 ], [ -99.591064, 18.687744 ], [ -99.613037, 18.687744 ], [ -99.700928, 18.775635 ], [ -99.711914, 18.808594 ], [ -99.711914, 19.160156 ], [ -99.7229, 19.193115 ], [ -99.755859, 19.204102 ], [ -99.788818, 19.193115 ], [ -99.854736, 19.127197 ], [ -99.887695, 19.116211 ], [ -99.920654, 19.127197 ], [ -99.931641, 19.160156 ], [ -99.920654, 19.193115 ], [ -99.876709, 19.237061 ], [ -99.810791, 19.259033 ], [ -99.810791, 19.281006 ], [ -99.854736, 19.324951 ], [ -99.887695, 19.335938 ], [ -99.931641, 19.335938 ], [ -99.9646, 19.324951 ], [ -99.986572, 19.259033 ], [ -100.019531, 19.248047 ], [ -100.05249, 19.259033 ], [ -100.063477, 19.291992 ], [ -100.063477, 19.335938 ], [ -100.074463, 19.368896 ], [ -100.096436, 19.390869 ], [ -100.101929, 19.412842 ], [ -100.085449, 19.423828 ], [ -100.057983, 19.423828 ] ] ] } },
{ "type": "Feature", "properties": { "fid": 21, "id": 2, "origin_id": 8, "range": 1800, "metric": "time", "mode": "car", "traffic": "disabled", "timestamp": null, "type": "fast" }, "geometry": { "type": "Polygon", "coordinates": [ [ [ -99.706421, 19.335938 ], [ -99.667969, 19.335938 ], [ -99.63501, 19.346924 ], [ -99.63501, 19.368896 ], [ -99.656982, 19.390869 ], [ -99.667969, 19.423828 ], [ -99.656982, 19.456787 ], [ -99.624023, 19.467773 ], [ -99.591064, 19.456787 ], [ -99.569092, 19.434814 ], [ -99.536133, 19.423828 ], [ -99.448242, 19.423828 ], [ -99.415283, 19.412842 ], [ -99.393311, 19.346924 ], [ -99.327393, 19.324951 ], [ -99.316406, 19.291992 ], [ -99.327393, 19.259033 ], [ -99.393311, 19.237061 ], [ -99.404297, 19.204102 ], [ -99.404297, 19.160156 ], [ -99.415283, 19.127197 ], [ -99.547119, 18.995361 ], [ -99.613037, 18.973389 ], [ -99.624023, 18.94043 ], [ -99.624023, 18.896484 ], [ -99.63501, 18.863525 ], [ -99.667969, 18.852539 ], [ -99.700928, 18.863525 ], [ -99.711914, 18.896484 ], [ -99.711914, 19.160156 ], [ -99.7229, 19.193115 ], [ -99.744873, 19.215088 ], [ -99.755859, 19.248047 ], [ -99.755859, 19.291992 ], [ -99.750366, 19.324951 ], [ -99.733887, 19.335938 ], [ -99.706421, 19.335938 ] ] ] } },
{ "type": "Feature", "properties": { "fid": 22, "id": 0, "origin_id": 9, "range": 5400, "metric": "time", "mode": "car", "traffic": "disabled", "timestamp": null, "type": "fast" }, "geometry": { "type": "Polygon", "coordinates": [ [ [ -101.211548, 19.918213 ], [ -101.206055, 19.951172 ], [ -101.195068, 19.984131 ], [ -101.162109, 19.995117 ], [ -101.12915, 19.984131 ], [ -101.063232, 19.918213 ], [ -101.030273, 19.907227 ], [ -100.986328, 19.907227 ], [ -100.953369, 19.918213 ], [ -100.931396, 19.940186 ], [ -100.898438, 19.951172 ], [ -100.854492, 19.951172 ], [ -100.821533, 19.962158 ], [ -100.810547, 19.995117 ], [ -100.821533, 20.028076 ], [ -100.843506, 20.050049 ], [ -100.843506, 20.072021 ], [ -100.810547, 20.083008 ], [ -100.722656, 20.083008 ], [ -100.689697, 20.093994 ], [ -100.667725, 20.115967 ], [ -100.634766, 20.126953 ], [ -100.601807, 20.115967 ], [ -100.579834, 20.050049 ], [ -100.513916, 20.028076 ], [ -100.491943, 20.006104 ], [ -100.426025, 19.984131 ], [ -100.404053, 19.962158 ], [ -100.371094, 19.951172 ], [ -100.327148, 19.951172 ], [ -100.294189, 19.962158 ], [ -100.294189, 19.984131 ], [ -100.360107, 20.006104 ], [ -100.371094, 20.039063 ], [ -100.360107, 20.072021 ], [ -100.327148, 20.083008 ], [ -100.283203, 20.083008 ], [ -100.250244, 20.072021 ], [ -100.228271, 20.050049 ], [ -100.162354, 20.028076 ], [ -100.140381, 20.006104 ], [ -100.118408, 20.006104 ], [ -100.096436, 20.072021 ], [ -100.063477, 20.083008 ], [ -100.030518, 20.072021 ], [ -100.008545, 20.050049 ], [ -99.975586, 20.039063 ], [ -99.942627, 20.050049 ], [ -99.942627, 20.072021 ], [ -99.9646, 20.093994 ], [ -99.975586, 20.126953 ], [ -99.9646, 20.159912 ], [ -99.942627, 20.181885 ], [ -99.942627, 20.203857 ], [ -100.008545, 20.22583 ], [ -100.030518, 20.247803 ], [ -100.063477, 20.258789 ], [ -100.151367, 20.258789 ], [ -100.184326, 20.269775 ], [ -100.206299, 20.291748 ], [ -100.239258, 20.302734 ], [ -100.283203, 20.302734 ], [ -100.316162, 20.313721 ], [ -100.338135, 20.335693 ], [ -100.404053, 20.357666 ], [ -100.447998, 20.401611 ], [ -100.447998, 20.423584 ], [ -100.415039, 20.43457 ], [ -100.371094, 20.43457 ], [ -100.338135, 20.423584 ], [ -100.316162, 20.401611 ], [ -100.283203, 20.390625 ], [ -100.239258, 20.390625 ], [ -100.206299, 20.379639 ], [ -100.184326, 20.357666 ], [ -100.162354, 20.357666 ], [ -100.151367, 20.390625 ], [ -100.151367, 20.43457 ], [ -100.162354, 20.467529 ], [ -100.206299, 20.511475 ], [ -100.239258, 20.522461 ], [ -100.283203, 20.522461 ], [ -100.316162, 20.533447 ], [ -100.327148, 20.566406 ], [ -100.316162, 20.599365 ], [ -100.272217, 20.643311 ], [ -100.250244, 20.643311 ], [ -100.140381, 20.533447 ], [ -100.074463, 20.511475 ], [ -100.05249, 20.489502 ], [ -100.019531, 20.478516 ], [ -99.986572, 20.489502 ], [ -99.920654, 20.55542 ], [ -99.887695, 20.566406 ], [ -99.854736, 20.55542 ], [ -99.84375, 20.522461 ], [ -99.854736, 20.489502 ], [ -99.920654, 20.423584 ], [ -99.931641, 20.390625 ], [ -99.920654, 20.357666 ], [ -99.887695, 20.34668 ], [ -99.755859, 20.34668 ], [ -99.7229, 20.357666 ], [ -99.656982, 20.423584 ], [ -99.63501, 20.423584 ], [ -99.624023, 20.390625 ], [ -99.63501, 20.357666 ], [ -99.744873, 20.247803 ], [ -99.744873, 20.22583 ], [ -99.7229, 20.203857 ], [ -99.700928, 20.137939 ], [ -99.667969, 20.126953 ], [ -99.624023, 20.126953 ], [ -99.591064, 20.115967 ], [ -99.569092, 20.093994 ], [ -99.536133, 20.083008 ], [ -99.503174, 20.093994 ], [ -99.481201, 20.115967 ], [ -99.459229, 20.115967 ], [ -99.437256, 20.093994 ], [ -99.415283, 20.093994 ], [ -99.393311, 20.115967 ], [ -99.360352, 20.126953 ], [ -99.316406, 20.126953 ], [ -99.283447, 20.137939 ], [ -99.272461, 20.170898 ], [ -99.272461, 20.214844 ], [ -99.261475, 20.247803 ], [ -99.195557, 20.269775 ], [ -99.173584, 20.291748 ], [ -99.140625, 20.302734 ], [ -99.107666, 20.291748 ], [ -99.063721, 20.247803 ], [ -99.063721, 20.22583 ], [ -99.09668, 20.214844 ], [ -99.140625, 20.214844 ], [ -99.173584, 20.203857 ], [ -99.18457, 20.170898 ], [ -99.18457, 20.126953 ], [ -99.173584, 20.093994 ], [ -99.085693, 20.006104 ], [ -99.052734, 19.995117 ], [ -99.008789, 19.995117 ], [ -98.97583, 19.984131 ], [ -98.953857, 19.962158 ], [ -98.931885, 19.962158 ], [ -98.865967, 20.028076 ], [ -98.833008, 20.039063 ], [ -98.800049, 20.028076 ], [ -98.778076, 19.962158 ], [ -98.756104, 19.940186 ], [ -98.745117, 19.907227 ], [ -98.756104, 19.874268 ], [ -98.789063, 19.863281 ], [ -98.822021, 19.874268 ], [ -98.843994, 19.89624 ], [ -98.865967, 19.89624 ], [ -98.931885, 19.830322 ], [ -98.953857, 19.830322 ], [ -98.97583, 19.89624 ], [ -99.008789, 19.907227 ], [ -99.052734, 19.907227 ], [ -99.085693, 19.918213 ], [ -99.107666, 19.940186 ], [ -99.173584, 19.962158 ], [ -99.239502, 20.028076 ], [ -99.261475, 20.028076 ], [ -99.30542, 19.984131 ], [ -99.316406, 19.951172 ], [ -99.30542, 19.918213 ], [ -99.261475, 19.874268 ], [ -99.195557, 19.852295 ], [ -99.129639, 19.786377 ], [ -99.09668, 19.775391 ], [ -99.052734, 19.775391 ], [ -99.019775, 19.764404 ], [ -98.97583, 19.720459 ], [ -98.953857, 19.654541 ], [ -98.931885, 19.632568 ], [ -98.931885, 19.610596 ], [ -98.953857, 19.588623 ], [ -98.964844, 19.555664 ], [ -98.964844, 19.511719 ], [ -98.97583, 19.47876 ], [ -99.008789, 19.467773 ], [ -99.041748, 19.47876 ], [ -99.085693, 19.522705 ], [ -99.107666, 19.588623 ], [ -99.129639, 19.588623 ], [ -99.151611, 19.522705 ], [ -99.173584, 19.500732 ], [ -99.173584, 19.47876 ], [ -99.151611, 19.456787 ], [ -99.140625, 19.423828 ], [ -99.140625, 19.379883 ], [ -99.151611, 19.346924 ], [ -99.195557, 19.302979 ], [ -99.228516, 19.291992 ], [ -99.272461, 19.291992 ], [ -99.30542, 19.281006 ], [ -99.415283, 19.171143 ], [ -99.437256, 19.171143 ], [ -99.459229, 19.237061 ], [ -99.481201, 19.237061 ], [ -99.492188, 19.204102 ], [ -99.492188, 19.116211 ], [ -99.503174, 19.083252 ], [ -99.536133, 19.072266 ], [ -99.580078, 19.072266 ], [ -99.613037, 19.061279 ], [ -99.624023, 19.02832 ], [ -99.624023, 18.984375 ], [ -99.63501, 18.951416 ], [ -99.656982, 18.951416 ], [ -99.700928, 18.995361 ], [ -99.700928, 19.017334 ], [ -99.678955, 19.039307 ], [ -99.667969, 19.072266 ], [ -99.667969, 19.116211 ], [ -99.656982, 19.14917 ], [ -99.63501, 19.171143 ], [ -99.63501, 19.193115 ], [ -99.678955, 19.237061 ], [ -99.700928, 19.237061 ], [ -99.7229, 19.215088 ], [ -99.788818, 19.193115 ], [ -99.810791, 19.171143 ], [ -99.84375, 19.160156 ], [ -99.876709, 19.171143 ], [ -99.887695, 19.204102 ], [ -99.876709, 19.237061 ], [ -99.810791, 19.259033 ], [ -99.810791, 19.281006 ], [ -99.854736, 19.324951 ], [ -99.887695, 19.335938 ], [ -99.931641, 19.335938 ], [ -99.9646, 19.324951 ], [ -99.986572, 19.259033 ], [ -100.05249, 19.193115 ], [ -100.05249, 19.171143 ], [ -100.030518, 19.14917 ], [ -100.030518, 19.127197 ], [ -100.063477, 19.116211 ], [ -100.107422, 19.116211 ], [ -100.140381, 19.127197 ], [ -100.151367, 19.160156 ], [ -100.151367, 19.204102 ], [ -100.140381, 19.237061 ], [ -100.118408, 19.259033 ], [ -100.096436, 19.324951 ], [ -100.074463, 19.346924 ], [ -100.074463, 19.368896 ], [ -100.107422, 19.379883 ], [ -100.151367, 19.379883 ], [ -100.184326, 19.390869 ], [ -100.206299, 19.412842 ], [ -100.239258, 19.423828 ], [ -100.272217, 19.412842 ], [ -100.294189, 19.390869 ], [ -100.327148, 19.379883 ], [ -100.360107, 19.390869 ], [ -100.404053, 19.434814 ], [ -100.404053, 19.456787 ], [ -100.371094, 19.467773 ], [ -100.151367, 19.467773 ], [ -100.118408, 19.456787 ], [ -100.096436, 19.434814 ], [ -100.074463, 19.434814 ], [ -100.05249, 19.456787 ], [ -100.019531, 19.467773 ], [ -99.931641, 19.467773 ], [ -99.898682, 19.47876 ], [ -99.898682, 19.500732 ], [ -99.942627, 19.544678 ], [ -99.975586, 19.555664 ], [ -100.008545, 19.544678 ], [ -100.030518, 19.522705 ], [ -100.063477, 19.511719 ], [ -100.096436, 19.522705 ], [ -100.118408, 19.588623 ], [ -100.140381, 19.610596 ], [ -100.151367, 19.643555 ], [ -100.151367, 19.6875 ], [ -100.162354, 19.720459 ], [ -100.195313, 19.731445 ], [ -100.283203, 19.731445 ], [ -100.316162, 19.742432 ], [ -100.38208, 19.80835 ], [ -100.415039, 19.819336 ], [ -100.458984, 19.819336 ], [ -100.491943, 19.830322 ], [ -100.513916, 19.852295 ], [ -100.546875, 19.863281 ], [ -100.634766, 19.863281 ], [ -100.667725, 19.852295 ], [ -100.689697, 19.830322 ], [ -100.722656, 19.819336 ], [ -100.942383, 19.819336 ], [ -100.975342, 19.80835 ], [ -101.04126, 19.742432 ], [ -101.074219, 19.731445 ], [ -101.107178, 19.742432 ], [ -101.12915, 19.775391 ], [ -101.151123, 19.819336 ], [ -101.173096, 19.852295 ], [ -101.239014, 19.874268 ], [ -101.244507, 19.89624 ], [ -101.211548, 19.918213 ] ] ] } },
{ "type": "Feature", "properties": { "fid": 23, "id": 1, "origin_id": 9, "range": 3600, "metric": "time", "mode": "car", "traffic": "disabled", "timestamp": null, "type": "fast" }, "geometry": { "type": "Polygon", "coordinates": [ [ [ -100.684204, 19.918213 ], [ -100.667725, 19.940186 ], [ -100.634766, 19.951172 ], [ -100.59082, 19.951172 ], [ -100.557861, 19.962158 ], [ -100.557861, 19.984131 ], [ -100.579834, 20.006104 ], [ -100.579834, 20.028076 ], [ -100.546875, 20.039063 ], [ -100.513916, 20.028076 ], [ -100.491943, 20.006104 ], [ -100.426025, 19.984131 ], [ -100.404053, 19.962158 ], [ -100.371094, 19.951172 ], [ -100.327148, 19.951172 ], [ -100.294189, 19.962158 ], [ -100.294189, 19.984131 ], [ -100.360107, 20.006104 ], [ -100.371094, 20.039063 ], [ -100.360107, 20.072021 ], [ -100.327148, 20.083008 ], [ -100.283203, 20.083008 ], [ -100.250244, 20.072021 ], [ -100.228271, 20.050049 ], [ -100.162354, 20.028076 ], [ -100.140381, 20.006104 ], [ -100.118408, 20.006104 ], [ -100.096436, 20.072021 ], [ -100.063477, 20.083008 ], [ -100.030518, 20.072021 ], [ -100.008545, 20.050049 ], [ -99.975586, 20.039063 ], [ -99.942627, 20.050049 ], [ -99.942627, 20.072021 ], [ -99.9646, 20.093994 ], [ -99.975586, 20.126953 ], [ -99.9646, 20.159912 ], [ -99.942627, 20.181885 ], [ -99.942627, 20.203857 ], [ -99.9646, 20.22583 ], [ -99.975586, 20.258789 ], [ -99.975586, 20.302734 ], [ -99.9646, 20.335693 ], [ -99.931641, 20.34668 ], [ -99.898682, 20.335693 ], [ -99.876709, 20.269775 ], [ -99.810791, 20.247803 ], [ -99.788818, 20.22583 ], [ -99.7229, 20.203857 ], [ -99.700928, 20.137939 ], [ -99.667969, 20.126953 ], [ -99.624023, 20.126953 ], [ -99.591064, 20.115967 ], [ -99.569092, 20.093994 ], [ -99.536133, 20.083008 ], [ -99.503174, 20.093994 ], [ -99.481201, 20.115967 ], [ -99.459229, 20.115967 ], [ -99.437256, 20.093994 ], [ -99.415283, 20.093994 ], [ -99.393311, 20.115967 ], [ -99.360352, 20.126953 ], [ -99.316406, 20.126953 ], [ -99.283447, 20.137939 ], [ -99.261475, 20.159912 ], [ -99.228516, 20.170898 ], [ -99.195557, 20.159912 ], [ -99.173584, 20.093994 ], [ -99.151611, 20.072021 ], [ -99.140625, 20.039063 ], [ -99.151611, 20.006104 ], [ -99.18457, 19.995117 ], [ -99.217529, 20.006104 ], [ -99.239502, 20.028076 ], [ -99.272461, 20.039063 ], [ -99.360352, 20.039063 ], [ -99.393311, 20.028076 ], [ -99.393311, 20.006104 ], [ -99.327393, 19.984131 ], [ -99.30542, 19.918213 ], [ -99.195557, 19.80835 ], [ -99.195557, 19.786377 ], [ -99.228516, 19.775391 ], [ -99.261475, 19.786377 ], [ -99.283447, 19.80835 ], [ -99.349365, 19.830322 ], [ -99.415283, 19.89624 ], [ -99.448242, 19.907227 ], [ -99.492188, 19.907227 ], [ -99.525146, 19.89624 ], [ -99.547119, 19.830322 ], [ -99.569092, 19.80835 ], [ -99.569092, 19.786377 ], [ -99.503174, 19.764404 ], [ -99.492188, 19.731445 ], [ -99.503174, 19.698486 ], [ -99.569092, 19.676514 ], [ -99.580078, 19.643555 ], [ -99.569092, 19.610596 ], [ -99.547119, 19.588623 ], [ -99.547119, 19.56665 ], [ -99.569092, 19.544678 ], [ -99.580078, 19.511719 ], [ -99.569092, 19.47876 ], [ -99.481201, 19.390869 ], [ -99.415283, 19.368896 ], [ -99.415283, 19.346924 ], [ -99.437256, 19.324951 ], [ -99.459229, 19.259033 ], [ -99.503174, 19.215088 ], [ -99.525146, 19.215088 ], [ -99.547119, 19.237061 ], [ -99.580078, 19.248047 ], [ -99.755859, 19.248047 ], [ -99.788818, 19.259033 ], [ -99.854736, 19.324951 ], [ -99.887695, 19.335938 ], [ -99.931641, 19.335938 ], [ -99.9646, 19.324951 ], [ -99.986572, 19.259033 ], [ -100.019531, 19.248047 ], [ -100.05249, 19.259033 ], [ -100.063477, 19.291992 ], [ -100.063477, 19.335938 ], [ -100.074463, 19.368896 ], [ -100.096436, 19.390869 ], [ -100.096436, 19.412842 ], [ -100.063477, 19.423828 ], [ -100.030518, 19.412842 ], [ -100.008545, 19.390869 ], [ -99.986572, 19.390869 ], [ -99.9646, 19.456787 ], [ -99.898682, 19.47876 ], [ -99.898682, 19.500732 ], [ -99.942627, 19.544678 ], [ -99.975586, 19.555664 ], [ -100.008545, 19.544678 ], [ -100.030518, 19.522705 ], [ -100.063477, 19.511719 ], [ -100.096436, 19.522705 ], [ -100.118408, 19.588623 ], [ -100.140381, 19.610596 ], [ -100.151367, 19.643555 ], [ -100.151367, 19.6875 ], [ -100.162354, 19.720459 ], [ -100.195313, 19.731445 ], [ -100.283203, 19.731445 ], [ -100.327148, 19.742432 ], [ -100.360107, 19.775391 ], [ -100.38208, 19.80835 ], [ -100.415039, 19.819336 ], [ -100.458984, 19.819336 ], [ -100.491943, 19.830322 ], [ -100.513916, 19.852295 ], [ -100.546875, 19.863281 ], [ -100.678711, 19.863281 ], [ -100.71167, 19.874268 ], [ -100.717163, 19.89624 ], [ -100.684204, 19.918213 ] ] ] } },
{ "type": "Feature", "properties": { "fid": 24, "id": 2, "origin_id": 9, "range": 1800, "metric": "time", "mode": "car", "traffic": "disabled", "timestamp": null, "type": "fast" }, "geometry": { "type": "Polygon", "coordinates": [ [ [ -100.200806, 19.918213 ], [ -100.184326, 19.940186 ], [ -100.151367, 19.951172 ], [ -100.118408, 19.940186 ], [ -100.096436, 19.918213 ], [ -100.074463, 19.918213 ], [ -100.05249, 19.940186 ], [ -100.019531, 19.962158 ], [ -99.975586, 19.984131 ], [ -99.942627, 20.006104 ], [ -99.920654, 20.028076 ], [ -99.887695, 20.039063 ], [ -99.854736, 20.028076 ], [ -99.832764, 20.006104 ], [ -99.799805, 19.995117 ], [ -99.624023, 19.995117 ], [ -99.591064, 19.984131 ], [ -99.580078, 19.951172 ], [ -99.591064, 19.918213 ], [ -99.624023, 19.907227 ], [ -99.711914, 19.907227 ], [ -99.744873, 19.89624 ], [ -99.744873, 19.874268 ], [ -99.678955, 19.852295 ], [ -99.667969, 19.819336 ], [ -99.667969, 19.599609 ], [ -99.678955, 19.56665 ], [ -99.700928, 19.544678 ], [ -99.711914, 19.511719 ], [ -99.711914, 19.467773 ], [ -99.7229, 19.434814 ], [ -99.744873, 19.434814 ], [ -99.898682, 19.588623 ], [ -99.9646, 19.610596 ], [ -99.986572, 19.632568 ], [ -100.05249, 19.654541 ], [ -100.063477, 19.6875 ], [ -100.063477, 19.731445 ], [ -100.074463, 19.764404 ], [ -100.118408, 19.80835 ], [ -100.184326, 19.830322 ], [ -100.228271, 19.874268 ], [ -100.233765, 19.89624 ], [ -100.200806, 19.918213 ] ] ] } },
{ "type": "Feature", "properties": { "fid": 25, "id": 0, "origin_id": 10, "range": 5400, "metric": "time", "mode": "car", "traffic": "disabled", "timestamp": null, "type": "fast" }, "geometry": { "type": "Polygon", "coordinates": [ [ [ -99.838257, 19.951172 ], [ -99.810791, 19.962158 ], [ -99.788818, 19.984131 ], [ -99.755859, 19.995117 ], [ -99.667969, 19.995117 ], [ -99.63501, 20.006104 ], [ -99.63501, 20.028076 ], [ -99.700928, 20.050049 ], [ -99.832764, 20.181885 ], [ -99.832764, 20.203857 ], [ -99.788818, 20.247803 ], [ -99.766846, 20.247803 ], [ -99.7229, 20.203857 ], [ -99.700928, 20.137939 ], [ -99.667969, 20.126953 ], [ -99.624023, 20.126953 ], [ -99.591064, 20.115967 ], [ -99.525146, 20.050049 ], [ -99.503174, 20.050049 ], [ -99.481201, 20.072021 ], [ -99.415283, 20.093994 ], [ -99.393311, 20.115967 ], [ -99.360352, 20.126953 ], [ -99.316406, 20.126953 ], [ -99.283447, 20.137939 ], [ -99.272461, 20.170898 ], [ -99.272461, 20.214844 ], [ -99.261475, 20.247803 ], [ -99.228516, 20.258789 ], [ -99.195557, 20.247803 ], [ -99.18457, 20.214844 ], [ -99.18457, 20.126953 ], [ -99.173584, 20.093994 ], [ -99.085693, 20.006104 ], [ -99.052734, 19.995117 ], [ -99.008789, 19.995117 ], [ -98.97583, 19.984131 ], [ -98.953857, 19.962158 ], [ -98.931885, 19.962158 ], [ -98.843994, 20.050049 ], [ -98.843994, 20.072021 ], [ -98.909912, 20.093994 ], [ -98.931885, 20.159912 ], [ -98.997803, 20.22583 ], [ -99.008789, 20.258789 ], [ -99.008789, 20.302734 ], [ -98.997803, 20.335693 ], [ -98.97583, 20.335693 ], [ -98.887939, 20.247803 ], [ -98.865967, 20.181885 ], [ -98.833008, 20.170898 ], [ -98.745117, 20.170898 ], [ -98.712158, 20.181885 ], [ -98.668213, 20.22583 ], [ -98.668213, 20.247803 ], [ -98.690186, 20.269775 ], [ -98.690186, 20.291748 ], [ -98.657227, 20.302734 ], [ -98.624268, 20.291748 ], [ -98.613281, 20.258789 ], [ -98.613281, 20.170898 ], [ -98.624268, 20.137939 ], [ -98.64624, 20.115967 ], [ -98.64624, 20.093994 ], [ -98.613281, 20.083008 ], [ -98.525391, 20.083008 ], [ -98.492432, 20.093994 ], [ -98.470459, 20.115967 ], [ -98.404541, 20.137939 ], [ -98.360596, 20.181885 ], [ -98.338623, 20.247803 ], [ -98.31665, 20.247803 ], [ -98.294678, 20.22583 ], [ -98.22876, 20.203857 ], [ -98.206787, 20.181885 ], [ -98.173828, 20.170898 ], [ -98.085938, 20.170898 ], [ -98.052979, 20.181885 ], [ -98.031006, 20.203857 ], [ -98.009033, 20.203857 ], [ -97.998047, 20.170898 ], [ -97.998047, 20.126953 ], [ -98.009033, 20.093994 ], [ -98.031006, 20.093994 ], [ -98.052979, 20.115967 ], [ -98.074951, 20.115967 ], [ -98.085938, 20.083008 ], [ -98.085938, 20.039063 ], [ -98.096924, 20.006104 ], [ -98.118896, 20.006104 ], [ -98.184814, 20.072021 ], [ -98.217773, 20.083008 ], [ -98.305664, 20.083008 ], [ -98.338623, 20.072021 ], [ -98.360596, 20.050049 ], [ -98.426514, 20.028076 ], [ -98.55835, 19.89624 ], [ -98.569336, 19.863281 ], [ -98.55835, 19.830322 ], [ -98.536377, 19.80835 ], [ -98.525391, 19.775391 ], [ -98.525391, 19.731445 ], [ -98.514404, 19.698486 ], [ -98.492432, 19.676514 ], [ -98.481445, 19.643555 ], [ -98.481445, 19.599609 ], [ -98.470459, 19.56665 ], [ -98.4375, 19.555664 ], [ -98.393555, 19.555664 ], [ -98.360596, 19.544678 ], [ -98.338623, 19.522705 ], [ -98.305664, 19.511719 ], [ -98.261719, 19.511719 ], [ -98.22876, 19.500732 ], [ -98.206787, 19.47876 ], [ -98.173828, 19.467773 ], [ -98.129883, 19.467773 ], [ -98.096924, 19.456787 ], [ -98.052979, 19.412842 ], [ -98.052979, 19.390869 ], [ -98.096924, 19.346924 ], [ -98.162842, 19.324951 ], [ -98.22876, 19.259033 ], [ -98.261719, 19.237061 ], [ -98.283691, 19.215088 ], [ -98.272705, 19.193115 ], [ -98.22876, 19.14917 ], [ -98.22876, 19.127197 ], [ -98.261719, 19.116211 ], [ -98.305664, 19.116211 ], [ -98.338623, 19.105225 ], [ -98.360596, 19.083252 ], [ -98.382568, 19.083252 ], [ -98.470459, 19.171143 ], [ -98.492432, 19.237061 ], [ -98.536377, 19.281006 ], [ -98.602295, 19.302979 ], [ -98.624268, 19.324951 ], [ -98.64624, 19.324951 ], [ -98.712158, 19.259033 ], [ -98.778076, 19.237061 ], [ -98.778076, 19.215088 ], [ -98.756104, 19.193115 ], [ -98.745117, 19.160156 ], [ -98.745117, 19.072266 ], [ -98.756104, 19.039307 ], [ -98.822021, 18.973389 ], [ -98.843994, 18.907471 ], [ -98.887939, 18.863525 ], [ -98.920898, 18.852539 ], [ -98.953857, 18.863525 ], [ -98.964844, 18.896484 ], [ -98.953857, 18.929443 ], [ -98.931885, 18.951416 ], [ -98.909912, 19.017334 ], [ -98.843994, 19.083252 ], [ -98.833008, 19.116211 ], [ -98.843994, 19.14917 ], [ -98.931885, 19.237061 ], [ -98.964844, 19.248047 ], [ -98.997803, 19.237061 ], [ -99.019775, 19.171143 ], [ -99.052734, 19.160156 ], [ -99.09668, 19.160156 ], [ -99.129639, 19.14917 ], [ -99.140625, 19.116211 ], [ -99.140625, 19.02832 ], [ -99.151611, 18.995361 ], [ -99.18457, 18.984375 ], [ -99.228516, 18.984375 ], [ -99.261475, 18.995361 ], [ -99.272461, 19.02832 ], [ -99.272461, 19.072266 ], [ -99.261475, 19.105225 ], [ -99.195557, 19.171143 ], [ -99.195557, 19.193115 ], [ -99.217529, 19.215088 ], [ -99.239502, 19.281006 ], [ -99.272461, 19.291992 ], [ -99.30542, 19.281006 ], [ -99.327393, 19.215088 ], [ -99.360352, 19.204102 ], [ -99.404297, 19.204102 ], [ -99.437256, 19.215088 ], [ -99.459229, 19.237061 ], [ -99.481201, 19.237061 ], [ -99.503174, 19.171143 ], [ -99.536133, 19.160156 ], [ -99.569092, 19.171143 ], [ -99.591064, 19.237061 ], [ -99.656982, 19.259033 ], [ -99.667969, 19.291992 ], [ -99.656982, 19.324951 ], [ -99.63501, 19.346924 ], [ -99.613037, 19.412842 ], [ -99.580078, 19.423828 ], [ -99.536133, 19.423828 ], [ -99.503174, 19.412842 ], [ -99.481201, 19.390869 ], [ -99.459229, 19.390869 ], [ -99.437256, 19.456787 ], [ -99.371338, 19.47876 ], [ -99.327393, 19.522705 ], [ -99.316406, 19.555664 ], [ -99.327393, 19.588623 ], [ -99.360352, 19.599609 ], [ -99.404297, 19.599609 ], [ -99.437256, 19.610596 ], [ -99.448242, 19.643555 ], [ -99.437256, 19.676514 ], [ -99.393311, 19.720459 ], [ -99.360352, 19.731445 ], [ -99.316406, 19.731445 ], [ -99.283447, 19.742432 ], [ -99.272461, 19.775391 ], [ -99.283447, 19.80835 ], [ -99.349365, 19.830322 ], [ -99.459229, 19.940186 ], [ -99.492188, 19.951172 ], [ -99.525146, 19.940186 ], [ -99.547119, 19.918213 ], [ -99.580078, 19.907227 ], [ -99.84375, 19.907227 ], [ -99.876709, 19.918213 ], [ -99.882202, 19.940186 ], [ -99.865723, 19.951172 ], [ -99.838257, 19.951172 ] ] ] } },
{ "type": "Feature", "properties": { "fid": 26, "id": 1, "origin_id": 10, "range": 3600, "metric": "time", "mode": "car", "traffic": "disabled", "timestamp": null, "type": "fast" }, "geometry": { "type": "Polygon", "coordinates": [ [ [ -99.398804, 19.995117 ], [ -99.360352, 19.995117 ], [ -99.327393, 19.984131 ], [ -99.30542, 19.918213 ], [ -99.261475, 19.874268 ], [ -99.195557, 19.852295 ], [ -99.129639, 19.786377 ], [ -99.09668, 19.775391 ], [ -99.052734, 19.775391 ], [ -99.019775, 19.786377 ], [ -99.008789, 19.819336 ], [ -99.008789, 19.863281 ], [ -99.019775, 19.89624 ], [ -99.085693, 19.918213 ], [ -99.107666, 19.940186 ], [ -99.173584, 19.962158 ], [ -99.18457, 19.995117 ], [ -99.173584, 20.028076 ], [ -99.140625, 20.039063 ], [ -99.107666, 20.028076 ], [ -99.085693, 20.006104 ], [ -99.052734, 19.995117 ], [ -99.008789, 19.995117 ], [ -98.97583, 19.984131 ], [ -98.953857, 19.962158 ], [ -98.931885, 19.962158 ], [ -98.843994, 20.050049 ], [ -98.833008, 20.083008 ], [ -98.833008, 20.126953 ], [ -98.822021, 20.159912 ], [ -98.789063, 20.170898 ], [ -98.745117, 20.170898 ], [ -98.712158, 20.159912 ], [ -98.668213, 20.115967 ], [ -98.657227, 20.083008 ], [ -98.657227, 19.995117 ], [ -98.64624, 19.962158 ], [ -98.613281, 19.951172 ], [ -98.580322, 19.962158 ], [ -98.536377, 20.006104 ], [ -98.514404, 20.072021 ], [ -98.470459, 20.115967 ], [ -98.404541, 20.137939 ], [ -98.382568, 20.159912 ], [ -98.360596, 20.159912 ], [ -98.349609, 20.126953 ], [ -98.349609, 20.083008 ], [ -98.360596, 20.050049 ], [ -98.426514, 20.028076 ], [ -98.55835, 19.89624 ], [ -98.569336, 19.863281 ], [ -98.55835, 19.830322 ], [ -98.536377, 19.80835 ], [ -98.525391, 19.775391 ], [ -98.525391, 19.731445 ], [ -98.514404, 19.698486 ], [ -98.492432, 19.676514 ], [ -98.481445, 19.643555 ], [ -98.481445, 19.599609 ], [ -98.470459, 19.56665 ], [ -98.404541, 19.544678 ], [ -98.393555, 19.511719 ], [ -98.404541, 19.47876 ], [ -98.448486, 19.434814 ], [ -98.470459, 19.434814 ], [ -98.514404, 19.47876 ], [ -98.536377, 19.544678 ], [ -98.569336, 19.555664 ], [ -98.613281, 19.555664 ], [ -98.64624, 19.544678 ], [ -98.668213, 19.522705 ], [ -98.734131, 19.500732 ], [ -98.822021, 19.412842 ], [ -98.822021, 19.390869 ], [ -98.789063, 19.379883 ], [ -98.657227, 19.379883 ], [ -98.624268, 19.368896 ], [ -98.624268, 19.346924 ], [ -98.712158, 19.259033 ], [ -98.778076, 19.237061 ], [ -98.778076, 19.215088 ], [ -98.756104, 19.193115 ], [ -98.745117, 19.160156 ], [ -98.756104, 19.127197 ], [ -98.789063, 19.116211 ], [ -98.822021, 19.127197 ], [ -98.931885, 19.237061 ], [ -98.964844, 19.248047 ], [ -99.140625, 19.248047 ], [ -99.173584, 19.259033 ], [ -99.239502, 19.324951 ], [ -99.30542, 19.346924 ], [ -99.30542, 19.368896 ], [ -99.283447, 19.390869 ], [ -99.283447, 19.412842 ], [ -99.349365, 19.434814 ], [ -99.360352, 19.467773 ], [ -99.349365, 19.500732 ], [ -99.327393, 19.522705 ], [ -99.316406, 19.555664 ], [ -99.316406, 19.599609 ], [ -99.30542, 19.632568 ], [ -99.239502, 19.654541 ], [ -99.239502, 19.676514 ], [ -99.261475, 19.698486 ], [ -99.272461, 19.731445 ], [ -99.272461, 19.775391 ], [ -99.283447, 19.80835 ], [ -99.349365, 19.830322 ], [ -99.437256, 19.918213 ], [ -99.448242, 19.951172 ], [ -99.442749, 19.984131 ], [ -99.42627, 19.995117 ], [ -99.398804, 19.995117 ] ] ] } },
{ "type": "Feature", "properties": { "fid": 27, "id": 2, "origin_id": 10, "range": 1800, "metric": "time", "mode": "car", "traffic": "disabled", "timestamp": null, "type": "fast" }, "geometry": { "type": "Polygon", "coordinates": [ [ [ -99.091187, 19.731445 ], [ -99.008789, 19.731445 ], [ -98.97583, 19.742432 ], [ -98.953857, 19.764404 ], [ -98.931885, 19.764404 ], [ -98.909912, 19.742432 ], [ -98.887939, 19.742432 ], [ -98.865967, 19.764404 ], [ -98.800049, 19.786377 ], [ -98.734131, 19.852295 ], [ -98.701172, 19.863281 ], [ -98.668213, 19.852295 ], [ -98.657227, 19.819336 ], [ -98.668213, 19.786377 ], [ -98.690186, 19.764404 ], [ -98.712158, 19.698486 ], [ -98.734131, 19.676514 ], [ -98.745117, 19.643555 ], [ -98.734131, 19.610596 ], [ -98.668213, 19.588623 ], [ -98.657227, 19.555664 ], [ -98.668213, 19.522705 ], [ -98.734131, 19.500732 ], [ -98.822021, 19.412842 ], [ -98.843994, 19.346924 ], [ -98.865967, 19.346924 ], [ -98.887939, 19.368896 ], [ -98.909912, 19.368896 ], [ -98.931885, 19.346924 ], [ -98.953857, 19.346924 ], [ -98.97583, 19.412842 ], [ -98.997803, 19.412842 ], [ -99.019775, 19.390869 ], [ -99.052734, 19.379883 ], [ -99.085693, 19.390869 ], [ -99.107666, 19.456787 ], [ -99.129639, 19.47876 ], [ -99.140625, 19.511719 ], [ -99.129639, 19.544678 ], [ -99.107666, 19.56665 ], [ -99.107666, 19.588623 ], [ -99.129639, 19.610596 ], [ -99.129639, 19.632568 ], [ -99.107666, 19.654541 ], [ -99.107666, 19.676514 ], [ -99.129639, 19.698486 ], [ -99.135132, 19.720459 ], [ -99.118652, 19.731445 ], [ -99.091187, 19.731445 ] ] ] } },
{ "type": "Feature", "properties": { "fid": 28, "id": 0, "origin_id": 11, "range": 5400, "metric": "time", "mode": "car", "traffic": "disabled", "timestamp": null, "type": "fast" }, "geometry": { "type": "Polygon", "coordinates": [ [ [ -99.102173, 19.434814 ], [ -99.085693, 19.456787 ], [ -99.052734, 19.467773 ], [ -98.876953, 19.467773 ], [ -98.843994, 19.456787 ], [ -98.822021, 19.390869 ], [ -98.789063, 19.379883 ], [ -98.569336, 19.379883 ], [ -98.525391, 19.390869 ], [ -98.492432, 19.423828 ], [ -98.492432, 19.456787 ], [ -98.514404, 19.47876 ], [ -98.536377, 19.544678 ], [ -98.569336, 19.555664 ], [ -98.613281, 19.555664 ], [ -98.64624, 19.544678 ], [ -98.668213, 19.522705 ], [ -98.701172, 19.511719 ], [ -98.876953, 19.511719 ], [ -98.909912, 19.522705 ], [ -98.909912, 19.544678 ], [ -98.843994, 19.56665 ], [ -98.822021, 19.588623 ], [ -98.789063, 19.599609 ], [ -98.701172, 19.599609 ], [ -98.668213, 19.610596 ], [ -98.624268, 19.654541 ], [ -98.624268, 19.676514 ], [ -98.64624, 19.698486 ], [ -98.668213, 19.764404 ], [ -98.690186, 19.764404 ], [ -98.800049, 19.654541 ], [ -98.865967, 19.632568 ], [ -98.887939, 19.610596 ], [ -98.909912, 19.610596 ], [ -98.920898, 19.643555 ], [ -98.909912, 19.676514 ], [ -98.800049, 19.786377 ], [ -98.789063, 19.819336 ], [ -98.800049, 19.852295 ], [ -98.843994, 19.89624 ], [ -98.865967, 19.89624 ], [ -98.887939, 19.874268 ], [ -98.920898, 19.863281 ], [ -98.953857, 19.874268 ], [ -98.964844, 19.907227 ], [ -98.953857, 19.940186 ], [ -98.909912, 19.984131 ], [ -98.876953, 19.995117 ], [ -98.843994, 19.984131 ], [ -98.822021, 19.962158 ], [ -98.789063, 19.951172 ], [ -98.756104, 19.962158 ], [ -98.745117, 19.995117 ], [ -98.745117, 20.039063 ], [ -98.734131, 20.072021 ], [ -98.712158, 20.072021 ], [ -98.668213, 20.028076 ], [ -98.64624, 19.962158 ], [ -98.613281, 19.951172 ], [ -98.580322, 19.962158 ], [ -98.514404, 20.028076 ], [ -98.492432, 20.028076 ], [ -98.481445, 19.995117 ], [ -98.492432, 19.962158 ], [ -98.55835, 19.89624 ], [ -98.569336, 19.863281 ], [ -98.55835, 19.830322 ], [ -98.536377, 19.80835 ], [ -98.525391, 19.775391 ], [ -98.525391, 19.731445 ], [ -98.514404, 19.698486 ], [ -98.492432, 19.676514 ], [ -98.481445, 19.643555 ], [ -98.481445, 19.599609 ], [ -98.470459, 19.56665 ], [ -98.4375, 19.555664 ], [ -98.393555, 19.555664 ], [ -98.360596, 19.544678 ], [ -98.338623, 19.522705 ], [ -98.305664, 19.511719 ], [ -98.261719, 19.511719 ], [ -98.22876, 19.500732 ], [ -98.206787, 19.47876 ], [ -98.173828, 19.467773 ], [ -98.140869, 19.47876 ], [ -98.140869, 19.500732 ], [ -98.162842, 19.522705 ], [ -98.173828, 19.555664 ], [ -98.173828, 19.599609 ], [ -98.184814, 19.632568 ], [ -98.206787, 19.654541 ], [ -98.217773, 19.6875 ], [ -98.206787, 19.720459 ], [ -98.184814, 19.742432 ], [ -98.162842, 19.80835 ], [ -98.129883, 19.819336 ], [ -98.085938, 19.819336 ], [ -98.052979, 19.80835 ], [ -98.052979, 19.786377 ], [ -98.074951, 19.764404 ], [ -98.074951, 19.742432 ], [ -98.052979, 19.720459 ], [ -98.041992, 19.6875 ], [ -98.052979, 19.654541 ], [ -98.074951, 19.632568 ], [ -98.085938, 19.599609 ], [ -98.085938, 19.467773 ], [ -98.074951, 19.434814 ], [ -98.009033, 19.412842 ], [ -97.987061, 19.390869 ], [ -97.921143, 19.368896 ], [ -97.89917, 19.346924 ], [ -97.866211, 19.335938 ], [ -97.833252, 19.346924 ], [ -97.811279, 19.368896 ], [ -97.745361, 19.390869 ], [ -97.734375, 19.423828 ], [ -97.734375, 19.467773 ], [ -97.723389, 19.500732 ], [ -97.657471, 19.56665 ], [ -97.646484, 19.599609 ], [ -97.646484, 19.731445 ], [ -97.635498, 19.764404 ], [ -97.591553, 19.80835 ], [ -97.558594, 19.819336 ], [ -97.470703, 19.819336 ], [ -97.437744, 19.830322 ], [ -97.415771, 19.852295 ], [ -97.382813, 19.863281 ], [ -97.349854, 19.852295 ], [ -97.338867, 19.819336 ], [ -97.349854, 19.786377 ], [ -97.382813, 19.775391 ], [ -97.426758, 19.775391 ], [ -97.459717, 19.764404 ], [ -97.547607, 19.676514 ], [ -97.558594, 19.643555 ], [ -97.558594, 19.599609 ], [ -97.56958, 19.56665 ], [ -97.591553, 19.544678 ], [ -97.591553, 19.522705 ], [ -97.558594, 19.511719 ], [ -97.525635, 19.522705 ], [ -97.503662, 19.544678 ], [ -97.470703, 19.555664 ], [ -97.426758, 19.555664 ], [ -97.393799, 19.56665 ], [ -97.371826, 19.588623 ], [ -97.305908, 19.610596 ], [ -97.283936, 19.676514 ], [ -97.250977, 19.6875 ], [ -97.163086, 19.6875 ], [ -97.130127, 19.676514 ], [ -97.086182, 19.632568 ], [ -97.086182, 19.610596 ], [ -97.119141, 19.599609 ], [ -97.163086, 19.599609 ], [ -97.196045, 19.588623 ], [ -97.327881, 19.456787 ], [ -97.349854, 19.390869 ], [ -97.547607, 19.193115 ], [ -97.547607, 19.171143 ], [ -97.437744, 19.061279 ], [ -97.415771, 18.995361 ], [ -97.327881, 18.907471 ], [ -97.294922, 18.896484 ], [ -97.250977, 18.896484 ], [ -97.218018, 18.885498 ], [ -97.196045, 18.863525 ], [ -97.163086, 18.852539 ], [ -97.119141, 18.852539 ], [ -97.086182, 18.841553 ], [ -97.086182, 18.81958 ], [ -97.130127, 18.775635 ], [ -97.163086, 18.764648 ], [ -97.250977, 18.764648 ], [ -97.283936, 18.775635 ], [ -97.305908, 18.797607 ], [ -97.338867, 18.808594 ], [ -97.371826, 18.797607 ], [ -97.382813, 18.764648 ], [ -97.371826, 18.731689 ], [ -97.305908, 18.709717 ], [ -97.294922, 18.676758 ], [ -97.305908, 18.643799 ], [ -97.371826, 18.621826 ], [ -97.393799, 18.555908 ], [ -97.415771, 18.533936 ], [ -97.415771, 18.511963 ], [ -97.393799, 18.48999 ], [ -97.371826, 18.424072 ], [ -97.349854, 18.4021 ], [ -97.338867, 18.369141 ], [ -97.349854, 18.336182 ], [ -97.371826, 18.336182 ], [ -97.393799, 18.358154 ], [ -97.459717, 18.380127 ], [ -97.481689, 18.446045 ], [ -97.547607, 18.511963 ], [ -97.56958, 18.544922 ], [ -97.602539, 18.577881 ], [ -97.635498, 18.599854 ], [ -97.679443, 18.643799 ], [ -97.701416, 18.709717 ], [ -97.723389, 18.731689 ], [ -97.734375, 18.764648 ], [ -97.734375, 18.808594 ], [ -97.745361, 18.841553 ], [ -97.811279, 18.863525 ], [ -97.833252, 18.885498 ], [ -97.89917, 18.907471 ], [ -97.965088, 18.973389 ], [ -97.998047, 18.984375 ], [ -98.031006, 18.973389 ], [ -98.052979, 18.951416 ], [ -98.085938, 18.94043 ], [ -98.305664, 18.94043 ], [ -98.338623, 18.929443 ], [ -98.382568, 18.885498 ], [ -98.404541, 18.81958 ], [ -98.426514, 18.797607 ], [ -98.426514, 18.775635 ], [ -98.404541, 18.753662 ], [ -98.393555, 18.720703 ], [ -98.393555, 18.676758 ], [ -98.404541, 18.643799 ], [ -98.426514, 18.621826 ], [ -98.426514, 18.599854 ], [ -98.404541, 18.577881 ], [ -98.404541, 18.555908 ], [ -98.4375, 18.544922 ], [ -98.525391, 18.544922 ], [ -98.55835, 18.555908 ], [ -98.580322, 18.577881 ], [ -98.613281, 18.588867 ], [ -98.657227, 18.588867 ], [ -98.690186, 18.599854 ], [ -98.712158, 18.621826 ], [ -98.745117, 18.632813 ], [ -99.052734, 18.632813 ], [ -99.085693, 18.643799 ], [ -99.085693, 18.665771 ], [ -99.019775, 18.687744 ], [ -98.997803, 18.709717 ], [ -98.931885, 18.731689 ], [ -98.931885, 18.753662 ], [ -98.953857, 18.775635 ], [ -98.964844, 18.808594 ], [ -98.953857, 18.841553 ], [ -98.920898, 18.852539 ], [ -98.887939, 18.841553 ], [ -98.822021, 18.775635 ], [ -98.800049, 18.775635 ], [ -98.734131, 18.841553 ], [ -98.701172, 18.852539 ], [ -98.613281, 18.852539 ], [ -98.580322, 18.863525 ], [ -98.470459, 18.973389 ], [ -98.404541, 18.995361 ], [ -98.360596, 19.039307 ], [ -98.360596, 19.061279 ], [ -98.470459, 19.171143 ], [ -98.492432, 19.237061 ], [ -98.536377, 19.281006 ], [ -98.602295, 19.302979 ], [ -98.624268, 19.324951 ], [ -98.64624, 19.324951 ], [ -98.712158, 19.259033 ], [ -98.778076, 19.237061 ], [ -98.778076, 19.215088 ], [ -98.756104, 19.193115 ], [ -98.745117, 19.160156 ], [ -98.745117, 19.116211 ], [ -98.756104, 19.083252 ], [ -98.789063, 19.072266 ], [ -98.822021, 19.083252 ], [ -98.843994, 19.14917 ], [ -98.931885, 19.237061 ], [ -98.964844, 19.248047 ], [ -99.008789, 19.248047 ], [ -99.041748, 19.259033 ], [ -99.085693, 19.302979 ], [ -99.107666, 19.368896 ], [ -99.129639, 19.390869 ], [ -99.135132, 19.412842 ], [ -99.102173, 19.434814 ] ] ] } },
{ "type": "Feature", "properties": { "fid": 29, "id": 1, "origin_id": 11, "range": 3600, "metric": "time", "mode": "car", "traffic": "disabled", "timestamp": null, "type": "fast" }, "geometry": { "type": "Polygon", "coordinates": [ [ [ -98.783569, 19.335938 ], [ -98.756104, 19.346924 ], [ -98.734131, 19.368896 ], [ -98.701172, 19.379883 ], [ -98.569336, 19.379883 ], [ -98.525391, 19.390869 ], [ -98.492432, 19.423828 ], [ -98.492432, 19.456787 ], [ -98.514404, 19.47876 ], [ -98.536377, 19.544678 ], [ -98.602295, 19.56665 ], [ -98.613281, 19.599609 ], [ -98.613281, 19.643555 ], [ -98.602295, 19.676514 ], [ -98.569336, 19.6875 ], [ -98.525391, 19.6875 ], [ -98.492432, 19.676514 ], [ -98.481445, 19.643555 ], [ -98.481445, 19.599609 ], [ -98.470459, 19.56665 ], [ -98.4375, 19.555664 ], [ -98.393555, 19.555664 ], [ -98.360596, 19.544678 ], [ -98.338623, 19.522705 ], [ -98.305664, 19.511719 ], [ -98.261719, 19.511719 ], [ -98.22876, 19.500732 ], [ -98.206787, 19.47876 ], [ -98.173828, 19.467773 ], [ -98.140869, 19.47876 ], [ -98.118896, 19.500732 ], [ -98.096924, 19.500732 ], [ -98.074951, 19.434814 ], [ -98.009033, 19.412842 ], [ -97.987061, 19.390869 ], [ -97.921143, 19.368896 ], [ -97.89917, 19.346924 ], [ -97.866211, 19.335938 ], [ -97.833252, 19.346924 ], [ -97.811279, 19.368896 ], [ -97.745361, 19.390869 ], [ -97.734375, 19.423828 ], [ -97.734375, 19.467773 ], [ -97.723389, 19.500732 ], [ -97.679443, 19.544678 ], [ -97.646484, 19.555664 ], [ -97.613525, 19.544678 ], [ -97.591553, 19.522705 ], [ -97.525635, 19.500732 ], [ -97.525635, 19.47876 ], [ -97.591553, 19.412842 ], [ -97.602539, 19.379883 ], [ -97.591553, 19.346924 ], [ -97.56958, 19.324951 ], [ -97.558594, 19.291992 ], [ -97.56958, 19.259033 ], [ -97.602539, 19.248047 ], [ -97.646484, 19.248047 ], [ -97.679443, 19.237061 ], [ -97.69043, 19.204102 ], [ -97.679443, 19.171143 ], [ -97.657471, 19.171143 ], [ -97.635498, 19.193115 ], [ -97.613525, 19.193115 ], [ -97.602539, 19.160156 ], [ -97.602539, 19.116211 ], [ -97.591553, 19.083252 ], [ -97.56958, 19.061279 ], [ -97.56958, 19.039307 ], [ -97.602539, 19.02832 ], [ -97.646484, 19.02832 ], [ -97.679443, 19.017334 ], [ -97.679443, 18.995361 ], [ -97.635498, 18.951416 ], [ -97.602539, 18.94043 ], [ -97.56958, 18.951416 ], [ -97.547607, 18.973389 ], [ -97.525635, 18.973389 ], [ -97.459717, 18.907471 ], [ -97.426758, 18.896484 ], [ -97.382813, 18.896484 ], [ -97.349854, 18.885498 ], [ -97.349854, 18.863525 ], [ -97.393799, 18.81958 ], [ -97.459717, 18.797607 ], [ -97.459717, 18.775635 ], [ -97.437744, 18.753662 ], [ -97.426758, 18.720703 ], [ -97.437744, 18.687744 ], [ -97.470703, 18.676758 ], [ -97.503662, 18.687744 ], [ -97.514648, 18.720703 ], [ -97.514648, 18.764648 ], [ -97.525635, 18.797607 ], [ -97.591553, 18.81958 ], [ -97.657471, 18.885498 ], [ -97.679443, 18.885498 ], [ -97.701416, 18.863525 ], [ -97.734375, 18.852539 ], [ -97.77832, 18.852539 ], [ -97.811279, 18.863525 ], [ -97.833252, 18.885498 ], [ -97.89917, 18.907471 ], [ -97.965088, 18.973389 ], [ -97.998047, 18.984375 ], [ -98.031006, 18.973389 ], [ -98.052979, 18.951416 ], [ -98.085938, 18.94043 ], [ -98.305664, 18.94043 ], [ -98.338623, 18.929443 ], [ -98.382568, 18.885498 ], [ -98.404541, 18.81958 ], [ -98.426514, 18.797607 ], [ -98.448486, 18.731689 ], [ -98.470459, 18.731689 ], [ -98.492432, 18.797607 ], [ -98.525391, 18.808594 ], [ -98.569336, 18.808594 ], [ -98.602295, 18.797607 ], [ -98.624268, 18.775635 ], [ -98.657227, 18.764648 ], [ -98.690186, 18.775635 ], [ -98.701172, 18.808594 ], [ -98.690186, 18.841553 ], [ -98.657227, 18.852539 ], [ -98.613281, 18.852539 ], [ -98.580322, 18.863525 ], [ -98.470459, 18.973389 ], [ -98.404541, 18.995361 ], [ -98.360596, 19.039307 ], [ -98.360596, 19.061279 ], [ -98.470459, 19.171143 ], [ -98.492432, 19.237061 ], [ -98.536377, 19.281006 ], [ -98.602295, 19.302979 ], [ -98.624268, 19.324951 ], [ -98.64624, 19.324951 ], [ -98.712158, 19.259033 ], [ -98.745117, 19.248047 ], [ -98.789063, 19.248047 ], [ -98.822021, 19.259033 ], [ -98.833008, 19.291992 ], [ -98.827515, 19.324951 ], [ -98.811035, 19.335938 ], [ -98.783569, 19.335938 ] ] ] } },
{ "type": "Feature", "properties": { "fid": 30, "id": 2, "origin_id": 11, "range": 1800, "metric": "time", "mode": "car", "traffic": "disabled", "timestamp": null, "type": "fast" }, "geometry": { "type": "Polygon", "coordinates": [ [ [ -98.432007, 19.291992 ], [ -98.393555, 19.291992 ], [ -98.360596, 19.281006 ], [ -98.338623, 19.259033 ], [ -98.31665, 19.259033 ], [ -98.250732, 19.324951 ], [ -98.217773, 19.335938 ], [ -98.184814, 19.324951 ], [ -98.173828, 19.291992 ], [ -98.173828, 19.248047 ], [ -98.162842, 19.215088 ], [ -98.118896, 19.171143 ], [ -98.085938, 19.160156 ], [ -98.041992, 19.160156 ], [ -98.009033, 19.171143 ], [ -97.89917, 19.281006 ], [ -97.877197, 19.281006 ], [ -97.866211, 19.248047 ], [ -97.877197, 19.215088 ], [ -97.89917, 19.193115 ], [ -97.910156, 19.160156 ], [ -97.910156, 19.072266 ], [ -97.89917, 19.039307 ], [ -97.866211, 19.02832 ], [ -97.822266, 19.02832 ], [ -97.789307, 19.017334 ], [ -97.745361, 18.973389 ], [ -97.745361, 18.951416 ], [ -97.77832, 18.94043 ], [ -97.910156, 18.94043 ], [ -97.943115, 18.951416 ], [ -97.965088, 18.973389 ], [ -97.998047, 18.984375 ], [ -98.031006, 18.973389 ], [ -98.052979, 18.951416 ], [ -98.085938, 18.94043 ], [ -98.261719, 18.94043 ], [ -98.294678, 18.951416 ], [ -98.31665, 19.017334 ], [ -98.338623, 19.039307 ], [ -98.360596, 19.105225 ], [ -98.382568, 19.127197 ], [ -98.404541, 19.193115 ], [ -98.470459, 19.259033 ], [ -98.475952, 19.281006 ], [ -98.459473, 19.291992 ], [ -98.432007, 19.291992 ] ] ] } },
{ "type": "Feature", "properties": { "fid": 31, "id": 0, "origin_id": 12, "range": 5400, "metric": "time", "mode": "car", "traffic": "disabled", "timestamp": null, "type": "fast" }, "geometry": { "type": "Polygon", "coordinates": [ [ [ -99.442749, 20.083008 ], [ -99.415283, 20.093994 ], [ -99.393311, 20.115967 ], [ -99.360352, 20.126953 ], [ -99.316406, 20.126953 ], [ -99.283447, 20.137939 ], [ -99.261475, 20.203857 ], [ -99.228516, 20.214844 ], [ -99.195557, 20.203857 ], [ -99.18457, 20.170898 ], [ -99.18457, 20.126953 ], [ -99.173584, 20.093994 ], [ -99.085693, 20.006104 ], [ -99.052734, 19.995117 ], [ -99.008789, 19.995117 ], [ -98.97583, 19.984131 ], [ -98.953857, 19.962158 ], [ -98.931885, 19.962158 ], [ -98.843994, 20.050049 ], [ -98.843994, 20.072021 ], [ -98.909912, 20.093994 ], [ -98.931885, 20.159912 ], [ -98.97583, 20.203857 ], [ -99.008789, 20.214844 ], [ -99.09668, 20.214844 ], [ -99.129639, 20.22583 ], [ -99.129639, 20.247803 ], [ -99.063721, 20.269775 ], [ -99.052734, 20.302734 ], [ -99.063721, 20.335693 ], [ -99.085693, 20.357666 ], [ -99.09668, 20.390625 ], [ -99.085693, 20.423584 ], [ -99.063721, 20.423584 ], [ -98.887939, 20.247803 ], [ -98.865967, 20.181885 ], [ -98.833008, 20.170898 ], [ -98.789063, 20.170898 ], [ -98.756104, 20.181885 ], [ -98.734131, 20.203857 ], [ -98.668213, 20.22583 ], [ -98.668213, 20.247803 ], [ -98.734131, 20.313721 ], [ -98.745117, 20.34668 ], [ -98.745117, 20.390625 ], [ -98.734131, 20.423584 ], [ -98.712158, 20.445557 ], [ -98.690186, 20.511475 ], [ -98.657227, 20.522461 ], [ -98.624268, 20.511475 ], [ -98.613281, 20.478516 ], [ -98.624268, 20.445557 ], [ -98.64624, 20.423584 ], [ -98.657227, 20.390625 ], [ -98.64624, 20.357666 ], [ -98.624268, 20.335693 ], [ -98.602295, 20.269775 ], [ -98.569336, 20.258789 ], [ -98.536377, 20.269775 ], [ -98.514404, 20.291748 ], [ -98.481445, 20.302734 ], [ -98.4375, 20.302734 ], [ -98.404541, 20.313721 ], [ -98.404541, 20.335693 ], [ -98.470459, 20.357666 ], [ -98.481445, 20.390625 ], [ -98.470459, 20.423584 ], [ -98.4375, 20.43457 ], [ -98.404541, 20.423584 ], [ -98.382568, 20.401611 ], [ -98.31665, 20.379639 ], [ -98.294678, 20.313721 ], [ -98.250732, 20.269775 ], [ -98.184814, 20.247803 ], [ -98.162842, 20.22583 ], [ -98.129883, 20.214844 ], [ -98.096924, 20.22583 ], [ -98.009033, 20.313721 ], [ -97.998047, 20.34668 ], [ -97.998047, 20.390625 ], [ -97.987061, 20.423584 ], [ -97.943115, 20.467529 ], [ -97.877197, 20.489502 ], [ -97.855225, 20.511475 ], [ -97.789307, 20.533447 ], [ -97.723389, 20.599365 ], [ -97.69043, 20.610352 ], [ -97.657471, 20.599365 ], [ -97.646484, 20.566406 ], [ -97.657471, 20.533447 ], [ -97.723389, 20.467529 ], [ -97.745361, 20.401611 ], [ -97.811279, 20.379639 ], [ -97.833252, 20.357666 ], [ -97.89917, 20.335693 ], [ -97.910156, 20.302734 ], [ -97.910156, 20.258789 ], [ -97.921143, 20.22583 ], [ -97.987061, 20.159912 ], [ -98.009033, 20.093994 ], [ -98.074951, 20.072021 ], [ -98.074951, 20.050049 ], [ -98.031006, 20.006104 ], [ -97.965088, 19.984131 ], [ -97.921143, 19.940186 ], [ -97.910156, 19.907227 ], [ -97.921143, 19.874268 ], [ -97.987061, 19.80835 ], [ -98.009033, 19.742432 ], [ -98.031006, 19.720459 ], [ -98.052979, 19.654541 ], [ -98.074951, 19.632568 ], [ -98.085938, 19.599609 ], [ -98.085938, 19.511719 ], [ -98.096924, 19.47876 ], [ -98.118896, 19.456787 ], [ -98.129883, 19.423828 ], [ -98.129883, 19.379883 ], [ -98.140869, 19.346924 ], [ -98.173828, 19.324951 ], [ -98.217773, 19.302979 ], [ -98.261719, 19.291992 ], [ -98.305664, 19.291992 ], [ -98.338623, 19.281006 ], [ -98.338623, 19.259033 ], [ -98.31665, 19.237061 ], [ -98.305664, 19.204102 ], [ -98.31665, 19.171143 ], [ -98.382568, 19.14917 ], [ -98.404541, 19.127197 ], [ -98.426514, 19.127197 ], [ -98.470459, 19.171143 ], [ -98.492432, 19.237061 ], [ -98.55835, 19.302979 ], [ -98.569336, 19.335938 ], [ -98.55835, 19.368896 ], [ -98.536377, 19.368896 ], [ -98.514404, 19.346924 ], [ -98.481445, 19.335938 ], [ -98.448486, 19.346924 ], [ -98.448486, 19.368896 ], [ -98.470459, 19.390869 ], [ -98.492432, 19.456787 ], [ -98.514404, 19.47876 ], [ -98.536377, 19.544678 ], [ -98.569336, 19.555664 ], [ -98.613281, 19.555664 ], [ -98.64624, 19.544678 ], [ -98.668213, 19.522705 ], [ -98.701172, 19.511719 ], [ -98.789063, 19.511719 ], [ -98.822021, 19.500732 ], [ -98.865967, 19.456787 ], [ -98.887939, 19.390869 ], [ -98.931885, 19.346924 ], [ -98.953857, 19.346924 ], [ -98.97583, 19.368896 ], [ -98.997803, 19.368896 ], [ -99.019775, 19.346924 ], [ -99.052734, 19.335938 ], [ -99.085693, 19.346924 ], [ -99.107666, 19.368896 ], [ -99.140625, 19.379883 ], [ -99.18457, 19.379883 ], [ -99.217529, 19.390869 ], [ -99.228516, 19.423828 ], [ -99.228516, 19.555664 ], [ -99.239502, 19.588623 ], [ -99.261475, 19.610596 ], [ -99.261475, 19.632568 ], [ -99.239502, 19.654541 ], [ -99.228516, 19.6875 ], [ -99.217529, 19.731445 ], [ -99.206543, 19.764404 ], [ -99.228516, 19.775391 ], [ -99.261475, 19.786377 ], [ -99.30542, 19.830322 ], [ -99.30542, 19.852295 ], [ -99.272461, 19.863281 ], [ -99.228516, 19.863281 ], [ -99.195557, 19.852295 ], [ -99.129639, 19.786377 ], [ -99.09668, 19.775391 ], [ -99.052734, 19.775391 ], [ -99.019775, 19.786377 ], [ -99.008789, 19.819336 ], [ -99.008789, 19.863281 ], [ -99.019775, 19.89624 ], [ -99.085693, 19.918213 ], [ -99.107666, 19.940186 ], [ -99.173584, 19.962158 ], [ -99.239502, 20.028076 ], [ -99.261475, 20.028076 ], [ -99.283447, 20.006104 ], [ -99.316406, 19.995117 ], [ -99.349365, 20.006104 ], [ -99.371338, 20.028076 ], [ -99.393311, 20.028076 ], [ -99.415283, 20.006104 ], [ -99.448242, 19.995117 ], [ -99.481201, 20.006104 ], [ -99.492188, 20.039063 ], [ -99.486694, 20.072021 ], [ -99.470215, 20.083008 ], [ -99.442749, 20.083008 ] ] ] } },
{ "type": "Feature", "properties": { "fid": 32, "id": 1, "origin_id": 12, "range": 3600, "metric": "time", "mode": "car", "traffic": "disabled", "timestamp": null, "type": "fast" }, "geometry": { "type": "Polygon", "coordinates": [ [ [ -99.047241, 19.995117 ], [ -99.008789, 19.995117 ], [ -98.97583, 19.984131 ], [ -98.953857, 19.962158 ], [ -98.931885, 19.962158 ], [ -98.843994, 20.050049 ], [ -98.843994, 20.072021 ], [ -98.909912, 20.093994 ], [ -98.920898, 20.126953 ], [ -98.920898, 20.170898 ], [ -98.909912, 20.203857 ], [ -98.887939, 20.203857 ], [ -98.865967, 20.181885 ], [ -98.833008, 20.170898 ], [ -98.789063, 20.170898 ], [ -98.756104, 20.181885 ], [ -98.734131, 20.203857 ], [ -98.668213, 20.22583 ], [ -98.64624, 20.291748 ], [ -98.624268, 20.291748 ], [ -98.602295, 20.269775 ], [ -98.569336, 20.258789 ], [ -98.536377, 20.269775 ], [ -98.514404, 20.291748 ], [ -98.481445, 20.302734 ], [ -98.4375, 20.302734 ], [ -98.404541, 20.313721 ], [ -98.382568, 20.335693 ], [ -98.349609, 20.34668 ], [ -98.31665, 20.335693 ], [ -98.250732, 20.269775 ], [ -98.184814, 20.247803 ], [ -98.162842, 20.22583 ], [ -98.129883, 20.214844 ], [ -98.096924, 20.22583 ], [ -97.987061, 20.335693 ], [ -97.965088, 20.335693 ], [ -97.954102, 20.302734 ], [ -97.954102, 20.214844 ], [ -97.965088, 20.181885 ], [ -97.987061, 20.159912 ], [ -98.009033, 20.093994 ], [ -98.074951, 20.072021 ], [ -98.074951, 20.050049 ], [ -98.052979, 20.028076 ], [ -98.041992, 19.995117 ], [ -98.041992, 19.863281 ], [ -98.052979, 19.830322 ], [ -98.074951, 19.830322 ], [ -98.096924, 19.89624 ], [ -98.118896, 19.918213 ], [ -98.140869, 19.984131 ], [ -98.162842, 19.984131 ], [ -98.272705, 19.874268 ], [ -98.305664, 19.863281 ], [ -98.349609, 19.863281 ], [ -98.382568, 19.852295 ], [ -98.404541, 19.830322 ], [ -98.4375, 19.80835 ], [ -98.470459, 19.775391 ], [ -98.492432, 19.742432 ], [ -98.514404, 19.720459 ], [ -98.525391, 19.6875 ], [ -98.514404, 19.654541 ], [ -98.492432, 19.632568 ], [ -98.470459, 19.56665 ], [ -98.448486, 19.544678 ], [ -98.448486, 19.522705 ], [ -98.481445, 19.511719 ], [ -98.514404, 19.522705 ], [ -98.536377, 19.544678 ], [ -98.602295, 19.56665 ], [ -98.613281, 19.599609 ], [ -98.613281, 19.643555 ], [ -98.624268, 19.676514 ], [ -98.657227, 19.6875 ], [ -98.690186, 19.676514 ], [ -98.756104, 19.610596 ], [ -98.789063, 19.599609 ], [ -98.822021, 19.610596 ], [ -98.843994, 19.632568 ], [ -98.865967, 19.632568 ], [ -98.887939, 19.56665 ], [ -98.920898, 19.555664 ], [ -98.953857, 19.56665 ], [ -98.97583, 19.588623 ], [ -99.041748, 19.610596 ], [ -99.041748, 19.632568 ], [ -98.97583, 19.654541 ], [ -98.887939, 19.742432 ], [ -98.865967, 19.80835 ], [ -98.843994, 19.830322 ], [ -98.833008, 19.863281 ], [ -98.843994, 19.89624 ], [ -98.865967, 19.89624 ], [ -98.909912, 19.852295 ], [ -98.931885, 19.786377 ], [ -98.953857, 19.786377 ], [ -98.997803, 19.830322 ], [ -99.019775, 19.89624 ], [ -99.085693, 19.918213 ], [ -99.09668, 19.951172 ], [ -99.091187, 19.984131 ], [ -99.074707, 19.995117 ], [ -99.047241, 19.995117 ] ] ] } },
{ "type": "Feature", "properties": { "fid": 33, "id": 2, "origin_id": 12, "range": 1800, "metric": "time", "mode": "car", "traffic": "disabled", "timestamp": null, "type": "fast" }, "geometry": { "type": "Polygon", "coordinates": [ [ [ -98.651733, 20.083008 ], [ -98.569336, 20.083008 ], [ -98.536377, 20.093994 ], [ -98.492432, 20.137939 ], [ -98.470459, 20.203857 ], [ -98.4375, 20.214844 ], [ -98.261719, 20.214844 ], [ -98.22876, 20.203857 ], [ -98.184814, 20.159912 ], [ -98.184814, 20.137939 ], [ -98.206787, 20.115967 ], [ -98.217773, 20.083008 ], [ -98.217773, 20.039063 ], [ -98.22876, 20.006104 ], [ -98.272705, 19.962158 ], [ -98.305664, 19.951172 ], [ -98.349609, 19.951172 ], [ -98.382568, 19.962158 ], [ -98.404541, 19.984131 ], [ -98.4375, 19.995117 ], [ -98.470459, 19.984131 ], [ -98.492432, 19.918213 ], [ -98.55835, 19.89624 ], [ -98.580322, 19.874268 ], [ -98.613281, 19.863281 ], [ -98.64624, 19.874268 ], [ -98.657227, 19.907227 ], [ -98.64624, 19.940186 ], [ -98.624268, 19.962158 ], [ -98.624268, 19.984131 ], [ -98.690186, 20.050049 ], [ -98.695679, 20.072021 ], [ -98.679199, 20.083008 ], [ -98.651733, 20.083008 ] ] ] } },
{ "type": "Feature", "properties": { "fid": 34, "id": 0, "origin_id": 13, "range": 5400, "metric": "time", "mode": "car", "traffic": "disabled", "timestamp": null, "type": "fast" }, "geometry": { "type": "Polygon", "coordinates": [ [ [ -102.211304, 20.214844 ], [ -101.99707, 20.214844 ], [ -101.964111, 20.203857 ], [ -101.953125, 20.170898 ], [ -101.953125, 20.126953 ], [ -101.942139, 20.093994 ], [ -101.898193, 20.050049 ], [ -101.865234, 20.039063 ], [ -101.733398, 20.039063 ], [ -101.700439, 20.028076 ], [ -101.678467, 20.006104 ], [ -101.612549, 19.984131 ], [ -101.590576, 19.962158 ], [ -101.557617, 19.951172 ], [ -101.524658, 19.962158 ], [ -101.45874, 20.028076 ], [ -101.425781, 20.039063 ], [ -101.381836, 20.039063 ], [ -101.348877, 20.050049 ], [ -101.348877, 20.072021 ], [ -101.414795, 20.093994 ], [ -101.425781, 20.126953 ], [ -101.414795, 20.159912 ], [ -101.392822, 20.181885 ], [ -101.37085, 20.247803 ], [ -101.304932, 20.269775 ], [ -101.282959, 20.291748 ], [ -101.217041, 20.313721 ], [ -101.217041, 20.335693 ], [ -101.239014, 20.357666 ], [ -101.25, 20.390625 ], [ -101.25, 20.522461 ], [ -101.260986, 20.55542 ], [ -101.326904, 20.621338 ], [ -101.337891, 20.654297 ], [ -101.337891, 20.742188 ], [ -101.326904, 20.775146 ], [ -101.293945, 20.786133 ], [ -101.260986, 20.775146 ], [ -101.107178, 20.621338 ], [ -101.074219, 20.610352 ], [ -100.942383, 20.610352 ], [ -100.909424, 20.599365 ], [ -100.865479, 20.55542 ], [ -100.854492, 20.522461 ], [ -100.865479, 20.489502 ], [ -100.898438, 20.478516 ], [ -101.030273, 20.478516 ], [ -101.063232, 20.467529 ], [ -101.074219, 20.43457 ], [ -101.074219, 20.390625 ], [ -101.085205, 20.357666 ], [ -101.107178, 20.335693 ], [ -101.118164, 20.302734 ], [ -101.107178, 20.269775 ], [ -101.074219, 20.258789 ], [ -101.030273, 20.258789 ], [ -100.997314, 20.269775 ], [ -100.975342, 20.291748 ], [ -100.953369, 20.291748 ], [ -100.931396, 20.269775 ], [ -100.898438, 20.258789 ], [ -100.865479, 20.269775 ], [ -100.854492, 20.302734 ], [ -100.854492, 20.34668 ], [ -100.843506, 20.379639 ], [ -100.799561, 20.423584 ], [ -100.777588, 20.423584 ], [ -100.766602, 20.390625 ], [ -100.766602, 20.302734 ], [ -100.777588, 20.269775 ], [ -100.799561, 20.247803 ], [ -100.810547, 20.214844 ], [ -100.810547, 20.170898 ], [ -100.799561, 20.137939 ], [ -100.733643, 20.115967 ], [ -100.71167, 20.093994 ], [ -100.689697, 20.093994 ], [ -100.623779, 20.159912 ], [ -100.59082, 20.170898 ], [ -100.546875, 20.170898 ], [ -100.513916, 20.159912 ], [ -100.513916, 20.137939 ], [ -100.535889, 20.115967 ], [ -100.546875, 20.083008 ], [ -100.535889, 20.050049 ], [ -100.447998, 19.962158 ], [ -100.38208, 19.940186 ], [ -100.360107, 19.918213 ], [ -100.327148, 19.907227 ], [ -100.063477, 19.907227 ], [ -100.030518, 19.89624 ], [ -100.019531, 19.863281 ], [ -100.030518, 19.830322 ], [ -100.063477, 19.819336 ], [ -100.107422, 19.819336 ], [ -100.140381, 19.830322 ], [ -100.162354, 19.852295 ], [ -100.195313, 19.863281 ], [ -100.239258, 19.863281 ], [ -100.272217, 19.852295 ], [ -100.294189, 19.786377 ], [ -100.327148, 19.775391 ], [ -100.360107, 19.786377 ], [ -100.38208, 19.80835 ], [ -100.447998, 19.830322 ], [ -100.469971, 19.852295 ], [ -100.50293, 19.863281 ], [ -100.546875, 19.863281 ], [ -100.579834, 19.852295 ], [ -100.601807, 19.830322 ], [ -100.667725, 19.80835 ], [ -100.689697, 19.786377 ], [ -100.755615, 19.764404 ], [ -100.799561, 19.720459 ], [ -100.799561, 19.698486 ], [ -100.733643, 19.676514 ], [ -100.722656, 19.643555 ], [ -100.733643, 19.610596 ], [ -100.766602, 19.599609 ], [ -100.799561, 19.610596 ], [ -100.821533, 19.632568 ], [ -100.854492, 19.643555 ], [ -100.887451, 19.632568 ], [ -100.898438, 19.599609 ], [ -100.887451, 19.56665 ], [ -100.865479, 19.544678 ], [ -100.854492, 19.511719 ], [ -100.865479, 19.47876 ], [ -100.898438, 19.467773 ], [ -100.931396, 19.47876 ], [ -100.953369, 19.544678 ], [ -101.019287, 19.56665 ], [ -101.04126, 19.588623 ], [ -101.063232, 19.588623 ], [ -101.085205, 19.56665 ], [ -101.151123, 19.544678 ], [ -101.173096, 19.522705 ], [ -101.239014, 19.500732 ], [ -101.239014, 19.47876 ], [ -101.217041, 19.456787 ], [ -101.206055, 19.423828 ], [ -101.217041, 19.390869 ], [ -101.25, 19.379883 ], [ -101.293945, 19.379883 ], [ -101.326904, 19.390869 ], [ -101.348877, 19.412842 ], [ -101.414795, 19.434814 ], [ -101.436768, 19.456787 ], [ -101.469727, 19.467773 ], [ -101.513672, 19.467773 ], [ -101.546631, 19.456787 ], [ -101.568604, 19.390869 ], [ -101.590576, 19.368896 ], [ -101.612549, 19.302979 ], [ -101.656494, 19.259033 ], [ -101.678467, 19.259033 ], [ -101.689453, 19.291992 ], [ -101.689453, 19.379883 ], [ -101.678467, 19.412842 ], [ -101.656494, 19.434814 ], [ -101.656494, 19.456787 ], [ -101.689453, 19.467773 ], [ -101.722412, 19.456787 ], [ -101.78833, 19.390869 ], [ -101.854248, 19.368896 ], [ -101.876221, 19.302979 ], [ -101.90918, 19.291992 ], [ -101.942139, 19.302979 ], [ -101.964111, 19.368896 ], [ -102.030029, 19.390869 ], [ -102.041016, 19.423828 ], [ -102.030029, 19.456787 ], [ -101.964111, 19.47876 ], [ -101.898193, 19.544678 ], [ -101.865234, 19.555664 ], [ -101.832275, 19.544678 ], [ -101.810303, 19.522705 ], [ -101.78833, 19.522705 ], [ -101.766357, 19.544678 ], [ -101.733398, 19.555664 ], [ -101.689453, 19.555664 ], [ -101.656494, 19.56665 ], [ -101.612549, 19.610596 ], [ -101.612549, 19.632568 ], [ -101.700439, 19.720459 ], [ -101.766357, 19.742432 ], [ -101.777344, 19.775391 ], [ -101.766357, 19.80835 ], [ -101.700439, 19.830322 ], [ -101.656494, 19.874268 ], [ -101.656494, 19.89624 ], [ -101.689453, 19.907227 ], [ -101.722412, 19.89624 ], [ -101.744385, 19.874268 ], [ -101.777344, 19.863281 ], [ -101.810303, 19.874268 ], [ -101.832275, 19.940186 ], [ -101.898193, 19.962158 ], [ -101.920166, 19.984131 ], [ -101.986084, 20.006104 ], [ -102.008057, 20.028076 ], [ -102.030029, 20.028076 ], [ -102.052002, 20.006104 ], [ -102.073975, 20.006104 ], [ -102.084961, 20.039063 ], [ -102.084961, 20.083008 ], [ -102.095947, 20.115967 ], [ -102.128906, 20.126953 ], [ -102.216797, 20.126953 ], [ -102.249756, 20.137939 ], [ -102.260742, 20.170898 ], [ -102.255249, 20.203857 ], [ -102.23877, 20.214844 ], [ -102.211304, 20.214844 ] ] ] } },
{ "type": "Feature", "properties": { "fid": 35, "id": 1, "origin_id": 13, "range": 3600, "metric": "time", "mode": "car", "traffic": "disabled", "timestamp": null, "type": "fast" }, "geometry": { "type": "Polygon", "coordinates": [ [ [ -101.771851, 19.995117 ], [ -101.645508, 19.995117 ], [ -101.612549, 19.984131 ], [ -101.590576, 19.962158 ], [ -101.557617, 19.951172 ], [ -101.524658, 19.962158 ], [ -101.502686, 19.984131 ], [ -101.480713, 19.984131 ], [ -101.414795, 19.918213 ], [ -101.392822, 19.918213 ], [ -101.381836, 19.951172 ], [ -101.392822, 19.984131 ], [ -101.414795, 20.006104 ], [ -101.414795, 20.028076 ], [ -101.348877, 20.050049 ], [ -101.337891, 20.083008 ], [ -101.348877, 20.115967 ], [ -101.37085, 20.137939 ], [ -101.381836, 20.170898 ], [ -101.37085, 20.203857 ], [ -101.304932, 20.22583 ], [ -101.282959, 20.291748 ], [ -101.217041, 20.313721 ], [ -101.173096, 20.357666 ], [ -101.151123, 20.423584 ], [ -101.12915, 20.423584 ], [ -101.118164, 20.390625 ], [ -101.118164, 20.302734 ], [ -101.107178, 20.269775 ], [ -101.074219, 20.258789 ], [ -100.986328, 20.258789 ], [ -100.953369, 20.247803 ], [ -100.953369, 20.22583 ], [ -100.997314, 20.181885 ], [ -101.063232, 20.159912 ], [ -101.063232, 20.137939 ], [ -100.887451, 19.962158 ], [ -100.865479, 19.962158 ], [ -100.821533, 20.006104 ], [ -100.799561, 20.072021 ], [ -100.766602, 20.083008 ], [ -100.722656, 20.083008 ], [ -100.689697, 20.072021 ], [ -100.678711, 20.039063 ], [ -100.678711, 19.995117 ], [ -100.667725, 19.962158 ], [ -100.634766, 19.951172 ], [ -100.546875, 19.951172 ], [ -100.513916, 19.940186 ], [ -100.50293, 19.907227 ], [ -100.513916, 19.874268 ], [ -100.546875, 19.863281 ], [ -100.59082, 19.863281 ], [ -100.623779, 19.852295 ], [ -100.645752, 19.830322 ], [ -100.678711, 19.819336 ], [ -100.722656, 19.819336 ], [ -100.755615, 19.80835 ], [ -100.777588, 19.786377 ], [ -100.843506, 19.764404 ], [ -100.865479, 19.742432 ], [ -100.931396, 19.720459 ], [ -100.931396, 19.698486 ], [ -100.865479, 19.676514 ], [ -100.865479, 19.654541 ], [ -100.887451, 19.632568 ], [ -100.909424, 19.56665 ], [ -100.942383, 19.555664 ], [ -100.986328, 19.555664 ], [ -101.019287, 19.56665 ], [ -101.04126, 19.588623 ], [ -101.063232, 19.588623 ], [ -101.085205, 19.56665 ], [ -101.118164, 19.555664 ], [ -101.162109, 19.555664 ], [ -101.195068, 19.544678 ], [ -101.239014, 19.500732 ], [ -101.260986, 19.434814 ], [ -101.293945, 19.423828 ], [ -101.337891, 19.423828 ], [ -101.37085, 19.434814 ], [ -101.392822, 19.456787 ], [ -101.425781, 19.467773 ], [ -101.469727, 19.467773 ], [ -101.502686, 19.47876 ], [ -101.524658, 19.500732 ], [ -101.546631, 19.500732 ], [ -101.568604, 19.434814 ], [ -101.601563, 19.423828 ], [ -101.634521, 19.434814 ], [ -101.678467, 19.47876 ], [ -101.689453, 19.511719 ], [ -101.678467, 19.544678 ], [ -101.634521, 19.588623 ], [ -101.568604, 19.610596 ], [ -101.568604, 19.632568 ], [ -101.590576, 19.654541 ], [ -101.590576, 19.676514 ], [ -101.557617, 19.6875 ], [ -101.513672, 19.6875 ], [ -101.480713, 19.698486 ], [ -101.469727, 19.731445 ], [ -101.480713, 19.764404 ], [ -101.513672, 19.775391 ], [ -101.557617, 19.775391 ], [ -101.590576, 19.786377 ], [ -101.634521, 19.830322 ], [ -101.634521, 19.852295 ], [ -101.612549, 19.874268 ], [ -101.612549, 19.89624 ], [ -101.645508, 19.907227 ], [ -101.689453, 19.907227 ], [ -101.722412, 19.918213 ], [ -101.744385, 19.940186 ], [ -101.810303, 19.962158 ], [ -101.815796, 19.984131 ], [ -101.799316, 19.995117 ], [ -101.771851, 19.995117 ] ] ] } },
{ "type": "Feature", "properties": { "fid": 36, "id": 2, "origin_id": 13, "range": 1800, "metric": "time", "mode": "car", "traffic": "disabled", "timestamp": null, "type": "fast" }, "geometry": { "type": "Polygon", "coordinates": [ [ [ -101.288452, 19.951172 ], [ -101.260986, 19.940186 ], [ -101.239014, 19.918213 ], [ -101.217041, 19.918213 ], [ -101.195068, 19.984131 ], [ -101.173096, 20.006104 ], [ -101.151123, 20.072021 ], [ -101.12915, 20.072021 ], [ -101.107178, 20.006104 ], [ -101.085205, 19.984131 ], [ -101.063232, 19.918213 ], [ -101.030273, 19.907227 ], [ -100.986328, 19.907227 ], [ -100.953369, 19.89624 ], [ -100.953369, 19.874268 ], [ -100.975342, 19.852295 ], [ -100.997314, 19.786377 ], [ -101.019287, 19.764404 ], [ -101.030273, 19.731445 ], [ -101.030273, 19.6875 ], [ -101.04126, 19.654541 ], [ -101.074219, 19.643555 ], [ -101.162109, 19.643555 ], [ -101.195068, 19.632568 ], [ -101.217041, 19.610596 ], [ -101.25, 19.599609 ], [ -101.282959, 19.610596 ], [ -101.326904, 19.654541 ], [ -101.337891, 19.6875 ], [ -101.326904, 19.720459 ], [ -101.304932, 19.742432 ], [ -101.282959, 19.80835 ], [ -101.260986, 19.830322 ], [ -101.260986, 19.852295 ], [ -101.326904, 19.874268 ], [ -101.337891, 19.907227 ], [ -101.332397, 19.940186 ], [ -101.315918, 19.951172 ], [ -101.288452, 19.951172 ] ] ] } },
{ "type": "Feature", "properties": { "fid": 37, "id": 0, "origin_id": 14, "range": 5400, "metric": "time", "mode": "car", "traffic": "disabled", "timestamp": null, "type": "fast" }, "geometry": { "type": "Polygon", "coordinates": [ [ [ -101.870728, 20.401611 ], [ -101.854248, 20.423584 ], [ -101.821289, 20.43457 ], [ -101.777344, 20.43457 ], [ -101.744385, 20.445557 ], [ -101.722412, 20.467529 ], [ -101.689453, 20.478516 ], [ -101.557617, 20.478516 ], [ -101.524658, 20.489502 ], [ -101.502686, 20.55542 ], [ -101.480713, 20.577393 ], [ -101.480713, 20.599365 ], [ -101.502686, 20.621338 ], [ -101.513672, 20.654297 ], [ -101.502686, 20.687256 ], [ -101.480713, 20.709229 ], [ -101.469727, 20.742188 ], [ -101.469727, 20.786133 ], [ -101.480713, 20.819092 ], [ -101.502686, 20.841064 ], [ -101.524658, 20.906982 ], [ -101.612549, 20.994873 ], [ -101.678467, 21.016846 ], [ -101.700439, 21.038818 ], [ -101.722412, 21.038818 ], [ -101.744385, 21.016846 ], [ -101.766357, 21.016846 ], [ -101.854248, 21.104736 ], [ -101.865234, 21.137695 ], [ -101.854248, 21.170654 ], [ -101.821289, 21.181641 ], [ -101.78833, 21.170654 ], [ -101.766357, 21.148682 ], [ -101.733398, 21.137695 ], [ -101.689453, 21.137695 ], [ -101.656494, 21.148682 ], [ -101.634521, 21.170654 ], [ -101.612549, 21.170654 ], [ -101.590576, 21.148682 ], [ -101.524658, 21.126709 ], [ -101.45874, 21.060791 ], [ -101.436768, 21.060791 ], [ -101.414795, 21.126709 ], [ -101.381836, 21.137695 ], [ -101.348877, 21.126709 ], [ -101.337891, 21.09375 ], [ -101.348877, 21.060791 ], [ -101.37085, 21.038818 ], [ -101.37085, 21.016846 ], [ -101.337891, 21.005859 ], [ -101.304932, 21.016846 ], [ -101.282959, 21.038818 ], [ -101.25, 21.049805 ], [ -101.217041, 21.038818 ], [ -101.217041, 21.016846 ], [ -101.282959, 20.950928 ], [ -101.293945, 20.917969 ], [ -101.293945, 20.830078 ], [ -101.282959, 20.797119 ], [ -101.107178, 20.621338 ], [ -101.085205, 20.621338 ], [ -101.019287, 20.687256 ], [ -100.986328, 20.698242 ], [ -100.953369, 20.687256 ], [ -100.931396, 20.665283 ], [ -100.898438, 20.654297 ], [ -100.854492, 20.654297 ], [ -100.821533, 20.665283 ], [ -100.821533, 20.687256 ], [ -100.843506, 20.709229 ], [ -100.854492, 20.742188 ], [ -100.854492, 20.786133 ], [ -100.843506, 20.819092 ], [ -100.821533, 20.841064 ], [ -100.810547, 20.874023 ], [ -100.810547, 21.005859 ], [ -100.821533, 21.038818 ], [ -100.865479, 21.082764 ], [ -100.898438, 21.09375 ], [ -100.942383, 21.09375 ], [ -100.975342, 21.104736 ], [ -100.986328, 21.137695 ], [ -100.986328, 21.181641 ], [ -100.975342, 21.2146 ], [ -100.942383, 21.225586 ], [ -100.898438, 21.225586 ], [ -100.865479, 21.236572 ], [ -100.843506, 21.258545 ], [ -100.810547, 21.269531 ], [ -100.777588, 21.258545 ], [ -100.766602, 21.225586 ], [ -100.777588, 21.192627 ], [ -100.799561, 21.170654 ], [ -100.799561, 21.148682 ], [ -100.777588, 21.126709 ], [ -100.766602, 21.09375 ], [ -100.766602, 21.049805 ], [ -100.755615, 21.016846 ], [ -100.722656, 21.005859 ], [ -100.689697, 21.016846 ], [ -100.667725, 21.082764 ], [ -100.601807, 21.104736 ], [ -100.59082, 21.137695 ], [ -100.601807, 21.170654 ], [ -100.623779, 21.192627 ], [ -100.634766, 21.225586 ], [ -100.634766, 21.269531 ], [ -100.645752, 21.30249 ], [ -100.667725, 21.324463 ], [ -100.667725, 21.346436 ], [ -100.634766, 21.357422 ], [ -100.59082, 21.357422 ], [ -100.557861, 21.346436 ], [ -100.546875, 21.313477 ], [ -100.546875, 21.225586 ], [ -100.535889, 21.192627 ], [ -100.513916, 21.170654 ], [ -100.491943, 21.104736 ], [ -100.38208, 20.994873 ], [ -100.371094, 20.961914 ], [ -100.371094, 20.830078 ], [ -100.360107, 20.797119 ], [ -100.250244, 20.687256 ], [ -100.228271, 20.621338 ], [ -100.140381, 20.533447 ], [ -100.074463, 20.511475 ], [ -100.05249, 20.489502 ], [ -100.019531, 20.478516 ], [ -99.986572, 20.489502 ], [ -99.942627, 20.533447 ], [ -99.920654, 20.599365 ], [ -99.898682, 20.599365 ], [ -99.854736, 20.55542 ], [ -99.84375, 20.522461 ], [ -99.854736, 20.489502 ], [ -99.920654, 20.423584 ], [ -99.931641, 20.390625 ], [ -99.920654, 20.357666 ], [ -99.887695, 20.34668 ], [ -99.755859, 20.34668 ], [ -99.7229, 20.357666 ], [ -99.700928, 20.379639 ], [ -99.667969, 20.390625 ], [ -99.63501, 20.379639 ], [ -99.63501, 20.357666 ], [ -99.744873, 20.247803 ], [ -99.744873, 20.22583 ], [ -99.7229, 20.203857 ], [ -99.700928, 20.137939 ], [ -99.667969, 20.126953 ], [ -99.624023, 20.126953 ], [ -99.591064, 20.115967 ], [ -99.547119, 20.072021 ], [ -99.536133, 20.039063 ], [ -99.547119, 20.006104 ], [ -99.580078, 19.995117 ], [ -99.613037, 20.006104 ], [ -99.63501, 20.028076 ], [ -99.700928, 20.050049 ], [ -99.810791, 20.159912 ], [ -99.832764, 20.159912 ], [ -99.84375, 20.126953 ], [ -99.84375, 20.039063 ], [ -99.854736, 20.006104 ], [ -99.887695, 19.995117 ], [ -99.920654, 20.006104 ], [ -99.931641, 20.039063 ], [ -99.920654, 20.072021 ], [ -99.898682, 20.093994 ], [ -99.887695, 20.126953 ], [ -99.898682, 20.159912 ], [ -99.942627, 20.203857 ], [ -100.008545, 20.22583 ], [ -100.030518, 20.247803 ], [ -100.063477, 20.258789 ], [ -100.096436, 20.247803 ], [ -100.118408, 20.181885 ], [ -100.162354, 20.137939 ], [ -100.195313, 20.126953 ], [ -100.283203, 20.126953 ], [ -100.316162, 20.137939 ], [ -100.338135, 20.159912 ], [ -100.371094, 20.170898 ], [ -100.415039, 20.170898 ], [ -100.447998, 20.159912 ], [ -100.469971, 20.137939 ], [ -100.535889, 20.115967 ], [ -100.557861, 20.093994 ], [ -100.59082, 20.083008 ], [ -100.623779, 20.093994 ], [ -100.634766, 20.126953 ], [ -100.623779, 20.159912 ], [ -100.59082, 20.170898 ], [ -100.546875, 20.170898 ], [ -100.524902, 20.181885 ], [ -100.546875, 20.203857 ], [ -100.59082, 20.214844 ], [ -100.623779, 20.22583 ], [ -100.645752, 20.291748 ], [ -100.678711, 20.302734 ], [ -100.71167, 20.291748 ], [ -100.843506, 20.159912 ], [ -100.843506, 20.137939 ], [ -100.799561, 20.093994 ], [ -100.766602, 20.083008 ], [ -100.722656, 20.083008 ], [ -100.689697, 20.072021 ], [ -100.678711, 20.039063 ], [ -100.678711, 19.995117 ], [ -100.689697, 19.962158 ], [ -100.71167, 19.940186 ], [ -100.733643, 19.874268 ], [ -100.766602, 19.863281 ], [ -100.799561, 19.874268 ], [ -100.810547, 19.907227 ], [ -100.810547, 19.995117 ], [ -100.821533, 20.028076 ], [ -100.953369, 20.159912 ], [ -100.986328, 20.170898 ], [ -101.074219, 20.170898 ], [ -101.107178, 20.159912 ], [ -101.118164, 20.126953 ], [ -101.118164, 19.907227 ], [ -101.12915, 19.874268 ], [ -101.151123, 19.874268 ], [ -101.195068, 19.918213 ], [ -101.206055, 19.951172 ], [ -101.206055, 20.170898 ], [ -101.217041, 20.203857 ], [ -101.239014, 20.22583 ], [ -101.25, 20.258789 ], [ -101.239014, 20.291748 ], [ -101.217041, 20.313721 ], [ -101.217041, 20.335693 ], [ -101.239014, 20.357666 ], [ -101.25, 20.390625 ], [ -101.25, 20.522461 ], [ -101.260986, 20.55542 ], [ -101.304932, 20.599365 ], [ -101.337891, 20.610352 ], [ -101.37085, 20.599365 ], [ -101.414795, 20.55542 ], [ -101.436768, 20.489502 ], [ -101.480713, 20.445557 ], [ -101.513672, 20.43457 ], [ -101.601563, 20.43457 ], [ -101.634521, 20.423584 ], [ -101.656494, 20.401611 ], [ -101.722412, 20.379639 ], [ -101.744385, 20.357666 ], [ -101.777344, 20.34668 ], [ -101.865234, 20.34668 ], [ -101.898193, 20.357666 ], [ -101.903687, 20.379639 ], [ -101.870728, 20.401611 ] ] ] } },
{ "type": "Feature", "properties": { "fid": 38, "id": 1, "origin_id": 14, "range": 3600, "metric": "time", "mode": "car", "traffic": "disabled", "timestamp": null, "type": "fast" }, "geometry": { "type": "Polygon", "coordinates": [ [ [ -101.431274, 20.863037 ], [ -101.414795, 20.841064 ], [ -101.381836, 20.830078 ], [ -101.348877, 20.841064 ], [ -101.326904, 20.863037 ], [ -101.304932, 20.863037 ], [ -101.282959, 20.797119 ], [ -101.107178, 20.621338 ], [ -101.085205, 20.621338 ], [ -101.019287, 20.687256 ], [ -100.986328, 20.698242 ], [ -100.953369, 20.687256 ], [ -100.931396, 20.665283 ], [ -100.898438, 20.654297 ], [ -100.854492, 20.654297 ], [ -100.821533, 20.665283 ], [ -100.821533, 20.687256 ], [ -100.843506, 20.709229 ], [ -100.854492, 20.742188 ], [ -100.854492, 20.786133 ], [ -100.843506, 20.819092 ], [ -100.821533, 20.841064 ], [ -100.810547, 20.874023 ], [ -100.810547, 20.917969 ], [ -100.799561, 20.950928 ], [ -100.766602, 20.961914 ], [ -100.722656, 20.961914 ], [ -100.689697, 20.950928 ], [ -100.678711, 20.917969 ], [ -100.689697, 20.88501 ], [ -100.755615, 20.819092 ], [ -100.755615, 20.797119 ], [ -100.733643, 20.775146 ], [ -100.71167, 20.709229 ], [ -100.678711, 20.698242 ], [ -100.634766, 20.698242 ], [ -100.601807, 20.687256 ], [ -100.579834, 20.665283 ], [ -100.557861, 20.665283 ], [ -100.535889, 20.731201 ], [ -100.513916, 20.753174 ], [ -100.50293, 20.786133 ], [ -100.513916, 20.819092 ], [ -100.535889, 20.841064 ], [ -100.546875, 20.874023 ], [ -100.535889, 20.906982 ], [ -100.513916, 20.906982 ], [ -100.491943, 20.88501 ], [ -100.469971, 20.88501 ], [ -100.447998, 20.950928 ], [ -100.415039, 20.961914 ], [ -100.38208, 20.950928 ], [ -100.371094, 20.917969 ], [ -100.371094, 20.830078 ], [ -100.360107, 20.797119 ], [ -100.250244, 20.687256 ], [ -100.228271, 20.621338 ], [ -100.140381, 20.533447 ], [ -100.074463, 20.511475 ], [ -99.986572, 20.423584 ], [ -99.975586, 20.390625 ], [ -99.986572, 20.357666 ], [ -100.019531, 20.34668 ], [ -100.063477, 20.335693 ], [ -100.085449, 20.313721 ], [ -100.063477, 20.302734 ], [ -99.975586, 20.302734 ], [ -99.942627, 20.291748 ], [ -99.942627, 20.269775 ], [ -99.986572, 20.22583 ], [ -100.008545, 20.22583 ], [ -100.030518, 20.247803 ], [ -100.063477, 20.258789 ], [ -100.151367, 20.258789 ], [ -100.184326, 20.269775 ], [ -100.206299, 20.291748 ], [ -100.239258, 20.302734 ], [ -100.283203, 20.291748 ], [ -100.316162, 20.258789 ], [ -100.327148, 20.214844 ], [ -100.338135, 20.181885 ], [ -100.371094, 20.170898 ], [ -100.404053, 20.181885 ], [ -100.415039, 20.214844 ], [ -100.415039, 20.302734 ], [ -100.426025, 20.335693 ], [ -100.469971, 20.379639 ], [ -100.491943, 20.379639 ], [ -100.50293, 20.34668 ], [ -100.50293, 20.258789 ], [ -100.513916, 20.22583 ], [ -100.546875, 20.214844 ], [ -100.59082, 20.214844 ], [ -100.623779, 20.22583 ], [ -100.645752, 20.291748 ], [ -100.678711, 20.302734 ], [ -100.71167, 20.291748 ], [ -100.843506, 20.159912 ], [ -100.843506, 20.137939 ], [ -100.821533, 20.115967 ], [ -100.821533, 20.093994 ], [ -100.854492, 20.083008 ], [ -100.887451, 20.093994 ], [ -100.953369, 20.159912 ], [ -100.986328, 20.170898 ], [ -101.030273, 20.170898 ], [ -101.063232, 20.181885 ], [ -101.074219, 20.214844 ], [ -101.063232, 20.247803 ], [ -101.030273, 20.258789 ], [ -100.898438, 20.258789 ], [ -100.865479, 20.269775 ], [ -100.854492, 20.302734 ], [ -100.854492, 20.390625 ], [ -100.865479, 20.423584 ], [ -100.898438, 20.43457 ], [ -100.931396, 20.423584 ], [ -100.953369, 20.401611 ], [ -100.975342, 20.401611 ], [ -101.04126, 20.467529 ], [ -101.074219, 20.478516 ], [ -101.107178, 20.467529 ], [ -101.118164, 20.43457 ], [ -101.118164, 20.302734 ], [ -101.12915, 20.269775 ], [ -101.162109, 20.258789 ], [ -101.195068, 20.269775 ], [ -101.206055, 20.302734 ], [ -101.195068, 20.335693 ], [ -101.173096, 20.357666 ], [ -101.173096, 20.379639 ], [ -101.239014, 20.401611 ], [ -101.25, 20.43457 ], [ -101.25, 20.522461 ], [ -101.260986, 20.55542 ], [ -101.304932, 20.599365 ], [ -101.337891, 20.610352 ], [ -101.37085, 20.599365 ], [ -101.436768, 20.533447 ], [ -101.45874, 20.533447 ], [ -101.469727, 20.566406 ], [ -101.469727, 20.830078 ], [ -101.464233, 20.863037 ], [ -101.447754, 20.874023 ], [ -101.431274, 20.863037 ] ] ] } },
{ "type": "Feature", "properties": { "fid": 39, "id": 2, "origin_id": 14, "range": 1800, "metric": "time", "mode": "car", "traffic": "disabled", "timestamp": null, "type": "fast" }, "geometry": { "type": "Polygon", "coordinates": [ [ [ -101.068726, 20.610352 ], [ -101.04126, 20.621338 ], [ -101.019287, 20.643311 ], [ -100.986328, 20.654297 ], [ -100.854492, 20.654297 ], [ -100.821533, 20.665283 ], [ -100.799561, 20.731201 ], [ -100.766602, 20.742188 ], [ -100.733643, 20.731201 ], [ -100.71167, 20.665283 ], [ -100.689697, 20.665283 ], [ -100.667725, 20.687256 ], [ -100.634766, 20.698242 ], [ -100.601807, 20.687256 ], [ -100.579834, 20.665283 ], [ -100.557861, 20.665283 ], [ -100.535889, 20.687256 ], [ -100.50293, 20.698242 ], [ -100.469971, 20.687256 ], [ -100.447998, 20.621338 ], [ -100.415039, 20.610352 ], [ -100.371094, 20.610352 ], [ -100.338135, 20.599365 ], [ -100.338135, 20.577393 ], [ -100.447998, 20.467529 ], [ -100.447998, 20.445557 ], [ -100.38208, 20.423584 ], [ -100.38208, 20.401611 ], [ -100.415039, 20.390625 ], [ -100.50293, 20.390625 ], [ -100.535889, 20.379639 ], [ -100.557861, 20.357666 ], [ -100.59082, 20.34668 ], [ -100.634766, 20.34668 ], [ -100.667725, 20.357666 ], [ -100.689697, 20.423584 ], [ -100.71167, 20.423584 ], [ -100.755615, 20.379639 ], [ -100.777588, 20.313721 ], [ -100.810547, 20.302734 ], [ -100.843506, 20.313721 ], [ -100.854492, 20.34668 ], [ -100.854492, 20.390625 ], [ -100.865479, 20.423584 ], [ -100.909424, 20.467529 ], [ -100.975342, 20.489502 ], [ -100.975342, 20.511475 ], [ -100.953369, 20.533447 ], [ -100.953369, 20.55542 ], [ -100.986328, 20.566406 ], [ -101.074219, 20.566406 ], [ -101.107178, 20.577393 ], [ -101.112671, 20.599365 ], [ -101.096191, 20.610352 ], [ -101.068726, 20.610352 ] ] ] } },
{ "type": "Feature", "properties": { "fid": 40, "id": 0, "origin_id": 15, "range": 5400, "metric": "time", "mode": "car", "traffic": "disabled", "timestamp": null, "type": "fast" }, "geometry": { "type": "Polygon", "coordinates": [ [ [ -99.53064, 18.632813 ], [ -99.503174, 18.621826 ], [ -99.481201, 18.599854 ], [ -99.448242, 18.588867 ], [ -99.415283, 18.599854 ], [ -99.371338, 18.643799 ], [ -99.371338, 18.665771 ], [ -99.437256, 18.687744 ], [ -99.481201, 18.731689 ], [ -99.481201, 18.753662 ], [ -99.415283, 18.775635 ], [ -99.393311, 18.797607 ], [ -99.327393, 18.81958 ], [ -99.316406, 18.852539 ], [ -99.316406, 18.896484 ], [ -99.327393, 18.929443 ], [ -99.349365, 18.951416 ], [ -99.371338, 19.017334 ], [ -99.437256, 19.039307 ], [ -99.448242, 19.072266 ], [ -99.437256, 19.105225 ], [ -99.404297, 19.116211 ], [ -99.272461, 19.116211 ], [ -99.239502, 19.127197 ], [ -99.195557, 19.171143 ], [ -99.195557, 19.193115 ], [ -99.217529, 19.215088 ], [ -99.239502, 19.281006 ], [ -99.30542, 19.346924 ], [ -99.316406, 19.379883 ], [ -99.30542, 19.412842 ], [ -99.239502, 19.434814 ], [ -99.217529, 19.456787 ], [ -99.18457, 19.467773 ], [ -99.09668, 19.467773 ], [ -99.063721, 19.456787 ], [ -99.019775, 19.412842 ], [ -99.008789, 19.379883 ], [ -99.008789, 19.248047 ], [ -98.997803, 19.215088 ], [ -98.909912, 19.127197 ], [ -98.876953, 19.116211 ], [ -98.843994, 19.127197 ], [ -98.843994, 19.14917 ], [ -98.909912, 19.215088 ], [ -98.920898, 19.248047 ], [ -98.920898, 19.291992 ], [ -98.909912, 19.324951 ], [ -98.876953, 19.335938 ], [ -98.843994, 19.324951 ], [ -98.822021, 19.259033 ], [ -98.756104, 19.193115 ], [ -98.745117, 19.160156 ], [ -98.745117, 19.02832 ], [ -98.756104, 18.995361 ], [ -98.778076, 18.973389 ], [ -98.778076, 18.951416 ], [ -98.712158, 18.929443 ], [ -98.690186, 18.863525 ], [ -98.657227, 18.852539 ], [ -98.613281, 18.852539 ], [ -98.580322, 18.863525 ], [ -98.536377, 18.907471 ], [ -98.514404, 18.973389 ], [ -98.481445, 18.984375 ], [ -98.4375, 18.984375 ], [ -98.404541, 18.995361 ], [ -98.382568, 19.017334 ], [ -98.349609, 19.02832 ], [ -98.305664, 19.02832 ], [ -98.272705, 19.017334 ], [ -98.261719, 18.984375 ], [ -98.272705, 18.951416 ], [ -98.338623, 18.929443 ], [ -98.404541, 18.863525 ], [ -98.470459, 18.841553 ], [ -98.492432, 18.81958 ], [ -98.525391, 18.808594 ], [ -98.569336, 18.808594 ], [ -98.602295, 18.797607 ], [ -98.624268, 18.775635 ], [ -98.690186, 18.753662 ], [ -98.690186, 18.731689 ], [ -98.64624, 18.687744 ], [ -98.613281, 18.676758 ], [ -98.481445, 18.676758 ], [ -98.448486, 18.665771 ], [ -98.426514, 18.599854 ], [ -98.404541, 18.577881 ], [ -98.404541, 18.555908 ], [ -98.4375, 18.544922 ], [ -98.525391, 18.544922 ], [ -98.55835, 18.555908 ], [ -98.580322, 18.577881 ], [ -98.613281, 18.588867 ], [ -98.657227, 18.588867 ], [ -98.690186, 18.577881 ], [ -98.701172, 18.544922 ], [ -98.701172, 18.500977 ], [ -98.712158, 18.468018 ], [ -98.745117, 18.457031 ], [ -98.778076, 18.468018 ], [ -98.887939, 18.577881 ], [ -98.920898, 18.588867 ], [ -99.09668, 18.588867 ], [ -99.129639, 18.577881 ], [ -99.140625, 18.544922 ], [ -99.140625, 18.369141 ], [ -99.151611, 18.336182 ], [ -99.173584, 18.314209 ], [ -99.18457, 18.28125 ], [ -99.18457, 18.149414 ], [ -99.195557, 18.116455 ], [ -99.217529, 18.116455 ], [ -99.239502, 18.182373 ], [ -99.261475, 18.204346 ], [ -99.261475, 18.226318 ], [ -99.239502, 18.248291 ], [ -99.228516, 18.28125 ], [ -99.228516, 18.500977 ], [ -99.239502, 18.533936 ], [ -99.272461, 18.544922 ], [ -99.360352, 18.544922 ], [ -99.393311, 18.533936 ], [ -99.404297, 18.500977 ], [ -99.404297, 18.457031 ], [ -99.415283, 18.424072 ], [ -99.459229, 18.380127 ], [ -99.492188, 18.369141 ], [ -99.525146, 18.380127 ], [ -99.525146, 18.4021 ], [ -99.503174, 18.424072 ], [ -99.492188, 18.457031 ], [ -99.492188, 18.500977 ], [ -99.503174, 18.533936 ], [ -99.569092, 18.555908 ], [ -99.580078, 18.588867 ], [ -99.574585, 18.621826 ], [ -99.558105, 18.632813 ], [ -99.53064, 18.632813 ] ] ] } },
{ "type": "Feature", "properties": { "fid": 41, "id": 1, "origin_id": 15, "range": 3600, "metric": "time", "mode": "car", "traffic": "disabled", "timestamp": null, "type": "fast" }, "geometry": { "type": "Polygon", "coordinates": [ [ [ -99.365845, 18.643799 ], [ -99.360352, 18.676758 ], [ -99.360352, 18.764648 ], [ -99.349365, 18.797607 ], [ -99.327393, 18.81958 ], [ -99.316406, 18.852539 ], [ -99.316406, 19.02832 ], [ -99.30542, 19.061279 ], [ -99.195557, 19.171143 ], [ -99.173584, 19.237061 ], [ -99.140625, 19.248047 ], [ -99.107666, 19.237061 ], [ -99.09668, 19.204102 ], [ -99.107666, 19.171143 ], [ -99.129639, 19.14917 ], [ -99.140625, 19.116211 ], [ -99.129639, 19.083252 ], [ -99.063721, 19.061279 ], [ -99.041748, 19.039307 ], [ -99.019775, 19.039307 ], [ -98.953857, 19.105225 ], [ -98.920898, 19.116211 ], [ -98.887939, 19.105225 ], [ -98.865967, 19.083252 ], [ -98.843994, 19.083252 ], [ -98.822021, 19.105225 ], [ -98.800049, 19.105225 ], [ -98.789063, 19.072266 ], [ -98.789063, 18.984375 ], [ -98.778076, 18.951416 ], [ -98.756104, 18.929443 ], [ -98.734131, 18.863525 ], [ -98.701172, 18.852539 ], [ -98.657227, 18.852539 ], [ -98.624268, 18.841553 ], [ -98.613281, 18.808594 ], [ -98.624268, 18.775635 ], [ -98.690186, 18.753662 ], [ -98.701172, 18.720703 ], [ -98.690186, 18.687744 ], [ -98.624268, 18.665771 ], [ -98.624268, 18.643799 ], [ -98.668213, 18.599854 ], [ -98.701172, 18.588867 ], [ -98.789063, 18.588867 ], [ -98.822021, 18.599854 ], [ -98.843994, 18.621826 ], [ -98.876953, 18.632813 ], [ -98.920898, 18.632813 ], [ -98.953857, 18.621826 ], [ -98.97583, 18.599854 ], [ -99.008789, 18.588867 ], [ -99.041748, 18.599854 ], [ -99.063721, 18.621826 ], [ -99.09668, 18.632813 ], [ -99.129639, 18.621826 ], [ -99.195557, 18.555908 ], [ -99.228516, 18.544922 ], [ -99.272461, 18.544922 ], [ -99.30542, 18.555908 ], [ -99.327393, 18.577881 ], [ -99.393311, 18.599854 ], [ -99.398804, 18.621826 ], [ -99.365845, 18.643799 ] ] ] } },
{ "type": "Feature", "properties": { "fid": 42, "id": 2, "origin_id": 15, "range": 1800, "metric": "time", "mode": "car", "traffic": "disabled", "timestamp": null, "type": "fast" }, "geometry": { "type": "Polygon", "coordinates": [ [ [ -99.179077, 18.94043 ], [ -99.151611, 18.951416 ], [ -99.151611, 18.973389 ], [ -99.173584, 18.995361 ], [ -99.173584, 19.017334 ], [ -99.140625, 19.02832 ], [ -99.052734, 19.02832 ], [ -99.019775, 19.017334 ], [ -98.887939, 18.885498 ], [ -98.876953, 18.852539 ], [ -98.876953, 18.808594 ], [ -98.887939, 18.775635 ], [ -98.920898, 18.764648 ], [ -98.953857, 18.775635 ], [ -98.97583, 18.797607 ], [ -98.997803, 18.797607 ], [ -99.019775, 18.775635 ], [ -99.085693, 18.753662 ], [ -99.107666, 18.687744 ], [ -99.129639, 18.687744 ], [ -99.140625, 18.720703 ], [ -99.140625, 18.764648 ], [ -99.151611, 18.797607 ], [ -99.217529, 18.863525 ], [ -99.228516, 18.896484 ], [ -99.223022, 18.929443 ], [ -99.206543, 18.94043 ], [ -99.179077, 18.94043 ] ] ] } },
{ "type": "Feature", "properties": { "fid": 43, "id": 0, "origin_id": 16, "range": 5400, "metric": "time", "mode": "car", "traffic": "disabled", "timestamp": null, "type": "fast" }, "geometry": { "type": "Polygon", "coordinates": [ [ [ -97.080688, 18.907471 ], [ -97.075195, 18.94043 ], [ -97.064209, 18.973389 ], [ -97.03125, 18.984375 ], [ -96.998291, 18.973389 ], [ -96.976318, 18.951416 ], [ -96.943359, 18.94043 ], [ -96.855469, 18.94043 ], [ -96.82251, 18.951416 ], [ -96.811523, 18.984375 ], [ -96.82251, 19.017334 ], [ -96.844482, 19.039307 ], [ -96.855469, 19.072266 ], [ -96.844482, 19.105225 ], [ -96.811523, 19.116211 ], [ -96.778564, 19.105225 ], [ -96.756592, 19.083252 ], [ -96.734619, 19.083252 ], [ -96.712646, 19.105225 ], [ -96.679688, 19.116211 ], [ -96.646729, 19.105225 ], [ -96.624756, 19.083252 ], [ -96.602783, 19.083252 ], [ -96.558838, 19.127197 ], [ -96.558838, 19.14917 ], [ -96.624756, 19.171143 ], [ -96.646729, 19.193115 ], [ -96.679688, 19.204102 ], [ -96.712646, 19.193115 ], [ -96.734619, 19.171143 ], [ -96.767578, 19.160156 ], [ -96.899414, 19.160156 ], [ -96.932373, 19.171143 ], [ -96.943359, 19.204102 ], [ -96.932373, 19.237061 ], [ -96.899414, 19.248047 ], [ -96.723633, 19.248047 ], [ -96.690674, 19.259033 ], [ -96.690674, 19.281006 ], [ -96.82251, 19.412842 ], [ -96.855469, 19.423828 ], [ -96.943359, 19.423828 ], [ -96.976318, 19.434814 ], [ -96.987305, 19.467773 ], [ -96.987305, 19.511719 ], [ -96.998291, 19.544678 ], [ -97.064209, 19.610596 ], [ -97.075195, 19.643555 ], [ -97.064209, 19.676514 ], [ -97.03125, 19.6875 ], [ -96.987305, 19.6875 ], [ -96.954346, 19.676514 ], [ -96.932373, 19.654541 ], [ -96.866455, 19.632568 ], [ -96.800537, 19.56665 ], [ -96.734619, 19.544678 ], [ -96.712646, 19.522705 ], [ -96.679688, 19.511719 ], [ -96.547852, 19.511719 ], [ -96.514893, 19.522705 ], [ -96.503906, 19.555664 ], [ -96.503906, 19.599609 ], [ -96.514893, 19.632568 ], [ -96.536865, 19.654541 ], [ -96.547852, 19.6875 ], [ -96.547852, 19.819336 ], [ -96.558838, 19.852295 ], [ -96.624756, 19.874268 ], [ -96.624756, 19.89624 ], [ -96.602783, 19.918213 ], [ -96.602783, 19.940186 ], [ -96.668701, 19.962158 ], [ -96.712646, 20.006104 ], [ -96.723633, 20.039063 ], [ -96.712646, 20.072021 ], [ -96.679688, 20.083008 ], [ -96.646729, 20.072021 ], [ -96.580811, 20.006104 ], [ -96.514893, 19.984131 ], [ -96.427002, 19.89624 ], [ -96.416016, 19.863281 ], [ -96.416016, 19.819336 ], [ -96.405029, 19.786377 ], [ -96.383057, 19.764404 ], [ -96.37207, 19.731445 ], [ -96.37207, 19.555664 ], [ -96.361084, 19.522705 ], [ -96.295166, 19.456787 ], [ -96.28418, 19.423828 ], [ -96.28418, 19.379883 ], [ -96.273193, 19.346924 ], [ -96.229248, 19.302979 ], [ -96.16333, 19.281006 ], [ -96.075439, 19.193115 ], [ -96.064453, 19.160156 ], [ -96.064453, 19.116211 ], [ -96.053467, 19.083252 ], [ -96.031494, 19.083252 ], [ -96.009521, 19.105225 ], [ -95.987549, 19.105225 ], [ -95.943604, 19.061279 ], [ -95.932617, 19.02832 ], [ -95.932617, 18.984375 ], [ -95.921631, 18.951416 ], [ -95.83374, 18.863525 ], [ -95.767822, 18.841553 ], [ -95.701904, 18.775635 ], [ -95.668945, 18.764648 ], [ -95.625, 18.764648 ], [ -95.592041, 18.753662 ], [ -95.581055, 18.720703 ], [ -95.592041, 18.687744 ], [ -95.625, 18.676758 ], [ -95.668945, 18.676758 ], [ -95.701904, 18.687744 ], [ -95.723877, 18.709717 ], [ -95.789795, 18.731689 ], [ -95.811768, 18.753662 ], [ -95.844727, 18.764648 ], [ -95.932617, 18.764648 ], [ -95.965576, 18.753662 ], [ -95.987549, 18.731689 ], [ -96.053467, 18.709717 ], [ -96.097412, 18.665771 ], [ -96.108398, 18.632813 ], [ -96.097412, 18.599854 ], [ -96.053467, 18.555908 ], [ -95.987549, 18.533936 ], [ -95.855713, 18.4021 ], [ -95.844727, 18.369141 ], [ -95.855713, 18.336182 ], [ -95.888672, 18.325195 ], [ -95.921631, 18.336182 ], [ -95.987549, 18.4021 ], [ -96.053467, 18.424072 ], [ -96.075439, 18.446045 ], [ -96.141357, 18.468018 ], [ -96.16333, 18.48999 ], [ -96.229248, 18.511963 ], [ -96.251221, 18.533936 ], [ -96.28418, 18.544922 ], [ -96.317139, 18.533936 ], [ -96.328125, 18.500977 ], [ -96.317139, 18.468018 ], [ -96.295166, 18.446045 ], [ -96.28418, 18.413086 ], [ -96.295166, 18.380127 ], [ -96.328125, 18.369141 ], [ -96.361084, 18.380127 ], [ -96.448975, 18.468018 ], [ -96.470947, 18.533936 ], [ -96.49292, 18.555908 ], [ -96.514893, 18.621826 ], [ -96.558838, 18.665771 ], [ -96.591797, 18.676758 ], [ -96.679688, 18.676758 ], [ -96.712646, 18.687744 ], [ -96.778564, 18.753662 ], [ -96.844482, 18.775635 ], [ -96.866455, 18.797607 ], [ -96.899414, 18.808594 ], [ -96.943359, 18.808594 ], [ -96.976318, 18.81958 ], [ -96.998291, 18.841553 ], [ -97.020264, 18.841553 ], [ -97.042236, 18.81958 ], [ -97.075195, 18.808594 ], [ -97.108154, 18.81958 ], [ -97.119141, 18.852539 ], [ -97.113647, 18.885498 ], [ -97.080688, 18.907471 ] ] ] } },
{ "type": "Feature", "properties": { "fid": 44, "id": 1, "origin_id": 16, "range": 3600, "metric": "time", "mode": "car", "traffic": "disabled", "timestamp": null, "type": "fast" }, "geometry": { "type": "Polygon", "coordinates": [ [ [ -96.762085, 19.511719 ], [ -96.734619, 19.500732 ], [ -96.712646, 19.47876 ], [ -96.679688, 19.467773 ], [ -96.591797, 19.467773 ], [ -96.558838, 19.456787 ], [ -96.536865, 19.434814 ], [ -96.514893, 19.434814 ], [ -96.49292, 19.500732 ], [ -96.470947, 19.522705 ], [ -96.459961, 19.555664 ], [ -96.470947, 19.588623 ], [ -96.49292, 19.610596 ], [ -96.503906, 19.643555 ], [ -96.49292, 19.676514 ], [ -96.470947, 19.698486 ], [ -96.448975, 19.764404 ], [ -96.427002, 19.764404 ], [ -96.383057, 19.720459 ], [ -96.37207, 19.6875 ], [ -96.37207, 19.555664 ], [ -96.361084, 19.522705 ], [ -96.295166, 19.456787 ], [ -96.28418, 19.423828 ], [ -96.28418, 19.379883 ], [ -96.273193, 19.346924 ], [ -96.229248, 19.302979 ], [ -96.16333, 19.281006 ], [ -96.075439, 19.193115 ], [ -96.064453, 19.160156 ], [ -96.064453, 19.116211 ], [ -96.053467, 19.083252 ], [ -96.020508, 19.072266 ], [ -95.976563, 19.072266 ], [ -95.943604, 19.061279 ], [ -95.932617, 19.02832 ], [ -95.932617, 18.984375 ], [ -95.921631, 18.951416 ], [ -95.855713, 18.885498 ], [ -95.844727, 18.852539 ], [ -95.855713, 18.81958 ], [ -95.888672, 18.808594 ], [ -95.921631, 18.81958 ], [ -95.943604, 18.841553 ], [ -95.976563, 18.852539 ], [ -96.009521, 18.841553 ], [ -96.031494, 18.775635 ], [ -96.064453, 18.764648 ], [ -96.097412, 18.775635 ], [ -96.108398, 18.808594 ], [ -96.108398, 18.852539 ], [ -96.119385, 18.885498 ], [ -96.141357, 18.885498 ], [ -96.16333, 18.81958 ], [ -96.185303, 18.797607 ], [ -96.207275, 18.731689 ], [ -96.273193, 18.709717 ], [ -96.273193, 18.687744 ], [ -96.251221, 18.665771 ], [ -96.240234, 18.632813 ], [ -96.251221, 18.599854 ], [ -96.273193, 18.599854 ], [ -96.295166, 18.621826 ], [ -96.328125, 18.632813 ], [ -96.361084, 18.621826 ], [ -96.383057, 18.599854 ], [ -96.416016, 18.588867 ], [ -96.448975, 18.599854 ], [ -96.470947, 18.665771 ], [ -96.514893, 18.709717 ], [ -96.547852, 18.720703 ], [ -96.591797, 18.720703 ], [ -96.624756, 18.731689 ], [ -96.646729, 18.753662 ], [ -96.712646, 18.775635 ], [ -96.756592, 18.81958 ], [ -96.756592, 18.841553 ], [ -96.723633, 18.852539 ], [ -96.547852, 18.852539 ], [ -96.514893, 18.863525 ], [ -96.470947, 18.907471 ], [ -96.470947, 18.929443 ], [ -96.536865, 18.951416 ], [ -96.558838, 18.973389 ], [ -96.624756, 18.995361 ], [ -96.635742, 19.02832 ], [ -96.624756, 19.061279 ], [ -96.558838, 19.083252 ], [ -96.514893, 19.127197 ], [ -96.514893, 19.14917 ], [ -96.558838, 19.193115 ], [ -96.624756, 19.215088 ], [ -96.635742, 19.248047 ], [ -96.635742, 19.291992 ], [ -96.646729, 19.324951 ], [ -96.668701, 19.346924 ], [ -96.690674, 19.412842 ], [ -96.723633, 19.423828 ], [ -96.767578, 19.423828 ], [ -96.800537, 19.434814 ], [ -96.811523, 19.467773 ], [ -96.80603, 19.500732 ], [ -96.789551, 19.511719 ], [ -96.762085, 19.511719 ] ] ] } },
{ "type": "Feature", "properties": { "fid": 45, "id": 2, "origin_id": 16, "range": 1800, "metric": "time", "mode": "car", "traffic": "disabled", "timestamp": null, "type": "fast" }, "geometry": { "type": "Polygon", "coordinates": [ [ [ -96.421509, 19.259033 ], [ -96.405029, 19.281006 ], [ -96.383057, 19.302979 ], [ -96.383057, 19.324951 ], [ -96.405029, 19.346924 ], [ -96.416016, 19.379883 ], [ -96.405029, 19.412842 ], [ -96.37207, 19.423828 ], [ -96.339111, 19.412842 ], [ -96.229248, 19.302979 ], [ -96.16333, 19.281006 ], [ -96.075439, 19.193115 ], [ -96.064453, 19.160156 ], [ -96.064453, 19.116211 ], [ -96.053467, 19.083252 ], [ -96.031494, 19.061279 ], [ -96.031494, 19.039307 ], [ -96.064453, 19.02832 ], [ -96.152344, 19.02832 ], [ -96.185303, 19.017334 ], [ -96.295166, 18.907471 ], [ -96.328125, 18.896484 ], [ -96.361084, 18.907471 ], [ -96.361084, 18.929443 ], [ -96.295166, 18.995361 ], [ -96.295166, 19.017334 ], [ -96.328125, 19.02832 ], [ -96.37207, 19.02832 ], [ -96.405029, 19.039307 ], [ -96.416016, 19.072266 ], [ -96.405029, 19.105225 ], [ -96.383057, 19.127197 ], [ -96.383057, 19.14917 ], [ -96.448975, 19.215088 ], [ -96.454468, 19.237061 ], [ -96.421509, 19.259033 ] ] ] } },
{ "type": "Feature", "properties": { "fid": 46, "id": 0, "origin_id": 17, "range": 5400, "metric": "time", "mode": "car", "traffic": "disabled", "timestamp": null, "type": "fast" }, "geometry": { "type": "Polygon", "coordinates": [ [ [ -101.859741, 22.675781 ], [ -101.777344, 22.675781 ], [ -101.744385, 22.664795 ], [ -101.722412, 22.642822 ], [ -101.656494, 22.62085 ], [ -101.634521, 22.598877 ], [ -101.568604, 22.576904 ], [ -101.45874, 22.467041 ], [ -101.425781, 22.456055 ], [ -101.337891, 22.456055 ], [ -101.304932, 22.445068 ], [ -101.282959, 22.423096 ], [ -101.25, 22.412109 ], [ -101.217041, 22.423096 ], [ -101.206055, 22.456055 ], [ -101.206055, 22.587891 ], [ -101.195068, 22.62085 ], [ -101.173096, 22.642822 ], [ -101.151123, 22.70874 ], [ -101.12915, 22.730713 ], [ -101.118164, 22.763672 ], [ -101.118164, 22.895508 ], [ -101.107178, 22.928467 ], [ -101.085205, 22.928467 ], [ -101.04126, 22.884521 ], [ -101.030273, 22.851563 ], [ -101.030273, 22.763672 ], [ -101.04126, 22.730713 ], [ -101.063232, 22.70874 ], [ -101.085205, 22.642822 ], [ -101.107178, 22.62085 ], [ -101.12915, 22.554932 ], [ -101.151123, 22.532959 ], [ -101.151123, 22.510986 ], [ -101.085205, 22.445068 ], [ -101.063232, 22.37915 ], [ -101.030273, 22.368164 ], [ -100.997314, 22.37915 ], [ -100.975342, 22.401123 ], [ -100.942383, 22.412109 ], [ -100.854492, 22.412109 ], [ -100.821533, 22.423096 ], [ -100.689697, 22.554932 ], [ -100.689697, 22.576904 ], [ -100.71167, 22.598877 ], [ -100.71167, 22.62085 ], [ -100.645752, 22.642822 ], [ -100.623779, 22.664795 ], [ -100.557861, 22.686768 ], [ -100.546875, 22.719727 ], [ -100.546875, 22.763672 ], [ -100.535889, 22.796631 ], [ -100.513916, 22.818604 ], [ -100.50293, 22.851563 ], [ -100.50293, 22.983398 ], [ -100.513916, 23.016357 ], [ -100.535889, 23.03833 ], [ -100.546875, 23.071289 ], [ -100.546875, 23.15918 ], [ -100.557861, 23.192139 ], [ -100.579834, 23.214111 ], [ -100.579834, 23.236084 ], [ -100.546875, 23.24707 ], [ -100.513916, 23.236084 ], [ -100.491943, 23.170166 ], [ -100.469971, 23.148193 ], [ -100.458984, 23.115234 ], [ -100.458984, 23.027344 ], [ -100.447998, 22.994385 ], [ -100.38208, 22.972412 ], [ -100.360107, 22.950439 ], [ -100.294189, 22.928467 ], [ -100.250244, 22.884521 ], [ -100.250244, 22.862549 ], [ -100.283203, 22.851563 ], [ -100.327148, 22.851563 ], [ -100.360107, 22.862549 ], [ -100.38208, 22.884521 ], [ -100.415039, 22.895508 ], [ -100.447998, 22.884521 ], [ -100.458984, 22.851563 ], [ -100.458984, 22.675781 ], [ -100.447998, 22.642822 ], [ -100.426025, 22.62085 ], [ -100.404053, 22.554932 ], [ -100.360107, 22.510986 ], [ -100.338135, 22.510986 ], [ -100.228271, 22.62085 ], [ -100.162354, 22.642822 ], [ -100.140381, 22.664795 ], [ -100.107422, 22.675781 ], [ -100.074463, 22.664795 ], [ -100.063477, 22.631836 ], [ -100.074463, 22.598877 ], [ -100.140381, 22.576904 ], [ -100.162354, 22.554932 ], [ -100.228271, 22.532959 ], [ -100.239258, 22.5 ], [ -100.239258, 22.324219 ], [ -100.228271, 22.29126 ], [ -100.162354, 22.225342 ], [ -100.151367, 22.192383 ], [ -100.162354, 22.159424 ], [ -100.184326, 22.159424 ], [ -100.316162, 22.29126 ], [ -100.327148, 22.324219 ], [ -100.327148, 22.368164 ], [ -100.338135, 22.401123 ], [ -100.404053, 22.423096 ], [ -100.469971, 22.489014 ], [ -100.535889, 22.510986 ], [ -100.557861, 22.532959 ], [ -100.579834, 22.532959 ], [ -100.601807, 22.467041 ], [ -100.623779, 22.445068 ], [ -100.645752, 22.37915 ], [ -100.71167, 22.313232 ], [ -100.722656, 22.280273 ], [ -100.722656, 22.236328 ], [ -100.71167, 22.203369 ], [ -100.645752, 22.181396 ], [ -100.579834, 22.115479 ], [ -100.546875, 22.104492 ], [ -100.458984, 22.104492 ], [ -100.426025, 22.093506 ], [ -100.404053, 22.071533 ], [ -100.371094, 22.060547 ], [ -100.283203, 22.060547 ], [ -100.250244, 22.049561 ], [ -100.250244, 22.027588 ], [ -100.294189, 21.983643 ], [ -100.327148, 21.972656 ], [ -100.371094, 21.972656 ], [ -100.404053, 21.983643 ], [ -100.426025, 22.005615 ], [ -100.458984, 22.016602 ], [ -100.59082, 22.016602 ], [ -100.623779, 22.005615 ], [ -100.667725, 21.96167 ], [ -100.678711, 21.928711 ], [ -100.667725, 21.895752 ], [ -100.645752, 21.873779 ], [ -100.623779, 21.807861 ], [ -100.601807, 21.785889 ], [ -100.59082, 21.75293 ], [ -100.59082, 21.708984 ], [ -100.601807, 21.676025 ], [ -100.667725, 21.610107 ], [ -100.678711, 21.577148 ], [ -100.678711, 21.445313 ], [ -100.667725, 21.412354 ], [ -100.623779, 21.368408 ], [ -100.557861, 21.346436 ], [ -100.546875, 21.313477 ], [ -100.546875, 21.181641 ], [ -100.535889, 21.148682 ], [ -100.426025, 21.038818 ], [ -100.426025, 21.016846 ], [ -100.458984, 21.005859 ], [ -100.491943, 21.016846 ], [ -100.513916, 21.038818 ], [ -100.546875, 21.049805 ], [ -100.59082, 21.049805 ], [ -100.623779, 21.060791 ], [ -100.623779, 21.082764 ], [ -100.601807, 21.104736 ], [ -100.59082, 21.137695 ], [ -100.601807, 21.170654 ], [ -100.645752, 21.2146 ], [ -100.678711, 21.225586 ], [ -100.71167, 21.2146 ], [ -100.733643, 21.192627 ], [ -100.766602, 21.181641 ], [ -100.854492, 21.181641 ], [ -100.887451, 21.192627 ], [ -100.887451, 21.2146 ], [ -100.843506, 21.258545 ], [ -100.810547, 21.269531 ], [ -100.766602, 21.269531 ], [ -100.733643, 21.280518 ], [ -100.689697, 21.324463 ], [ -100.689697, 21.346436 ], [ -100.71167, 21.368408 ], [ -100.733643, 21.434326 ], [ -100.799561, 21.500244 ], [ -100.810547, 21.533203 ], [ -100.810547, 21.75293 ], [ -100.821533, 21.785889 ], [ -100.854492, 21.796875 ], [ -100.887451, 21.785889 ], [ -100.898438, 21.75293 ], [ -100.898438, 21.708984 ], [ -100.909424, 21.676025 ], [ -100.975342, 21.654053 ], [ -101.063232, 21.566162 ], [ -101.085205, 21.500244 ], [ -101.107178, 21.478271 ], [ -101.118164, 21.445313 ], [ -101.118164, 21.401367 ], [ -101.107178, 21.368408 ], [ -101.085205, 21.346436 ], [ -101.063232, 21.280518 ], [ -101.04126, 21.258545 ], [ -101.04126, 21.236572 ], [ -101.074219, 21.225586 ], [ -101.107178, 21.236572 ], [ -101.151123, 21.280518 ], [ -101.173096, 21.346436 ], [ -101.206055, 21.357422 ], [ -101.239014, 21.346436 ], [ -101.25, 21.313477 ], [ -101.25, 21.269531 ], [ -101.260986, 21.236572 ], [ -101.304932, 21.192627 ], [ -101.326904, 21.192627 ], [ -101.337891, 21.225586 ], [ -101.337891, 21.269531 ], [ -101.326904, 21.30249 ], [ -101.304932, 21.324463 ], [ -101.293945, 21.357422 ], [ -101.293945, 21.401367 ], [ -101.282959, 21.434326 ], [ -101.260986, 21.456299 ], [ -101.260986, 21.478271 ], [ -101.304932, 21.522217 ], [ -101.337891, 21.533203 ], [ -101.381836, 21.533203 ], [ -101.414795, 21.544189 ], [ -101.436768, 21.566162 ], [ -101.45874, 21.566162 ], [ -101.480713, 21.500244 ], [ -101.524658, 21.456299 ], [ -101.546631, 21.456299 ], [ -101.557617, 21.489258 ], [ -101.557617, 21.533203 ], [ -101.546631, 21.566162 ], [ -101.524658, 21.588135 ], [ -101.513672, 21.621094 ], [ -101.524658, 21.654053 ], [ -101.546631, 21.654053 ], [ -101.744385, 21.456299 ], [ -101.777344, 21.445313 ], [ -101.810303, 21.456299 ], [ -101.821289, 21.489258 ], [ -101.810303, 21.522217 ], [ -101.744385, 21.544189 ], [ -101.700439, 21.588135 ], [ -101.678467, 21.654053 ], [ -101.656494, 21.676025 ], [ -101.645508, 21.708984 ], [ -101.645508, 21.796875 ], [ -101.656494, 21.829834 ], [ -101.678467, 21.829834 ], [ -101.700439, 21.807861 ], [ -101.766357, 21.785889 ], [ -101.78833, 21.763916 ], [ -101.821289, 21.75293 ], [ -101.854248, 21.763916 ], [ -101.865234, 21.796875 ], [ -101.854248, 21.829834 ], [ -101.78833, 21.851807 ], [ -101.766357, 21.873779 ], [ -101.700439, 21.895752 ], [ -101.678467, 21.917725 ], [ -101.645508, 21.928711 ], [ -101.469727, 21.928711 ], [ -101.436768, 21.939697 ], [ -101.414795, 21.96167 ], [ -101.348877, 21.983643 ], [ -101.326904, 22.049561 ], [ -101.260986, 22.071533 ], [ -101.260986, 22.093506 ], [ -101.282959, 22.115479 ], [ -101.282959, 22.137451 ], [ -101.25, 22.148438 ], [ -101.162109, 22.148438 ], [ -101.12915, 22.159424 ], [ -101.12915, 22.181396 ], [ -101.195068, 22.203369 ], [ -101.217041, 22.269287 ], [ -101.282959, 22.29126 ], [ -101.304932, 22.313232 ], [ -101.37085, 22.335205 ], [ -101.392822, 22.357178 ], [ -101.45874, 22.37915 ], [ -101.480713, 22.401123 ], [ -101.546631, 22.423096 ], [ -101.656494, 22.532959 ], [ -101.722412, 22.554932 ], [ -101.744385, 22.576904 ], [ -101.777344, 22.587891 ], [ -101.865234, 22.587891 ], [ -101.898193, 22.598877 ], [ -101.90918, 22.631836 ], [ -101.903687, 22.664795 ], [ -101.887207, 22.675781 ], [ -101.859741, 22.675781 ] ] ] } },
{ "type": "Feature", "properties": { "fid": 47, "id": 1, "origin_id": 17, "range": 3600, "metric": "time", "mode": "car", "traffic": "disabled", "timestamp": null, "type": "fast" }, "geometry": { "type": "Polygon", "coordinates": [ [ [ -101.464233, 22.456055 ], [ -101.337891, 22.456055 ], [ -101.304932, 22.445068 ], [ -101.282959, 22.423096 ], [ -101.25, 22.412109 ], [ -101.217041, 22.423096 ], [ -101.206055, 22.456055 ], [ -101.206055, 22.543945 ], [ -101.195068, 22.576904 ], [ -101.173096, 22.576904 ], [ -101.151123, 22.510986 ], [ -101.085205, 22.445068 ], [ -101.063232, 22.37915 ], [ -101.030273, 22.368164 ], [ -100.997314, 22.37915 ], [ -100.975342, 22.401123 ], [ -100.942383, 22.412109 ], [ -100.854492, 22.412109 ], [ -100.821533, 22.423096 ], [ -100.689697, 22.554932 ], [ -100.689697, 22.576904 ], [ -100.71167, 22.598877 ], [ -100.71167, 22.62085 ], [ -100.678711, 22.631836 ], [ -100.59082, 22.631836 ], [ -100.557861, 22.642822 ], [ -100.546875, 22.675781 ], [ -100.546875, 22.719727 ], [ -100.535889, 22.752686 ], [ -100.50293, 22.763672 ], [ -100.469971, 22.752686 ], [ -100.458984, 22.719727 ], [ -100.458984, 22.675781 ], [ -100.469971, 22.642822 ], [ -100.491943, 22.62085 ], [ -100.491943, 22.598877 ], [ -100.426025, 22.576904 ], [ -100.415039, 22.543945 ], [ -100.415039, 22.5 ], [ -100.426025, 22.467041 ], [ -100.447998, 22.467041 ], [ -100.469971, 22.489014 ], [ -100.535889, 22.510986 ], [ -100.557861, 22.532959 ], [ -100.579834, 22.532959 ], [ -100.601807, 22.467041 ], [ -100.623779, 22.445068 ], [ -100.645752, 22.37915 ], [ -100.71167, 22.313232 ], [ -100.722656, 22.280273 ], [ -100.722656, 22.236328 ], [ -100.71167, 22.203369 ], [ -100.645752, 22.181396 ], [ -100.579834, 22.115479 ], [ -100.546875, 22.104492 ], [ -100.50293, 22.104492 ], [ -100.469971, 22.093506 ], [ -100.469971, 22.071533 ], [ -100.513916, 22.027588 ], [ -100.546875, 22.016602 ], [ -100.59082, 22.016602 ], [ -100.623779, 22.005615 ], [ -100.667725, 21.96167 ], [ -100.678711, 21.928711 ], [ -100.667725, 21.895752 ], [ -100.645752, 21.873779 ], [ -100.623779, 21.807861 ], [ -100.601807, 21.785889 ], [ -100.59082, 21.75293 ], [ -100.59082, 21.708984 ], [ -100.601807, 21.676025 ], [ -100.71167, 21.566162 ], [ -100.71167, 21.544189 ], [ -100.689697, 21.522217 ], [ -100.678711, 21.489258 ], [ -100.678711, 21.445313 ], [ -100.667725, 21.412354 ], [ -100.645752, 21.390381 ], [ -100.645752, 21.368408 ], [ -100.678711, 21.357422 ], [ -100.71167, 21.368408 ], [ -100.733643, 21.434326 ], [ -100.799561, 21.500244 ], [ -100.810547, 21.533203 ], [ -100.810547, 21.665039 ], [ -100.799561, 21.697998 ], [ -100.777588, 21.719971 ], [ -100.777588, 21.741943 ], [ -100.821533, 21.785889 ], [ -100.854492, 21.796875 ], [ -100.887451, 21.785889 ], [ -100.898438, 21.75293 ], [ -100.898438, 21.708984 ], [ -100.909424, 21.676025 ], [ -100.975342, 21.654053 ], [ -101.063232, 21.566162 ], [ -101.085205, 21.500244 ], [ -101.118164, 21.489258 ], [ -101.151123, 21.500244 ], [ -101.162109, 21.533203 ], [ -101.151123, 21.566162 ], [ -101.12915, 21.588135 ], [ -101.107178, 21.654053 ], [ -101.085205, 21.676025 ], [ -101.074219, 21.708984 ], [ -101.085205, 21.741943 ], [ -101.217041, 21.873779 ], [ -101.25, 21.884766 ], [ -101.282959, 21.873779 ], [ -101.304932, 21.851807 ], [ -101.37085, 21.829834 ], [ -101.392822, 21.807861 ], [ -101.425781, 21.796875 ], [ -101.45874, 21.807861 ], [ -101.480713, 21.873779 ], [ -101.502686, 21.895752 ], [ -101.502686, 21.917725 ], [ -101.436768, 21.939697 ], [ -101.414795, 21.96167 ], [ -101.348877, 21.983643 ], [ -101.326904, 22.049561 ], [ -101.260986, 22.071533 ], [ -101.260986, 22.093506 ], [ -101.282959, 22.115479 ], [ -101.282959, 22.137451 ], [ -101.25, 22.148438 ], [ -101.162109, 22.148438 ], [ -101.12915, 22.159424 ], [ -101.12915, 22.181396 ], [ -101.195068, 22.203369 ], [ -101.217041, 22.269287 ], [ -101.282959, 22.29126 ], [ -101.304932, 22.313232 ], [ -101.37085, 22.335205 ], [ -101.392822, 22.357178 ], [ -101.45874, 22.37915 ], [ -101.502686, 22.423096 ], [ -101.508179, 22.445068 ], [ -101.491699, 22.456055 ], [ -101.464233, 22.456055 ] ] ] } },
{ "type": "Feature", "properties": { "fid": 48, "id": 2, "origin_id": 17, "range": 1800, "metric": "time", "mode": "car", "traffic": "disabled", "timestamp": null, "type": "fast" }, "geometry": { "type": "Polygon", "coordinates": [ [ [ -101.112671, 22.280273 ], [ -101.074219, 22.280273 ], [ -101.04126, 22.29126 ], [ -101.019287, 22.313232 ], [ -100.986328, 22.324219 ], [ -100.898438, 22.324219 ], [ -100.865479, 22.335205 ], [ -100.799561, 22.401123 ], [ -100.777588, 22.401123 ], [ -100.766602, 22.368164 ], [ -100.766602, 22.236328 ], [ -100.755615, 22.203369 ], [ -100.689697, 22.137451 ], [ -100.678711, 22.104492 ], [ -100.678711, 22.060547 ], [ -100.689697, 22.027588 ], [ -100.755615, 21.96167 ], [ -100.755615, 21.939697 ], [ -100.689697, 21.873779 ], [ -100.678711, 21.84082 ], [ -100.678711, 21.796875 ], [ -100.689697, 21.763916 ], [ -100.722656, 21.75293 ], [ -100.755615, 21.763916 ], [ -100.821533, 21.829834 ], [ -100.854492, 21.84082 ], [ -100.942383, 21.84082 ], [ -100.975342, 21.829834 ], [ -100.997314, 21.807861 ], [ -101.019287, 21.807861 ], [ -101.030273, 21.84082 ], [ -101.019287, 21.873779 ], [ -100.997314, 21.895752 ], [ -100.975342, 21.96167 ], [ -100.953369, 21.983643 ], [ -100.942383, 22.016602 ], [ -100.953369, 22.049561 ], [ -100.986328, 22.060547 ], [ -101.118164, 22.060547 ], [ -101.151123, 22.071533 ], [ -101.162109, 22.104492 ], [ -101.151123, 22.137451 ], [ -101.12915, 22.159424 ], [ -101.118164, 22.192383 ], [ -101.12915, 22.225342 ], [ -101.151123, 22.247314 ], [ -101.156616, 22.269287 ], [ -101.140137, 22.280273 ], [ -101.112671, 22.280273 ] ] ] } },
{ "type": "Feature", "properties": { "fid": 49, "id": 0, "origin_id": 18, "range": 5400, "metric": "time", "mode": "car", "traffic": "disabled", "timestamp": null, "type": "fast" }, "geometry": { "type": "Polygon", "coordinates": [ [ [ -100.471344, 17.152405 ], [ -100.467224, 17.157898 ], [ -100.461731, 17.163391 ], [ -100.458984, 17.171631 ], [ -100.458984, 17.182617 ], [ -100.456238, 17.190857 ], [ -100.445251, 17.201843 ], [ -100.437012, 17.20459 ], [ -100.428772, 17.201843 ], [ -100.417786, 17.190857 ], [ -100.412292, 17.174377 ], [ -100.406799, 17.174377 ], [ -100.39032, 17.190857 ], [ -100.384827, 17.190857 ], [ -100.37384, 17.179871 ], [ -100.371094, 17.171631 ], [ -100.371094, 17.160645 ], [ -100.368347, 17.152405 ], [ -100.360107, 17.149658 ], [ -100.351868, 17.152405 ], [ -100.346375, 17.168884 ], [ -100.335388, 17.179871 ], [ -100.327148, 17.182617 ], [ -100.305176, 17.182617 ], [ -100.296936, 17.179871 ], [ -100.294189, 17.171631 ], [ -100.294189, 17.160645 ], [ -100.296936, 17.152405 ], [ -100.313416, 17.146912 ], [ -100.318909, 17.130432 ], [ -100.324402, 17.124939 ], [ -100.324402, 17.119446 ], [ -100.26947, 17.064514 ], [ -100.252991, 17.059021 ], [ -100.247498, 17.053528 ], [ -100.231018, 17.048035 ], [ -100.214539, 17.031555 ], [ -100.206299, 17.028809 ], [ -100.195313, 17.028809 ], [ -100.187073, 17.026062 ], [ -100.18158, 17.020569 ], [ -100.17334, 17.017822 ], [ -100.151367, 17.017822 ], [ -100.143127, 17.020569 ], [ -100.143127, 17.026062 ], [ -100.151367, 17.028809 ], [ -100.162354, 17.028809 ], [ -100.170593, 17.031555 ], [ -100.17334, 17.039795 ], [ -100.17334, 17.050781 ], [ -100.170593, 17.059021 ], [ -100.162354, 17.061768 ], [ -100.151367, 17.061768 ], [ -100.143127, 17.064514 ], [ -100.140381, 17.072754 ], [ -100.143127, 17.080994 ], [ -100.154114, 17.09198 ], [ -100.170593, 17.097473 ], [ -100.17334, 17.105713 ], [ -100.17334, 17.116699 ], [ -100.170593, 17.124939 ], [ -100.159607, 17.135925 ], [ -100.151367, 17.138672 ], [ -100.143127, 17.135925 ], [ -100.137634, 17.130432 ], [ -100.121155, 17.124939 ], [ -100.104675, 17.108459 ], [ -100.099182, 17.108459 ], [ -100.093689, 17.124939 ], [ -100.085449, 17.127686 ], [ -100.063477, 17.127686 ], [ -100.055237, 17.124939 ], [ -100.049744, 17.119446 ], [ -100.041504, 17.116699 ], [ -99.9646, 17.116699 ], [ -99.95636, 17.113953 ], [ -99.945374, 17.102966 ], [ -99.93988, 17.086487 ], [ -99.931641, 17.08374 ], [ -99.898682, 17.08374 ], [ -99.890442, 17.080994 ], [ -99.884949, 17.0755 ], [ -99.876709, 17.072754 ], [ -99.868469, 17.0755 ], [ -99.857483, 17.086487 ], [ -99.857483, 17.09198 ], [ -99.879456, 17.113953 ], [ -99.895935, 17.119446 ], [ -99.898682, 17.127686 ], [ -99.898682, 17.138672 ], [ -99.895935, 17.146912 ], [ -99.887695, 17.149658 ], [ -99.876709, 17.149658 ], [ -99.868469, 17.146912 ], [ -99.862976, 17.141418 ], [ -99.857483, 17.141418 ], [ -99.854736, 17.149658 ], [ -99.854736, 17.171631 ], [ -99.85199, 17.179871 ], [ -99.84375, 17.182617 ], [ -99.832764, 17.182617 ], [ -99.824524, 17.179871 ], [ -99.821777, 17.171631 ], [ -99.821777, 17.160645 ], [ -99.819031, 17.152405 ], [ -99.810791, 17.149658 ], [ -99.802551, 17.152405 ], [ -99.797058, 17.157898 ], [ -99.788818, 17.160645 ], [ -99.777832, 17.160645 ], [ -99.769592, 17.157898 ], [ -99.766846, 17.149658 ], [ -99.766846, 17.138672 ], [ -99.764099, 17.130432 ], [ -99.755859, 17.127686 ], [ -99.744873, 17.127686 ], [ -99.736633, 17.130432 ], [ -99.73114, 17.135925 ], [ -99.7229, 17.138672 ], [ -99.700928, 17.138672 ], [ -99.692688, 17.141418 ], [ -99.689941, 17.149658 ], [ -99.692688, 17.157898 ], [ -99.698181, 17.163391 ], [ -99.700928, 17.171631 ], [ -99.700928, 17.182617 ], [ -99.698181, 17.190857 ], [ -99.689941, 17.193604 ], [ -99.667969, 17.193604 ], [ -99.659729, 17.190857 ], [ -99.656982, 17.182617 ], [ -99.656982, 17.171631 ], [ -99.654236, 17.163391 ], [ -99.648743, 17.163391 ], [ -99.64325, 17.168884 ], [ -99.63501, 17.171631 ], [ -99.613037, 17.171631 ], [ -99.604797, 17.174377 ], [ -99.599304, 17.190857 ], [ -99.591064, 17.193604 ], [ -99.580078, 17.193604 ], [ -99.571838, 17.19635 ], [ -99.571838, 17.201843 ], [ -99.588318, 17.207336 ], [ -99.591064, 17.215576 ], [ -99.588318, 17.223816 ], [ -99.577332, 17.234802 ], [ -99.560852, 17.240295 ], [ -99.560852, 17.245789 ], [ -99.577332, 17.251282 ], [ -99.582825, 17.256775 ], [ -99.591064, 17.259521 ], [ -99.602051, 17.259521 ], [ -99.610291, 17.262268 ], [ -99.621277, 17.273254 ], [ -99.624023, 17.281494 ], [ -99.624023, 17.303467 ], [ -99.621277, 17.311707 ], [ -99.613037, 17.314453 ], [ -99.591064, 17.314453 ], [ -99.582825, 17.3172 ], [ -99.577332, 17.333679 ], [ -99.566345, 17.344666 ], [ -99.558105, 17.347412 ], [ -99.547119, 17.347412 ], [ -99.538879, 17.344666 ], [ -99.536133, 17.336426 ], [ -99.536133, 17.325439 ], [ -99.538879, 17.3172 ], [ -99.544373, 17.311707 ], [ -99.547119, 17.303467 ], [ -99.544373, 17.295227 ], [ -99.533386, 17.284241 ], [ -99.527893, 17.284241 ], [ -99.5224, 17.30072 ], [ -99.516907, 17.306213 ], [ -99.511414, 17.322693 ], [ -99.50592, 17.328186 ], [ -99.503174, 17.336426 ], [ -99.503174, 17.369385 ], [ -99.500427, 17.377625 ], [ -99.494934, 17.383118 ], [ -99.492188, 17.391357 ], [ -99.492188, 17.41333 ], [ -99.494934, 17.42157 ], [ -99.511414, 17.427063 ], [ -99.516907, 17.443542 ], [ -99.533386, 17.460022 ], [ -99.536133, 17.468262 ], [ -99.533386, 17.476501 ], [ -99.516907, 17.481995 ], [ -99.51416, 17.490234 ], [ -99.516907, 17.498474 ], [ -99.533386, 17.503967 ], [ -99.544373, 17.514954 ], [ -99.549866, 17.531433 ], [ -99.566345, 17.536926 ], [ -99.571838, 17.553406 ], [ -99.577332, 17.558899 ], [ -99.580078, 17.567139 ], [ -99.580078, 17.578125 ], [ -99.577332, 17.586365 ], [ -99.571838, 17.591858 ], [ -99.571838, 17.597351 ], [ -99.582825, 17.608337 ], [ -99.591064, 17.611084 ], [ -99.602051, 17.611084 ], [ -99.610291, 17.613831 ], [ -99.613037, 17.62207 ], [ -99.610291, 17.63031 ], [ -99.599304, 17.641296 ], [ -99.591064, 17.644043 ], [ -99.569092, 17.644043 ], [ -99.560852, 17.64679 ], [ -99.549866, 17.657776 ], [ -99.549866, 17.663269 ], [ -99.555359, 17.668762 ], [ -99.560852, 17.685242 ], [ -99.577332, 17.701721 ], [ -99.580078, 17.709961 ], [ -99.580078, 17.720947 ], [ -99.577332, 17.729187 ], [ -99.566345, 17.740173 ], [ -99.558105, 17.74292 ], [ -99.549866, 17.740173 ], [ -99.538879, 17.729187 ], [ -99.533386, 17.712708 ], [ -99.527893, 17.712708 ], [ -99.5224, 17.729187 ], [ -99.516907, 17.73468 ], [ -99.511414, 17.75116 ], [ -99.50592, 17.756653 ], [ -99.503174, 17.764893 ], [ -99.503174, 17.797852 ], [ -99.500427, 17.806091 ], [ -99.478455, 17.828064 ], [ -99.470215, 17.830811 ], [ -99.459229, 17.830811 ], [ -99.450989, 17.828064 ], [ -99.448242, 17.819824 ], [ -99.448242, 17.808838 ], [ -99.450989, 17.800598 ], [ -99.456482, 17.795105 ], [ -99.459229, 17.786865 ], [ -99.459229, 17.764893 ], [ -99.461975, 17.756653 ], [ -99.467468, 17.75116 ], [ -99.472961, 17.73468 ], [ -99.478455, 17.729187 ], [ -99.483948, 17.712708 ], [ -99.489441, 17.707214 ], [ -99.489441, 17.701721 ], [ -99.483948, 17.696228 ], [ -99.481201, 17.687988 ], [ -99.481201, 17.644043 ], [ -99.483948, 17.635803 ], [ -99.489441, 17.63031 ], [ -99.489441, 17.624817 ], [ -99.481201, 17.62207 ], [ -99.404297, 17.62207 ], [ -99.396057, 17.619324 ], [ -99.390564, 17.613831 ], [ -99.374084, 17.608337 ], [ -99.371338, 17.600098 ], [ -99.371338, 17.589111 ], [ -99.374084, 17.580872 ], [ -99.390564, 17.575378 ], [ -99.393311, 17.567139 ], [ -99.393311, 17.545166 ], [ -99.396057, 17.536926 ], [ -99.404297, 17.53418 ], [ -99.42627, 17.53418 ], [ -99.434509, 17.531433 ], [ -99.440002, 17.52594 ], [ -99.456482, 17.520447 ], [ -99.456482, 17.514954 ], [ -99.445496, 17.503967 ], [ -99.437256, 17.501221 ], [ -99.42627, 17.501221 ], [ -99.41803, 17.503967 ], [ -99.412537, 17.50946 ], [ -99.407043, 17.50946 ], [ -99.40155, 17.503967 ], [ -99.393311, 17.501221 ], [ -99.382324, 17.501221 ], [ -99.374084, 17.498474 ], [ -99.363098, 17.487488 ], [ -99.360352, 17.479248 ], [ -99.360352, 17.468262 ], [ -99.363098, 17.460022 ], [ -99.379578, 17.454529 ], [ -99.385071, 17.449036 ], [ -99.393311, 17.446289 ], [ -99.40155, 17.449036 ], [ -99.41803, 17.465515 ], [ -99.42627, 17.468262 ], [ -99.434509, 17.465515 ], [ -99.445496, 17.454529 ], [ -99.445496, 17.449036 ], [ -99.440002, 17.443542 ], [ -99.434509, 17.427063 ], [ -99.429016, 17.42157 ], [ -99.42627, 17.41333 ], [ -99.42627, 17.402344 ], [ -99.429016, 17.394104 ], [ -99.434509, 17.388611 ], [ -99.437256, 17.380371 ], [ -99.437256, 17.347412 ], [ -99.440002, 17.339172 ], [ -99.445496, 17.333679 ], [ -99.445496, 17.328186 ], [ -99.429016, 17.322693 ], [ -99.407043, 17.30072 ], [ -99.404297, 17.29248 ], [ -99.404297, 17.281494 ], [ -99.407043, 17.273254 ], [ -99.415283, 17.270508 ], [ -99.42627, 17.270508 ], [ -99.434509, 17.273254 ], [ -99.440002, 17.278748 ], [ -99.448242, 17.281494 ], [ -99.456482, 17.278748 ], [ -99.489441, 17.245789 ], [ -99.492188, 17.237549 ], [ -99.492188, 17.20459 ], [ -99.489441, 17.19635 ], [ -99.483948, 17.190857 ], [ -99.481201, 17.182617 ], [ -99.481201, 17.171631 ], [ -99.478455, 17.163391 ], [ -99.470215, 17.160645 ], [ -99.461975, 17.163391 ], [ -99.456482, 17.168884 ], [ -99.448242, 17.171631 ], [ -99.415283, 17.171631 ], [ -99.407043, 17.168884 ], [ -99.40155, 17.163391 ], [ -99.385071, 17.157898 ], [ -99.374084, 17.146912 ], [ -99.371338, 17.138672 ], [ -99.374084, 17.130432 ], [ -99.382324, 17.127686 ], [ -99.437256, 17.127686 ], [ -99.445496, 17.124939 ], [ -99.450989, 17.119446 ], [ -99.459229, 17.116699 ], [ -99.470215, 17.116699 ], [ -99.478455, 17.113953 ], [ -99.483948, 17.097473 ], [ -99.489441, 17.09198 ], [ -99.489441, 17.086487 ], [ -99.483948, 17.080994 ], [ -99.478455, 17.064514 ], [ -99.41803, 17.004089 ], [ -99.415283, 16.99585 ], [ -99.415283, 16.984863 ], [ -99.41803, 16.976624 ], [ -99.42627, 16.973877 ], [ -99.437256, 16.973877 ], [ -99.445496, 16.976624 ], [ -99.450989, 16.982117 ], [ -99.459229, 16.984863 ], [ -99.536133, 16.984863 ], [ -99.544373, 16.98761 ], [ -99.547119, 16.99585 ], [ -99.544373, 17.004089 ], [ -99.527893, 17.020569 ], [ -99.525146, 17.028809 ], [ -99.525146, 17.061768 ], [ -99.527893, 17.070007 ], [ -99.549866, 17.09198 ], [ -99.558105, 17.094727 ], [ -99.566345, 17.09198 ], [ -99.577332, 17.080994 ], [ -99.577332, 17.0755 ], [ -99.560852, 17.059021 ], [ -99.558105, 17.050781 ], [ -99.560852, 17.042542 ], [ -99.571838, 17.031555 ], [ -99.580078, 17.028809 ], [ -99.591064, 17.028809 ], [ -99.599304, 17.026062 ], [ -99.610291, 17.015076 ], [ -99.610291, 17.009583 ], [ -99.604797, 17.004089 ], [ -99.604797, 16.998596 ], [ -99.615784, 16.98761 ], [ -99.632263, 16.982117 ], [ -99.637756, 16.965637 ], [ -99.645996, 16.962891 ], [ -99.656982, 16.962891 ], [ -99.665222, 16.965637 ], [ -99.670715, 16.982117 ], [ -99.676208, 16.982117 ], [ -99.681702, 16.976624 ], [ -99.698181, 16.97113 ], [ -99.725647, 16.943665 ], [ -99.742126, 16.938171 ], [ -99.74762, 16.932678 ], [ -99.764099, 16.927185 ], [ -99.764099, 16.921692 ], [ -99.755859, 16.918945 ], [ -99.733887, 16.918945 ], [ -99.725647, 16.921692 ], [ -99.698181, 16.949158 ], [ -99.689941, 16.951904 ], [ -99.681702, 16.949158 ], [ -99.676208, 16.943665 ], [ -99.667969, 16.940918 ], [ -99.656982, 16.940918 ], [ -99.648743, 16.943665 ], [ -99.64325, 16.949158 ], [ -99.63501, 16.951904 ], [ -99.624023, 16.951904 ], [ -99.615784, 16.949158 ], [ -99.604797, 16.938171 ], [ -99.602051, 16.929932 ], [ -99.602051, 16.918945 ], [ -99.599304, 16.910706 ], [ -99.591064, 16.907959 ], [ -99.582825, 16.910706 ], [ -99.577332, 16.916199 ], [ -99.569092, 16.918945 ], [ -99.536133, 16.918945 ], [ -99.527893, 16.916199 ], [ -99.5224, 16.910706 ], [ -99.50592, 16.905212 ], [ -99.503174, 16.896973 ], [ -99.50592, 16.888733 ], [ -99.511414, 16.88324 ], [ -99.511414, 16.877747 ], [ -99.494934, 16.872253 ], [ -99.489441, 16.86676 ], [ -99.481201, 16.864014 ], [ -99.459229, 16.864014 ], [ -99.450989, 16.861267 ], [ -99.445496, 16.855774 ], [ -99.437256, 16.855774 ], [ -99.429016, 16.864014 ], [ -99.429016, 16.872253 ], [ -99.434509, 16.877747 ], [ -99.437256, 16.885986 ], [ -99.437256, 16.896973 ], [ -99.434509, 16.905212 ], [ -99.42627, 16.907959 ], [ -99.415283, 16.907959 ], [ -99.407043, 16.905212 ], [ -99.396057, 16.894226 ], [ -99.390564, 16.877747 ], [ -99.379578, 16.86676 ], [ -99.374084, 16.86676 ], [ -99.368591, 16.872253 ], [ -99.352112, 16.877747 ], [ -99.346619, 16.88324 ], [ -99.338379, 16.885986 ], [ -99.316406, 16.885986 ], [ -99.308167, 16.88324 ], [ -99.302673, 16.86676 ], [ -99.294434, 16.864014 ], [ -99.283447, 16.864014 ], [ -99.275208, 16.861267 ], [ -99.269714, 16.855774 ], [ -99.253235, 16.850281 ], [ -99.250488, 16.842041 ], [ -99.250488, 16.831055 ], [ -99.247742, 16.822815 ], [ -99.239502, 16.820068 ], [ -99.231262, 16.822815 ], [ -99.225769, 16.828308 ], [ -99.217529, 16.831055 ], [ -99.206543, 16.831055 ], [ -99.198303, 16.828308 ], [ -99.19281, 16.811829 ], [ -99.18457, 16.809082 ], [ -99.173584, 16.809082 ], [ -99.165344, 16.806335 ], [ -99.159851, 16.800842 ], [ -99.143372, 16.795349 ], [ -99.140625, 16.787109 ], [ -99.140625, 16.776123 ], [ -99.143372, 16.767883 ], [ -99.148865, 16.76239 ], [ -99.148865, 16.756897 ], [ -99.140625, 16.75415 ], [ -99.129639, 16.75415 ], [ -99.121399, 16.751404 ], [ -99.08844, 16.718445 ], [ -99.085693, 16.710205 ], [ -99.085693, 16.688232 ], [ -99.08844, 16.679993 ], [ -99.09668, 16.677246 ], [ -99.104919, 16.679993 ], [ -99.110413, 16.685486 ], [ -99.118652, 16.688232 ], [ -99.129639, 16.688232 ], [ -99.137878, 16.690979 ], [ -99.143372, 16.707458 ], [ -99.151611, 16.710205 ], [ -99.162598, 16.710205 ], [ -99.170837, 16.712952 ], [ -99.176331, 16.718445 ], [ -99.181824, 16.718445 ], [ -99.18457, 16.710205 ], [ -99.18457, 16.699219 ], [ -99.187317, 16.690979 ], [ -99.19281, 16.685486 ], [ -99.195557, 16.677246 ], [ -99.195557, 16.66626 ], [ -99.198303, 16.65802 ], [ -99.214783, 16.652527 ], [ -99.220276, 16.636047 ], [ -99.228516, 16.633301 ], [ -99.239502, 16.633301 ], [ -99.247742, 16.636047 ], [ -99.258728, 16.647034 ], [ -99.261475, 16.655273 ], [ -99.261475, 16.66626 ], [ -99.264221, 16.6745 ], [ -99.280701, 16.679993 ], [ -99.286194, 16.685486 ], [ -99.294434, 16.688232 ], [ -99.316406, 16.688232 ], [ -99.324646, 16.690979 ], [ -99.330139, 16.696472 ], [ -99.338379, 16.699219 ], [ -99.360352, 16.699219 ], [ -99.368591, 16.701965 ], [ -99.385071, 16.718445 ], [ -99.390564, 16.718445 ], [ -99.40155, 16.707458 ], [ -99.40155, 16.701965 ], [ -99.385071, 16.696472 ], [ -99.379578, 16.690979 ], [ -99.371338, 16.688232 ], [ -99.360352, 16.688232 ], [ -99.352112, 16.685486 ], [ -99.349365, 16.677246 ], [ -99.349365, 16.66626 ], [ -99.352112, 16.65802 ], [ -99.360352, 16.655273 ], [ -99.393311, 16.655273 ], [ -99.40155, 16.65802 ], [ -99.407043, 16.663513 ], [ -99.415283, 16.66626 ], [ -99.42627, 16.66626 ], [ -99.434509, 16.669006 ], [ -99.440002, 16.6745 ], [ -99.448242, 16.677246 ], [ -99.503174, 16.677246 ], [ -99.511414, 16.679993 ], [ -99.527893, 16.696472 ], [ -99.536133, 16.699219 ], [ -99.544373, 16.696472 ], [ -99.549866, 16.690979 ], [ -99.558105, 16.688232 ], [ -99.591064, 16.688232 ], [ -99.599304, 16.685486 ], [ -99.604797, 16.679993 ], [ -99.613037, 16.677246 ], [ -99.656982, 16.677246 ], [ -99.665222, 16.679993 ], [ -99.670715, 16.685486 ], [ -99.687195, 16.690979 ], [ -99.703674, 16.707458 ], [ -99.711914, 16.710205 ], [ -99.7229, 16.710205 ], [ -99.73114, 16.712952 ], [ -99.736633, 16.718445 ], [ -99.744873, 16.721191 ], [ -99.755859, 16.721191 ], [ -99.764099, 16.723938 ], [ -99.802551, 16.76239 ], [ -99.819031, 16.767883 ], [ -99.824524, 16.773376 ], [ -99.832764, 16.776123 ], [ -99.854736, 16.776123 ], [ -99.862976, 16.77887 ], [ -99.868469, 16.795349 ], [ -99.873962, 16.800842 ], [ -99.876709, 16.809082 ], [ -99.876709, 16.831055 ], [ -99.879456, 16.839294 ], [ -99.884949, 16.839294 ], [ -99.890442, 16.822815 ], [ -99.898682, 16.820068 ], [ -99.920654, 16.820068 ], [ -99.928894, 16.822815 ], [ -99.934387, 16.839294 ], [ -99.989319, 16.894226 ], [ -99.997559, 16.896973 ], [ -100.008545, 16.896973 ], [ -100.016785, 16.899719 ], [ -100.022278, 16.905212 ], [ -100.030518, 16.907959 ], [ -100.041504, 16.907959 ], [ -100.049744, 16.910706 ], [ -100.055237, 16.916199 ], [ -100.063477, 16.918945 ], [ -100.074463, 16.918945 ], [ -100.082703, 16.921692 ], [ -100.085449, 16.929932 ], [ -100.085449, 16.951904 ], [ -100.088196, 16.960144 ], [ -100.096436, 16.962891 ], [ -100.104675, 16.960144 ], [ -100.110168, 16.954651 ], [ -100.126648, 16.949158 ], [ -100.132141, 16.943665 ], [ -100.140381, 16.940918 ], [ -100.148621, 16.943665 ], [ -100.154114, 16.949158 ], [ -100.170593, 16.954651 ], [ -100.176086, 16.960144 ], [ -100.184326, 16.962891 ], [ -100.195313, 16.962891 ], [ -100.203552, 16.965637 ], [ -100.209045, 16.97113 ], [ -100.217285, 16.973877 ], [ -100.239258, 16.973877 ], [ -100.247498, 16.976624 ], [ -100.252991, 16.982117 ], [ -100.26947, 16.98761 ], [ -100.274963, 16.993103 ], [ -100.283203, 16.99585 ], [ -100.294189, 16.99585 ], [ -100.302429, 16.998596 ], [ -100.313416, 17.009583 ], [ -100.316162, 17.017822 ], [ -100.313416, 17.026062 ], [ -100.296936, 17.031555 ], [ -100.296936, 17.037048 ], [ -100.340881, 17.080994 ], [ -100.349121, 17.08374 ], [ -100.360107, 17.08374 ], [ -100.368347, 17.086487 ], [ -100.37384, 17.102966 ], [ -100.384827, 17.113953 ], [ -100.401306, 17.119446 ], [ -100.406799, 17.124939 ], [ -100.423279, 17.130432 ], [ -100.428772, 17.135925 ], [ -100.434265, 17.135925 ], [ -100.439758, 17.130432 ], [ -100.447998, 17.127686 ], [ -100.458984, 17.127686 ], [ -100.467224, 17.130432 ], [ -100.47821, 17.141418 ], [ -100.479584, 17.146912 ], [ -100.471344, 17.152405 ] ] ] } },
{ "type": "Feature", "properties": { "fid": 50, "id": 1, "origin_id": 18, "range": 3600, "metric": "time", "mode": "car", "traffic": "disabled", "timestamp": null, "type": "fast" }, "geometry": { "type": "Polygon", "coordinates": [ [ [ -100.226898, 17.028809 ], [ -100.217285, 17.028809 ], [ -100.209045, 17.026062 ], [ -100.203552, 17.020569 ], [ -100.195313, 17.017822 ], [ -100.140381, 17.017822 ], [ -100.132141, 17.020569 ], [ -100.129395, 17.028809 ], [ -100.129395, 17.039795 ], [ -100.126648, 17.048035 ], [ -100.118408, 17.050781 ], [ -100.107422, 17.050781 ], [ -100.099182, 17.048035 ], [ -100.093689, 17.042542 ], [ -100.088196, 17.042542 ], [ -100.082703, 17.048035 ], [ -100.074463, 17.050781 ], [ -100.05249, 17.050781 ], [ -100.04425, 17.048035 ], [ -100.038757, 17.031555 ], [ -100.030518, 17.028809 ], [ -100.022278, 17.031555 ], [ -100.016785, 17.037048 ], [ -100.008545, 17.039795 ], [ -100.000305, 17.037048 ], [ -99.997559, 17.028809 ], [ -99.997559, 17.017822 ], [ -99.994812, 17.009583 ], [ -99.986572, 17.006836 ], [ -99.978333, 17.009583 ], [ -99.975586, 17.017822 ], [ -99.975586, 17.061768 ], [ -99.972839, 17.070007 ], [ -99.9646, 17.072754 ], [ -99.95636, 17.070007 ], [ -99.950867, 17.064514 ], [ -99.942627, 17.061768 ], [ -99.934387, 17.064514 ], [ -99.928894, 17.070007 ], [ -99.923401, 17.070007 ], [ -99.920654, 17.061768 ], [ -99.920654, 17.050781 ], [ -99.923401, 17.042542 ], [ -99.93988, 17.037048 ], [ -99.942627, 17.028809 ], [ -99.942627, 17.017822 ], [ -99.945374, 17.009583 ], [ -99.950867, 17.004089 ], [ -99.953613, 16.99585 ], [ -99.950867, 16.98761 ], [ -99.934387, 16.982117 ], [ -99.928894, 16.976624 ], [ -99.920654, 16.973877 ], [ -99.909668, 16.973877 ], [ -99.901428, 16.976624 ], [ -99.895935, 16.982117 ], [ -99.879456, 16.98761 ], [ -99.873962, 17.004089 ], [ -99.865723, 17.006836 ], [ -99.857483, 17.004089 ], [ -99.85199, 16.998596 ], [ -99.84375, 16.99585 ], [ -99.83551, 16.998596 ], [ -99.83551, 17.004089 ], [ -99.857483, 17.026062 ], [ -99.862976, 17.026062 ], [ -99.868469, 17.020569 ], [ -99.876709, 17.017822 ], [ -99.884949, 17.020569 ], [ -99.895935, 17.031555 ], [ -99.898682, 17.039795 ], [ -99.898682, 17.050781 ], [ -99.895935, 17.059021 ], [ -99.887695, 17.061768 ], [ -99.879456, 17.059021 ], [ -99.873962, 17.053528 ], [ -99.868469, 17.053528 ], [ -99.865723, 17.061768 ], [ -99.865723, 17.072754 ], [ -99.862976, 17.080994 ], [ -99.85199, 17.09198 ], [ -99.83551, 17.097473 ], [ -99.830017, 17.102966 ], [ -99.813538, 17.108459 ], [ -99.808044, 17.113953 ], [ -99.799805, 17.116699 ], [ -99.791565, 17.113953 ], [ -99.786072, 17.097473 ], [ -99.775085, 17.086487 ], [ -99.766846, 17.08374 ], [ -99.758606, 17.086487 ], [ -99.74762, 17.097473 ], [ -99.742126, 17.113953 ], [ -99.73114, 17.124939 ], [ -99.7229, 17.127686 ], [ -99.711914, 17.127686 ], [ -99.703674, 17.130432 ], [ -99.698181, 17.135925 ], [ -99.689941, 17.138672 ], [ -99.678955, 17.138672 ], [ -99.670715, 17.141418 ], [ -99.654236, 17.157898 ], [ -99.637756, 17.163391 ], [ -99.632263, 17.168884 ], [ -99.624023, 17.171631 ], [ -99.613037, 17.171631 ], [ -99.604797, 17.174377 ], [ -99.599304, 17.190857 ], [ -99.591064, 17.193604 ], [ -99.569092, 17.193604 ], [ -99.560852, 17.19635 ], [ -99.549866, 17.207336 ], [ -99.544373, 17.223816 ], [ -99.538879, 17.229309 ], [ -99.536133, 17.237549 ], [ -99.538879, 17.245789 ], [ -99.555359, 17.251282 ], [ -99.566345, 17.262268 ], [ -99.569092, 17.270508 ], [ -99.566345, 17.278748 ], [ -99.558105, 17.281494 ], [ -99.536133, 17.281494 ], [ -99.527893, 17.284241 ], [ -99.516907, 17.295227 ], [ -99.511414, 17.311707 ], [ -99.494934, 17.328186 ], [ -99.492188, 17.336426 ], [ -99.492188, 17.380371 ], [ -99.489441, 17.388611 ], [ -99.483948, 17.394104 ], [ -99.481201, 17.402344 ], [ -99.481201, 17.424316 ], [ -99.478455, 17.432556 ], [ -99.470215, 17.435303 ], [ -99.459229, 17.435303 ], [ -99.450989, 17.432556 ], [ -99.448242, 17.424316 ], [ -99.448242, 17.391357 ], [ -99.450989, 17.383118 ], [ -99.456482, 17.377625 ], [ -99.459229, 17.369385 ], [ -99.459229, 17.358398 ], [ -99.461975, 17.350159 ], [ -99.467468, 17.344666 ], [ -99.467468, 17.339172 ], [ -99.461975, 17.333679 ], [ -99.459229, 17.325439 ], [ -99.461975, 17.3172 ], [ -99.478455, 17.30072 ], [ -99.478455, 17.295227 ], [ -99.472961, 17.289734 ], [ -99.470215, 17.281494 ], [ -99.472961, 17.273254 ], [ -99.478455, 17.267761 ], [ -99.483948, 17.251282 ], [ -99.500427, 17.234802 ], [ -99.503174, 17.226563 ], [ -99.500427, 17.218323 ], [ -99.494934, 17.21283 ], [ -99.492188, 17.20459 ], [ -99.492188, 17.193604 ], [ -99.489441, 17.185364 ], [ -99.483948, 17.179871 ], [ -99.481201, 17.171631 ], [ -99.481201, 17.160645 ], [ -99.483948, 17.152405 ], [ -99.500427, 17.146912 ], [ -99.500427, 17.141418 ], [ -99.483948, 17.135925 ], [ -99.481201, 17.127686 ], [ -99.483948, 17.119446 ], [ -99.489441, 17.113953 ], [ -99.492188, 17.105713 ], [ -99.492188, 17.094727 ], [ -99.494934, 17.086487 ], [ -99.503174, 17.08374 ], [ -99.511414, 17.086487 ], [ -99.538879, 17.113953 ], [ -99.544373, 17.113953 ], [ -99.549866, 17.108459 ], [ -99.566345, 17.102966 ], [ -99.577332, 17.09198 ], [ -99.582825, 17.0755 ], [ -99.593811, 17.064514 ], [ -99.610291, 17.059021 ], [ -99.615784, 17.042542 ], [ -99.621277, 17.037048 ], [ -99.62677, 17.020569 ], [ -99.64325, 17.015076 ], [ -99.648743, 16.998596 ], [ -99.665222, 16.993103 ], [ -99.670715, 16.98761 ], [ -99.687195, 16.982117 ], [ -99.703674, 16.965637 ], [ -99.720154, 16.960144 ], [ -99.736633, 16.943665 ], [ -99.753113, 16.938171 ], [ -99.764099, 16.927185 ], [ -99.764099, 16.921692 ], [ -99.74762, 16.916199 ], [ -99.742126, 16.910706 ], [ -99.736633, 16.910706 ], [ -99.709167, 16.938171 ], [ -99.700928, 16.940918 ], [ -99.678955, 16.940918 ], [ -99.670715, 16.938171 ], [ -99.665222, 16.932678 ], [ -99.648743, 16.927185 ], [ -99.645996, 16.918945 ], [ -99.645996, 16.907959 ], [ -99.64325, 16.899719 ], [ -99.637756, 16.899719 ], [ -99.632263, 16.905212 ], [ -99.624023, 16.907959 ], [ -99.615784, 16.905212 ], [ -99.604797, 16.894226 ], [ -99.602051, 16.885986 ], [ -99.602051, 16.875 ], [ -99.604797, 16.86676 ], [ -99.613037, 16.864014 ], [ -99.624023, 16.864014 ], [ -99.632263, 16.861267 ], [ -99.63501, 16.853027 ], [ -99.632263, 16.844788 ], [ -99.615784, 16.828308 ], [ -99.613037, 16.820068 ], [ -99.615784, 16.811829 ], [ -99.624023, 16.809082 ], [ -99.63501, 16.809082 ], [ -99.64325, 16.806335 ], [ -99.64325, 16.800842 ], [ -99.62677, 16.795349 ], [ -99.621277, 16.789856 ], [ -99.613037, 16.787109 ], [ -99.591064, 16.787109 ], [ -99.582825, 16.784363 ], [ -99.577332, 16.77887 ], [ -99.571838, 16.77887 ], [ -99.560852, 16.789856 ], [ -99.560852, 16.795349 ], [ -99.577332, 16.811829 ], [ -99.582825, 16.828308 ], [ -99.588318, 16.833801 ], [ -99.591064, 16.842041 ], [ -99.588318, 16.850281 ], [ -99.580078, 16.853027 ], [ -99.569092, 16.853027 ], [ -99.560852, 16.850281 ], [ -99.549866, 16.839294 ], [ -99.544373, 16.822815 ], [ -99.536133, 16.820068 ], [ -99.527893, 16.822815 ], [ -99.525146, 16.831055 ], [ -99.525146, 16.853027 ], [ -99.5224, 16.861267 ], [ -99.51416, 16.864014 ], [ -99.50592, 16.861267 ], [ -99.503174, 16.853027 ], [ -99.503174, 16.842041 ], [ -99.500427, 16.833801 ], [ -99.492188, 16.831055 ], [ -99.481201, 16.831055 ], [ -99.472961, 16.828308 ], [ -99.470215, 16.820068 ], [ -99.472961, 16.811829 ], [ -99.478455, 16.806335 ], [ -99.478455, 16.800842 ], [ -99.467468, 16.789856 ], [ -99.459229, 16.787109 ], [ -99.42627, 16.787109 ], [ -99.41803, 16.789856 ], [ -99.412537, 16.806335 ], [ -99.40155, 16.817322 ], [ -99.393311, 16.820068 ], [ -99.360352, 16.820068 ], [ -99.352112, 16.817322 ], [ -99.346619, 16.800842 ], [ -99.330139, 16.784363 ], [ -99.327393, 16.776123 ], [ -99.327393, 16.75415 ], [ -99.330139, 16.745911 ], [ -99.338379, 16.743164 ], [ -99.346619, 16.745911 ], [ -99.363098, 16.76239 ], [ -99.368591, 16.76239 ], [ -99.374084, 16.745911 ], [ -99.382324, 16.743164 ], [ -99.415283, 16.743164 ], [ -99.423523, 16.740417 ], [ -99.450989, 16.712952 ], [ -99.459229, 16.710205 ], [ -99.470215, 16.710205 ], [ -99.478455, 16.712952 ], [ -99.483948, 16.721191 ], [ -99.492188, 16.729431 ], [ -99.500427, 16.729431 ], [ -99.503174, 16.721191 ], [ -99.503174, 16.710205 ], [ -99.50592, 16.701965 ], [ -99.51416, 16.699219 ], [ -99.547119, 16.699219 ], [ -99.555359, 16.696472 ], [ -99.560852, 16.690979 ], [ -99.569092, 16.688232 ], [ -99.591064, 16.688232 ], [ -99.599304, 16.685486 ], [ -99.604797, 16.679993 ], [ -99.613037, 16.677246 ], [ -99.645996, 16.677246 ], [ -99.654236, 16.679993 ], [ -99.659729, 16.685486 ], [ -99.676208, 16.690979 ], [ -99.681702, 16.696472 ], [ -99.698181, 16.701965 ], [ -99.703674, 16.707458 ], [ -99.711914, 16.710205 ], [ -99.7229, 16.710205 ], [ -99.73114, 16.712952 ], [ -99.736633, 16.718445 ], [ -99.753113, 16.723938 ], [ -99.758606, 16.729431 ], [ -99.775085, 16.734924 ], [ -99.813538, 16.773376 ], [ -99.821777, 16.776123 ], [ -99.84375, 16.776123 ], [ -99.85199, 16.77887 ], [ -99.873962, 16.800842 ], [ -99.876709, 16.809082 ], [ -99.876709, 16.831055 ], [ -99.879456, 16.839294 ], [ -99.884949, 16.839294 ], [ -99.890442, 16.822815 ], [ -99.898682, 16.820068 ], [ -99.920654, 16.820068 ], [ -99.928894, 16.822815 ], [ -99.931641, 16.831055 ], [ -99.931641, 16.842041 ], [ -99.934387, 16.850281 ], [ -99.967346, 16.88324 ], [ -99.983826, 16.888733 ], [ -99.989319, 16.894226 ], [ -100.005798, 16.899719 ], [ -100.011292, 16.905212 ], [ -100.019531, 16.907959 ], [ -100.030518, 16.907959 ], [ -100.038757, 16.910706 ], [ -100.04425, 16.916199 ], [ -100.06073, 16.921692 ], [ -100.071716, 16.932678 ], [ -100.074463, 16.940918 ], [ -100.071716, 16.949158 ], [ -100.063477, 16.951904 ], [ -100.05249, 16.951904 ], [ -100.04425, 16.949158 ], [ -100.038757, 16.943665 ], [ -100.030518, 16.940918 ], [ -100.019531, 16.940918 ], [ -100.011292, 16.938171 ], [ -100.005798, 16.932678 ], [ -99.989319, 16.927185 ], [ -99.983826, 16.921692 ], [ -99.978333, 16.921692 ], [ -99.975586, 16.929932 ], [ -99.978333, 16.938171 ], [ -99.989319, 16.949158 ], [ -99.997559, 16.951904 ], [ -100.008545, 16.951904 ], [ -100.016785, 16.954651 ], [ -100.022278, 16.960144 ], [ -100.030518, 16.962891 ], [ -100.085449, 16.962891 ], [ -100.093689, 16.965637 ], [ -100.099182, 16.97113 ], [ -100.107422, 16.973877 ], [ -100.115662, 16.97113 ], [ -100.121155, 16.965637 ], [ -100.129395, 16.962891 ], [ -100.137634, 16.965637 ], [ -100.143127, 16.982117 ], [ -100.151367, 16.984863 ], [ -100.162354, 16.984863 ], [ -100.170593, 16.98761 ], [ -100.176086, 16.993103 ], [ -100.18158, 16.993103 ], [ -100.187073, 16.98761 ], [ -100.195313, 16.984863 ], [ -100.203552, 16.98761 ], [ -100.209045, 16.993103 ], [ -100.217285, 16.99585 ], [ -100.228271, 16.99585 ], [ -100.236511, 16.998596 ], [ -100.239258, 17.006836 ], [ -100.239258, 17.017822 ], [ -100.237885, 17.026062 ], [ -100.233765, 17.028809 ], [ -100.226898, 17.028809 ] ] ] } },
{ "type": "Feature", "properties": { "fid": 51, "id": 2, "origin_id": 18, "range": 1800, "metric": "time", "mode": "car", "traffic": "disabled", "timestamp": null, "type": "fast" }, "geometry": { "type": "Polygon", "coordinates": [ [ [ -99.95224, 16.973877 ], [ -99.945374, 16.97113 ], [ -99.93988, 16.965637 ], [ -99.931641, 16.962891 ], [ -99.909668, 16.962891 ], [ -99.901428, 16.965637 ], [ -99.895935, 16.97113 ], [ -99.887695, 16.973877 ], [ -99.876709, 16.973877 ], [ -99.868469, 16.976624 ], [ -99.862976, 16.993103 ], [ -99.854736, 16.99585 ], [ -99.799805, 16.99585 ], [ -99.791565, 16.998596 ], [ -99.786072, 17.004089 ], [ -99.780579, 17.004089 ], [ -99.777832, 16.99585 ], [ -99.777832, 16.984863 ], [ -99.780579, 16.976624 ], [ -99.797058, 16.97113 ], [ -99.797058, 16.965637 ], [ -99.788818, 16.960144 ], [ -99.777832, 16.954651 ], [ -99.769592, 16.954651 ], [ -99.753113, 16.97113 ], [ -99.736633, 16.976624 ], [ -99.709167, 17.004089 ], [ -99.700928, 17.006836 ], [ -99.689941, 17.006836 ], [ -99.681702, 17.009583 ], [ -99.64325, 17.048035 ], [ -99.63501, 17.050781 ], [ -99.62677, 17.048035 ], [ -99.624023, 17.039795 ], [ -99.62677, 17.031555 ], [ -99.659729, 16.998596 ], [ -99.676208, 16.993103 ], [ -99.692688, 16.976624 ], [ -99.709167, 16.97113 ], [ -99.725647, 16.954651 ], [ -99.742126, 16.949158 ], [ -99.758606, 16.932678 ], [ -99.775085, 16.927185 ], [ -99.775085, 16.921692 ], [ -99.758606, 16.916199 ], [ -99.753113, 16.910706 ], [ -99.736633, 16.905212 ], [ -99.73114, 16.899719 ], [ -99.714661, 16.894226 ], [ -99.711914, 16.885986 ], [ -99.714661, 16.877747 ], [ -99.7229, 16.875 ], [ -99.733887, 16.875 ], [ -99.742126, 16.872253 ], [ -99.744873, 16.864014 ], [ -99.744873, 16.853027 ], [ -99.742126, 16.844788 ], [ -99.73114, 16.833801 ], [ -99.7229, 16.831055 ], [ -99.667969, 16.831055 ], [ -99.659729, 16.833801 ], [ -99.64325, 16.850281 ], [ -99.637756, 16.850281 ], [ -99.63501, 16.842041 ], [ -99.63501, 16.831055 ], [ -99.637756, 16.822815 ], [ -99.64325, 16.817322 ], [ -99.645996, 16.809082 ], [ -99.64325, 16.800842 ], [ -99.632263, 16.789856 ], [ -99.624023, 16.787109 ], [ -99.602051, 16.787109 ], [ -99.593811, 16.784363 ], [ -99.591064, 16.776123 ], [ -99.593811, 16.767883 ], [ -99.602051, 16.765137 ], [ -99.63501, 16.765137 ], [ -99.64325, 16.767883 ], [ -99.648743, 16.773376 ], [ -99.654236, 16.773376 ], [ -99.659729, 16.756897 ], [ -99.667969, 16.75415 ], [ -99.676208, 16.756897 ], [ -99.678955, 16.765137 ], [ -99.676208, 16.773376 ], [ -99.670715, 16.77887 ], [ -99.667969, 16.787109 ], [ -99.670715, 16.795349 ], [ -99.681702, 16.806335 ], [ -99.687195, 16.806335 ], [ -99.689941, 16.798096 ], [ -99.689941, 16.787109 ], [ -99.692688, 16.77887 ], [ -99.700928, 16.776123 ], [ -99.709167, 16.77887 ], [ -99.714661, 16.795349 ], [ -99.725647, 16.806335 ], [ -99.733887, 16.809082 ], [ -99.755859, 16.809082 ], [ -99.764099, 16.806335 ], [ -99.775085, 16.795349 ], [ -99.775085, 16.789856 ], [ -99.764099, 16.77887 ], [ -99.74762, 16.773376 ], [ -99.742126, 16.767883 ], [ -99.725647, 16.76239 ], [ -99.698181, 16.734924 ], [ -99.681702, 16.729431 ], [ -99.665222, 16.712952 ], [ -99.648743, 16.707458 ], [ -99.64325, 16.701965 ], [ -99.63501, 16.699219 ], [ -99.62677, 16.701965 ], [ -99.621277, 16.718445 ], [ -99.610291, 16.729431 ], [ -99.602051, 16.732178 ], [ -99.593811, 16.729431 ], [ -99.591064, 16.721191 ], [ -99.593811, 16.712952 ], [ -99.599304, 16.707458 ], [ -99.604797, 16.690979 ], [ -99.615784, 16.679993 ], [ -99.624023, 16.677246 ], [ -99.632263, 16.679993 ], [ -99.637756, 16.685486 ], [ -99.645996, 16.688232 ], [ -99.667969, 16.688232 ], [ -99.676208, 16.690979 ], [ -99.692688, 16.707458 ], [ -99.700928, 16.710205 ], [ -99.711914, 16.710205 ], [ -99.720154, 16.712952 ], [ -99.725647, 16.718445 ], [ -99.742126, 16.723938 ], [ -99.74762, 16.729431 ], [ -99.764099, 16.734924 ], [ -99.791565, 16.76239 ], [ -99.808044, 16.767883 ], [ -99.813538, 16.773376 ], [ -99.821777, 16.776123 ], [ -99.832764, 16.776123 ], [ -99.841003, 16.77887 ], [ -99.873962, 16.811829 ], [ -99.876709, 16.820068 ], [ -99.876709, 16.842041 ], [ -99.879456, 16.850281 ], [ -99.884949, 16.850281 ], [ -99.901428, 16.833801 ], [ -99.909668, 16.831055 ], [ -99.917908, 16.833801 ], [ -99.928894, 16.844788 ], [ -99.931641, 16.853027 ], [ -99.931641, 16.864014 ], [ -99.928894, 16.872253 ], [ -99.912415, 16.877747 ], [ -99.906921, 16.88324 ], [ -99.898682, 16.885986 ], [ -99.876709, 16.885986 ], [ -99.868469, 16.888733 ], [ -99.865723, 16.896973 ], [ -99.865723, 16.918945 ], [ -99.862976, 16.927185 ], [ -99.846497, 16.932678 ], [ -99.846497, 16.938171 ], [ -99.862976, 16.943665 ], [ -99.868469, 16.949158 ], [ -99.876709, 16.951904 ], [ -99.884949, 16.949158 ], [ -99.890442, 16.943665 ], [ -99.898682, 16.940918 ], [ -99.931641, 16.940918 ], [ -99.93988, 16.943665 ], [ -99.945374, 16.949158 ], [ -99.961853, 16.954651 ], [ -99.9646, 16.962891 ], [ -99.963226, 16.97113 ], [ -99.959106, 16.973877 ], [ -99.95224, 16.973877 ] ] ] } },
{ "type": "Feature", "properties": { "fid": 52, "id": 0, "origin_id": 19, "range": 5400, "metric": "time", "mode": "car", "traffic": "disabled", "timestamp": null, "type": "fast" }, "geometry": { "type": "Polygon", "coordinates": [ [ [ -101.387329, 20.709229 ], [ -101.381836, 20.742188 ], [ -101.37085, 20.775146 ], [ -101.337891, 20.786133 ], [ -101.293945, 20.786133 ], [ -101.260986, 20.775146 ], [ -101.107178, 20.621338 ], [ -101.074219, 20.610352 ], [ -100.854492, 20.610352 ], [ -100.821533, 20.621338 ], [ -100.810547, 20.654297 ], [ -100.810547, 20.742188 ], [ -100.821533, 20.775146 ], [ -100.843506, 20.797119 ], [ -100.843506, 20.819092 ], [ -100.821533, 20.841064 ], [ -100.810547, 20.874023 ], [ -100.810547, 21.005859 ], [ -100.821533, 21.038818 ], [ -100.865479, 21.082764 ], [ -100.898438, 21.09375 ], [ -100.942383, 21.09375 ], [ -100.975342, 21.104736 ], [ -100.997314, 21.126709 ], [ -101.030273, 21.137695 ], [ -101.074219, 21.137695 ], [ -101.107178, 21.148682 ], [ -101.107178, 21.170654 ], [ -101.085205, 21.192627 ], [ -101.085205, 21.2146 ], [ -101.107178, 21.236572 ], [ -101.107178, 21.258545 ], [ -101.074219, 21.269531 ], [ -100.986328, 21.269531 ], [ -100.953369, 21.258545 ], [ -100.931396, 21.236572 ], [ -100.898438, 21.225586 ], [ -100.865479, 21.236572 ], [ -100.843506, 21.258545 ], [ -100.810547, 21.269531 ], [ -100.766602, 21.269531 ], [ -100.733643, 21.280518 ], [ -100.689697, 21.324463 ], [ -100.689697, 21.346436 ], [ -100.71167, 21.368408 ], [ -100.733643, 21.434326 ], [ -100.755615, 21.456299 ], [ -100.766602, 21.489258 ], [ -100.766602, 21.533203 ], [ -100.777588, 21.566162 ], [ -100.799561, 21.588135 ], [ -100.799561, 21.610107 ], [ -100.777588, 21.63208 ], [ -100.755615, 21.697998 ], [ -100.733643, 21.719971 ], [ -100.733643, 21.741943 ], [ -100.755615, 21.763916 ], [ -100.777588, 21.829834 ], [ -100.799561, 21.851807 ], [ -100.810547, 21.884766 ], [ -100.799561, 21.917725 ], [ -100.766602, 21.928711 ], [ -100.733643, 21.917725 ], [ -100.689697, 21.873779 ], [ -100.667725, 21.807861 ], [ -100.645752, 21.785889 ], [ -100.634766, 21.75293 ], [ -100.634766, 21.708984 ], [ -100.645752, 21.676025 ], [ -100.667725, 21.654053 ], [ -100.689697, 21.588135 ], [ -100.71167, 21.566162 ], [ -100.71167, 21.544189 ], [ -100.689697, 21.522217 ], [ -100.678711, 21.489258 ], [ -100.678711, 21.445313 ], [ -100.667725, 21.412354 ], [ -100.623779, 21.368408 ], [ -100.557861, 21.346436 ], [ -100.535889, 21.280518 ], [ -100.404053, 21.148682 ], [ -100.338135, 21.126709 ], [ -100.316162, 21.104736 ], [ -100.250244, 21.082764 ], [ -100.239258, 21.049805 ], [ -100.250244, 21.016846 ], [ -100.316162, 20.950928 ], [ -100.316162, 20.928955 ], [ -100.294189, 20.906982 ], [ -100.283203, 20.874023 ], [ -100.283203, 20.830078 ], [ -100.272217, 20.797119 ], [ -100.206299, 20.775146 ], [ -100.195313, 20.742188 ], [ -100.195313, 20.698242 ], [ -100.184326, 20.665283 ], [ -100.151367, 20.654297 ], [ -100.107422, 20.654297 ], [ -100.074463, 20.643311 ], [ -100.074463, 20.621338 ], [ -100.096436, 20.599365 ], [ -100.107422, 20.566406 ], [ -100.096436, 20.533447 ], [ -100.05249, 20.489502 ], [ -100.019531, 20.478516 ], [ -99.986572, 20.489502 ], [ -99.942627, 20.533447 ], [ -99.931641, 20.566406 ], [ -99.931641, 20.654297 ], [ -99.920654, 20.687256 ], [ -99.887695, 20.698242 ], [ -99.854736, 20.687256 ], [ -99.854736, 20.665283 ], [ -99.876709, 20.643311 ], [ -99.887695, 20.610352 ], [ -99.876709, 20.577393 ], [ -99.854736, 20.55542 ], [ -99.84375, 20.522461 ], [ -99.854736, 20.489502 ], [ -99.920654, 20.423584 ], [ -99.931641, 20.390625 ], [ -99.920654, 20.357666 ], [ -99.887695, 20.34668 ], [ -99.755859, 20.34668 ], [ -99.7229, 20.357666 ], [ -99.656982, 20.423584 ], [ -99.63501, 20.423584 ], [ -99.624023, 20.390625 ], [ -99.63501, 20.357666 ], [ -99.744873, 20.247803 ], [ -99.744873, 20.22583 ], [ -99.7229, 20.203857 ], [ -99.700928, 20.137939 ], [ -99.667969, 20.126953 ], [ -99.624023, 20.126953 ], [ -99.591064, 20.115967 ], [ -99.580078, 20.083008 ], [ -99.591064, 20.050049 ], [ -99.624023, 20.039063 ], [ -99.667969, 20.039063 ], [ -99.700928, 20.050049 ], [ -99.810791, 20.159912 ], [ -99.832764, 20.159912 ], [ -99.84375, 20.126953 ], [ -99.84375, 20.083008 ], [ -99.854736, 20.050049 ], [ -99.876709, 20.050049 ], [ -99.887695, 20.083008 ], [ -99.887695, 20.126953 ], [ -99.898682, 20.159912 ], [ -99.942627, 20.203857 ], [ -100.008545, 20.22583 ], [ -100.030518, 20.247803 ], [ -100.063477, 20.258789 ], [ -100.096436, 20.247803 ], [ -100.118408, 20.181885 ], [ -100.162354, 20.137939 ], [ -100.195313, 20.126953 ], [ -100.283203, 20.126953 ], [ -100.316162, 20.137939 ], [ -100.338135, 20.159912 ], [ -100.371094, 20.170898 ], [ -100.415039, 20.170898 ], [ -100.447998, 20.159912 ], [ -100.469971, 20.137939 ], [ -100.50293, 20.126953 ], [ -100.535889, 20.137939 ], [ -100.535889, 20.159912 ], [ -100.491943, 20.203857 ], [ -100.426025, 20.22583 ], [ -100.415039, 20.258789 ], [ -100.415039, 20.302734 ], [ -100.426025, 20.335693 ], [ -100.469971, 20.379639 ], [ -100.535889, 20.401611 ], [ -100.557861, 20.423584 ], [ -100.59082, 20.43457 ], [ -100.634766, 20.43457 ], [ -100.667725, 20.445557 ], [ -100.689697, 20.467529 ], [ -100.722656, 20.478516 ], [ -100.755615, 20.467529 ], [ -100.766602, 20.43457 ], [ -100.766602, 20.302734 ], [ -100.777588, 20.269775 ], [ -100.799561, 20.247803 ], [ -100.821533, 20.181885 ], [ -100.854492, 20.170898 ], [ -100.898438, 20.170898 ], [ -100.931396, 20.181885 ], [ -100.942383, 20.214844 ], [ -100.931396, 20.247803 ], [ -100.865479, 20.269775 ], [ -100.854492, 20.302734 ], [ -100.854492, 20.34668 ], [ -100.843506, 20.379639 ], [ -100.821533, 20.401611 ], [ -100.821533, 20.423584 ], [ -100.887451, 20.445557 ], [ -100.909424, 20.467529 ], [ -100.942383, 20.478516 ], [ -101.074219, 20.478516 ], [ -101.107178, 20.467529 ], [ -101.118164, 20.43457 ], [ -101.118164, 20.390625 ], [ -101.12915, 20.357666 ], [ -101.151123, 20.357666 ], [ -101.173096, 20.423584 ], [ -101.239014, 20.445557 ], [ -101.25, 20.478516 ], [ -101.25, 20.522461 ], [ -101.260986, 20.55542 ], [ -101.304932, 20.599365 ], [ -101.337891, 20.610352 ], [ -101.381836, 20.610352 ], [ -101.414795, 20.621338 ], [ -101.425781, 20.654297 ], [ -101.420288, 20.687256 ], [ -101.387329, 20.709229 ] ] ] } },
{ "type": "Feature", "properties": { "fid": 53, "id": 1, "origin_id": 19, "range": 3600, "metric": "time", "mode": "car", "traffic": "disabled", "timestamp": null, "type": "fast" }, "geometry": { "type": "Polygon", "coordinates": [ [ [ -100.892944, 20.610352 ], [ -100.854492, 20.610352 ], [ -100.821533, 20.621338 ], [ -100.799561, 20.643311 ], [ -100.777588, 20.643311 ], [ -100.71167, 20.577393 ], [ -100.678711, 20.566406 ], [ -100.634766, 20.566406 ], [ -100.601807, 20.577393 ], [ -100.59082, 20.610352 ], [ -100.59082, 20.786133 ], [ -100.601807, 20.819092 ], [ -100.634766, 20.830078 ], [ -100.722656, 20.830078 ], [ -100.755615, 20.819092 ], [ -100.755615, 20.797119 ], [ -100.733643, 20.775146 ], [ -100.722656, 20.742188 ], [ -100.733643, 20.709229 ], [ -100.766602, 20.698242 ], [ -100.799561, 20.709229 ], [ -100.821533, 20.775146 ], [ -100.843506, 20.797119 ], [ -100.843506, 20.819092 ], [ -100.821533, 20.841064 ], [ -100.810547, 20.874023 ], [ -100.810547, 21.005859 ], [ -100.821533, 21.038818 ], [ -100.843506, 21.060791 ], [ -100.854492, 21.09375 ], [ -100.843506, 21.126709 ], [ -100.810547, 21.137695 ], [ -100.777588, 21.126709 ], [ -100.766602, 21.09375 ], [ -100.766602, 21.049805 ], [ -100.755615, 21.016846 ], [ -100.722656, 21.005859 ], [ -100.689697, 21.016846 ], [ -100.667725, 21.082764 ], [ -100.645752, 21.104736 ], [ -100.634766, 21.137695 ], [ -100.634766, 21.269531 ], [ -100.645752, 21.30249 ], [ -100.71167, 21.368408 ], [ -100.733643, 21.434326 ], [ -100.755615, 21.456299 ], [ -100.766602, 21.489258 ], [ -100.755615, 21.522217 ], [ -100.722656, 21.533203 ], [ -100.689697, 21.522217 ], [ -100.678711, 21.489258 ], [ -100.678711, 21.445313 ], [ -100.667725, 21.412354 ], [ -100.623779, 21.368408 ], [ -100.557861, 21.346436 ], [ -100.535889, 21.280518 ], [ -100.404053, 21.148682 ], [ -100.338135, 21.126709 ], [ -100.316162, 21.104736 ], [ -100.250244, 21.082764 ], [ -100.239258, 21.049805 ], [ -100.250244, 21.016846 ], [ -100.316162, 20.950928 ], [ -100.316162, 20.928955 ], [ -100.294189, 20.906982 ], [ -100.283203, 20.874023 ], [ -100.283203, 20.830078 ], [ -100.272217, 20.797119 ], [ -100.206299, 20.775146 ], [ -100.195313, 20.742188 ], [ -100.195313, 20.698242 ], [ -100.184326, 20.665283 ], [ -100.151367, 20.654297 ], [ -100.107422, 20.654297 ], [ -100.074463, 20.643311 ], [ -100.074463, 20.621338 ], [ -100.096436, 20.599365 ], [ -100.107422, 20.566406 ], [ -100.096436, 20.533447 ], [ -100.008545, 20.445557 ], [ -99.942627, 20.423584 ], [ -99.931641, 20.390625 ], [ -99.931641, 20.34668 ], [ -99.942627, 20.313721 ], [ -99.9646, 20.313721 ], [ -99.986572, 20.335693 ], [ -100.019531, 20.34668 ], [ -100.05249, 20.335693 ], [ -100.074463, 20.313721 ], [ -100.107422, 20.302734 ], [ -100.140381, 20.313721 ], [ -100.151367, 20.34668 ], [ -100.151367, 20.390625 ], [ -100.162354, 20.423584 ], [ -100.206299, 20.467529 ], [ -100.239258, 20.478516 ], [ -100.283203, 20.478516 ], [ -100.316162, 20.467529 ], [ -100.327148, 20.43457 ], [ -100.316162, 20.401611 ], [ -100.250244, 20.379639 ], [ -100.206299, 20.335693 ], [ -100.206299, 20.313721 ], [ -100.239258, 20.302734 ], [ -100.283203, 20.302734 ], [ -100.316162, 20.313721 ], [ -100.338135, 20.335693 ], [ -100.360107, 20.335693 ], [ -100.38208, 20.269775 ], [ -100.404053, 20.269775 ], [ -100.426025, 20.335693 ], [ -100.469971, 20.379639 ], [ -100.535889, 20.401611 ], [ -100.557861, 20.423584 ], [ -100.59082, 20.43457 ], [ -100.634766, 20.43457 ], [ -100.667725, 20.445557 ], [ -100.689697, 20.467529 ], [ -100.722656, 20.478516 ], [ -100.755615, 20.467529 ], [ -100.777588, 20.445557 ], [ -100.810547, 20.43457 ], [ -100.843506, 20.445557 ], [ -100.865479, 20.511475 ], [ -100.931396, 20.533447 ], [ -100.942383, 20.566406 ], [ -100.93689, 20.599365 ], [ -100.92041, 20.610352 ], [ -100.892944, 20.610352 ] ] ] } },
{ "type": "Feature", "properties": { "fid": 54, "id": 2, "origin_id": 19, "range": 1800, "metric": "time", "mode": "car", "traffic": "disabled", "timestamp": null, "type": "fast" }, "geometry": { "type": "Polygon", "coordinates": [ [ [ -100.673218, 20.917969 ], [ -100.634766, 20.917969 ], [ -100.601807, 20.928955 ], [ -100.579834, 20.950928 ], [ -100.557861, 20.950928 ], [ -100.535889, 20.928955 ], [ -100.513916, 20.928955 ], [ -100.50293, 20.961914 ], [ -100.50293, 21.005859 ], [ -100.513916, 21.038818 ], [ -100.535889, 21.060791 ], [ -100.535889, 21.082764 ], [ -100.50293, 21.09375 ], [ -100.458984, 21.09375 ], [ -100.426025, 21.082764 ], [ -100.404053, 21.060791 ], [ -100.338135, 21.038818 ], [ -100.327148, 21.005859 ], [ -100.338135, 20.9729 ], [ -100.360107, 20.950928 ], [ -100.360107, 20.928955 ], [ -100.338135, 20.906982 ], [ -100.316162, 20.841064 ], [ -100.250244, 20.775146 ], [ -100.239258, 20.742188 ], [ -100.239258, 20.654297 ], [ -100.228271, 20.621338 ], [ -100.206299, 20.599365 ], [ -100.206299, 20.577393 ], [ -100.239258, 20.566406 ], [ -100.272217, 20.577393 ], [ -100.294189, 20.599365 ], [ -100.316162, 20.599365 ], [ -100.338135, 20.533447 ], [ -100.371094, 20.522461 ], [ -100.415039, 20.522461 ], [ -100.447998, 20.533447 ], [ -100.469971, 20.55542 ], [ -100.535889, 20.577393 ], [ -100.579834, 20.621338 ], [ -100.59082, 20.654297 ], [ -100.579834, 20.687256 ], [ -100.557861, 20.709229 ], [ -100.546875, 20.742188 ], [ -100.546875, 20.786133 ], [ -100.557861, 20.819092 ], [ -100.59082, 20.830078 ], [ -100.634766, 20.830078 ], [ -100.667725, 20.841064 ], [ -100.71167, 20.88501 ], [ -100.717163, 20.906982 ], [ -100.700684, 20.917969 ], [ -100.673218, 20.917969 ] ] ] } },
{ "type": "Feature", "properties": { "fid": 55, "id": 0, "origin_id": 20, "range": 5400, "metric": "time", "mode": "car", "traffic": "disabled", "timestamp": null, "type": "fast" }, "geometry": { "type": "Polygon", "coordinates": [ [ [ -99.673462, 19.302979 ], [ -99.656982, 19.324951 ], [ -99.63501, 19.346924 ], [ -99.63501, 19.368896 ], [ -99.656982, 19.390869 ], [ -99.656982, 19.412842 ], [ -99.624023, 19.423828 ], [ -99.536133, 19.423828 ], [ -99.503174, 19.412842 ], [ -99.481201, 19.390869 ], [ -99.459229, 19.390869 ], [ -99.437256, 19.456787 ], [ -99.371338, 19.47876 ], [ -99.327393, 19.522705 ], [ -99.316406, 19.555664 ], [ -99.327393, 19.588623 ], [ -99.393311, 19.610596 ], [ -99.404297, 19.643555 ], [ -99.393311, 19.676514 ], [ -99.360352, 19.698486 ], [ -99.316406, 19.720459 ], [ -99.283447, 19.742432 ], [ -99.272461, 19.775391 ], [ -99.283447, 19.80835 ], [ -99.349365, 19.830322 ], [ -99.459229, 19.940186 ], [ -99.525146, 19.962158 ], [ -99.536133, 19.995117 ], [ -99.525146, 20.028076 ], [ -99.492188, 20.039063 ], [ -99.448242, 20.039063 ], [ -99.415283, 20.028076 ], [ -99.393311, 20.006104 ], [ -99.371338, 20.006104 ], [ -99.349365, 20.028076 ], [ -99.327393, 20.028076 ], [ -99.316406, 19.995117 ], [ -99.316406, 19.951172 ], [ -99.30542, 19.918213 ], [ -99.261475, 19.874268 ], [ -99.195557, 19.852295 ], [ -99.129639, 19.786377 ], [ -99.09668, 19.775391 ], [ -99.052734, 19.775391 ], [ -99.019775, 19.786377 ], [ -99.008789, 19.819336 ], [ -99.008789, 19.863281 ], [ -99.019775, 19.89624 ], [ -99.085693, 19.918213 ], [ -99.129639, 19.962158 ], [ -99.140625, 19.995117 ], [ -99.129639, 20.028076 ], [ -99.107666, 20.028076 ], [ -99.085693, 20.006104 ], [ -99.052734, 19.995117 ], [ -99.008789, 19.995117 ], [ -98.97583, 19.984131 ], [ -98.953857, 19.962158 ], [ -98.931885, 19.962158 ], [ -98.843994, 20.050049 ], [ -98.822021, 20.115967 ], [ -98.789063, 20.126953 ], [ -98.701172, 20.126953 ], [ -98.668213, 20.115967 ], [ -98.657227, 20.083008 ], [ -98.657227, 19.995117 ], [ -98.64624, 19.962158 ], [ -98.613281, 19.951172 ], [ -98.580322, 19.962158 ], [ -98.536377, 20.006104 ], [ -98.514404, 20.072021 ], [ -98.470459, 20.115967 ], [ -98.4375, 20.126953 ], [ -98.404541, 20.115967 ], [ -98.393555, 20.083008 ], [ -98.404541, 20.050049 ], [ -98.55835, 19.89624 ], [ -98.569336, 19.863281 ], [ -98.55835, 19.830322 ], [ -98.536377, 19.80835 ], [ -98.525391, 19.775391 ], [ -98.525391, 19.731445 ], [ -98.514404, 19.698486 ], [ -98.492432, 19.676514 ], [ -98.481445, 19.643555 ], [ -98.481445, 19.599609 ], [ -98.470459, 19.56665 ], [ -98.4375, 19.555664 ], [ -98.393555, 19.555664 ], [ -98.360596, 19.544678 ], [ -98.338623, 19.522705 ], [ -98.305664, 19.511719 ], [ -98.261719, 19.511719 ], [ -98.22876, 19.500732 ], [ -98.206787, 19.47876 ], [ -98.173828, 19.467773 ], [ -98.140869, 19.47876 ], [ -98.140869, 19.500732 ], [ -98.162842, 19.522705 ], [ -98.162842, 19.544678 ], [ -98.129883, 19.555664 ], [ -98.096924, 19.544678 ], [ -98.085938, 19.511719 ], [ -98.085938, 19.467773 ], [ -98.074951, 19.434814 ], [ -98.009033, 19.412842 ], [ -97.987061, 19.390869 ], [ -97.921143, 19.368896 ], [ -97.910156, 19.335938 ], [ -97.921143, 19.302979 ], [ -97.954102, 19.291992 ], [ -97.987061, 19.302979 ], [ -98.009033, 19.324951 ], [ -98.041992, 19.335938 ], [ -98.129883, 19.335938 ], [ -98.162842, 19.324951 ], [ -98.173828, 19.291992 ], [ -98.173828, 19.248047 ], [ -98.162842, 19.215088 ], [ -98.140869, 19.193115 ], [ -98.118896, 19.127197 ], [ -98.085938, 19.116211 ], [ -98.052979, 19.127197 ], [ -97.943115, 19.237061 ], [ -97.921143, 19.237061 ], [ -97.910156, 19.204102 ], [ -97.921143, 19.171143 ], [ -97.943115, 19.14917 ], [ -97.943115, 19.127197 ], [ -97.921143, 19.105225 ], [ -97.89917, 19.039307 ], [ -97.833252, 19.017334 ], [ -97.822266, 18.984375 ], [ -97.833252, 18.951416 ], [ -97.866211, 18.94043 ], [ -97.89917, 18.951416 ], [ -97.921143, 18.973389 ], [ -97.954102, 18.984375 ], [ -97.998047, 18.984375 ], [ -98.031006, 18.973389 ], [ -98.052979, 18.951416 ], [ -98.085938, 18.94043 ], [ -98.305664, 18.94043 ], [ -98.338623, 18.929443 ], [ -98.404541, 18.863525 ], [ -98.4375, 18.852539 ], [ -98.470459, 18.863525 ], [ -98.514404, 18.907471 ], [ -98.514404, 18.929443 ], [ -98.470459, 18.973389 ], [ -98.404541, 18.995361 ], [ -98.360596, 19.039307 ], [ -98.360596, 19.061279 ], [ -98.470459, 19.171143 ], [ -98.492432, 19.237061 ], [ -98.536377, 19.281006 ], [ -98.602295, 19.302979 ], [ -98.624268, 19.324951 ], [ -98.64624, 19.324951 ], [ -98.734131, 19.237061 ], [ -98.734131, 19.215088 ], [ -98.712158, 19.193115 ], [ -98.701172, 19.160156 ], [ -98.701172, 19.072266 ], [ -98.712158, 19.039307 ], [ -98.778076, 19.017334 ], [ -98.822021, 18.973389 ], [ -98.843994, 18.907471 ], [ -98.865967, 18.885498 ], [ -98.876953, 18.852539 ], [ -98.865967, 18.81958 ], [ -98.822021, 18.775635 ], [ -98.800049, 18.775635 ], [ -98.734131, 18.841553 ], [ -98.701172, 18.852539 ], [ -98.668213, 18.841553 ], [ -98.657227, 18.808594 ], [ -98.668213, 18.775635 ], [ -98.690186, 18.753662 ], [ -98.701172, 18.720703 ], [ -98.690186, 18.687744 ], [ -98.668213, 18.665771 ], [ -98.657227, 18.632813 ], [ -98.668213, 18.599854 ], [ -98.690186, 18.599854 ], [ -98.712158, 18.621826 ], [ -98.745117, 18.632813 ], [ -98.920898, 18.632813 ], [ -98.953857, 18.643799 ], [ -98.964844, 18.676758 ], [ -98.953857, 18.709717 ], [ -98.931885, 18.731689 ], [ -98.931885, 18.753662 ], [ -99.019775, 18.841553 ], [ -99.041748, 18.841553 ], [ -99.063721, 18.81958 ], [ -99.09668, 18.808594 ], [ -99.129639, 18.81958 ], [ -99.140625, 18.852539 ], [ -99.140625, 18.94043 ], [ -99.151611, 18.973389 ], [ -99.173584, 18.973389 ], [ -99.195557, 18.951416 ], [ -99.228516, 18.94043 ], [ -99.261475, 18.951416 ], [ -99.30542, 18.995361 ], [ -99.316406, 19.02832 ], [ -99.30542, 19.061279 ], [ -99.195557, 19.171143 ], [ -99.195557, 19.193115 ], [ -99.217529, 19.215088 ], [ -99.239502, 19.281006 ], [ -99.272461, 19.291992 ], [ -99.30542, 19.281006 ], [ -99.327393, 19.215088 ], [ -99.393311, 19.193115 ], [ -99.415283, 19.171143 ], [ -99.437256, 19.171143 ], [ -99.459229, 19.237061 ], [ -99.481201, 19.237061 ], [ -99.492188, 19.204102 ], [ -99.492188, 19.160156 ], [ -99.503174, 19.127197 ], [ -99.536133, 19.116211 ], [ -99.569092, 19.127197 ], [ -99.591064, 19.193115 ], [ -99.63501, 19.237061 ], [ -99.700928, 19.259033 ], [ -99.706421, 19.281006 ], [ -99.673462, 19.302979 ] ] ] } },
{ "type": "Feature", "properties": { "fid": 56, "id": 1, "origin_id": 20, "range": 3600, "metric": "time", "mode": "car", "traffic": "disabled", "timestamp": null, "type": "fast" }, "geometry": { "type": "Polygon", "coordinates": [ [ [ -99.266968, 19.555664 ], [ -99.239502, 19.56665 ], [ -99.195557, 19.610596 ], [ -99.173584, 19.676514 ], [ -99.151611, 19.698486 ], [ -99.151611, 19.720459 ], [ -99.173584, 19.742432 ], [ -99.18457, 19.775391 ], [ -99.173584, 19.80835 ], [ -99.151611, 19.80835 ], [ -99.129639, 19.786377 ], [ -99.09668, 19.775391 ], [ -99.052734, 19.775391 ], [ -99.019775, 19.764404 ], [ -98.997803, 19.742432 ], [ -98.97583, 19.742432 ], [ -98.953857, 19.764404 ], [ -98.931885, 19.764404 ], [ -98.909912, 19.742432 ], [ -98.876953, 19.731445 ], [ -98.843994, 19.742432 ], [ -98.778076, 19.80835 ], [ -98.745117, 19.819336 ], [ -98.712158, 19.80835 ], [ -98.701172, 19.775391 ], [ -98.712158, 19.742432 ], [ -98.800049, 19.654541 ], [ -98.865967, 19.632568 ], [ -98.876953, 19.599609 ], [ -98.865967, 19.56665 ], [ -98.843994, 19.56665 ], [ -98.822021, 19.588623 ], [ -98.789063, 19.599609 ], [ -98.657227, 19.599609 ], [ -98.624268, 19.588623 ], [ -98.624268, 19.56665 ], [ -98.668213, 19.522705 ], [ -98.701172, 19.511719 ], [ -98.789063, 19.511719 ], [ -98.822021, 19.500732 ], [ -98.833008, 19.467773 ], [ -98.833008, 19.423828 ], [ -98.822021, 19.390869 ], [ -98.789063, 19.379883 ], [ -98.569336, 19.379883 ], [ -98.525391, 19.390869 ], [ -98.492432, 19.423828 ], [ -98.481445, 19.467773 ], [ -98.470459, 19.500732 ], [ -98.448486, 19.500732 ], [ -98.404541, 19.456787 ], [ -98.382568, 19.390869 ], [ -98.349609, 19.379883 ], [ -98.261719, 19.379883 ], [ -98.22876, 19.368896 ], [ -98.217773, 19.335938 ], [ -98.22876, 19.302979 ], [ -98.261719, 19.291992 ], [ -98.305664, 19.291992 ], [ -98.338623, 19.281006 ], [ -98.338623, 19.259033 ], [ -98.22876, 19.14917 ], [ -98.217773, 19.116211 ], [ -98.22876, 19.083252 ], [ -98.261719, 19.072266 ], [ -98.349609, 19.072266 ], [ -98.382568, 19.083252 ], [ -98.470459, 19.171143 ], [ -98.492432, 19.237061 ], [ -98.536377, 19.281006 ], [ -98.602295, 19.302979 ], [ -98.624268, 19.324951 ], [ -98.64624, 19.324951 ], [ -98.734131, 19.237061 ], [ -98.734131, 19.215088 ], [ -98.712158, 19.193115 ], [ -98.701172, 19.160156 ], [ -98.701172, 19.072266 ], [ -98.712158, 19.039307 ], [ -98.778076, 19.017334 ], [ -98.822021, 18.973389 ], [ -98.843994, 18.907471 ], [ -98.865967, 18.885498 ], [ -98.887939, 18.81958 ], [ -98.920898, 18.808594 ], [ -98.953857, 18.81958 ], [ -98.964844, 18.852539 ], [ -98.964844, 18.896484 ], [ -98.953857, 18.929443 ], [ -98.931885, 18.951416 ], [ -98.909912, 19.017334 ], [ -98.887939, 19.039307 ], [ -98.876953, 19.072266 ], [ -98.887939, 19.105225 ], [ -98.931885, 19.14917 ], [ -98.964844, 19.160156 ], [ -99.140625, 19.160156 ], [ -99.173584, 19.171143 ], [ -99.217529, 19.215088 ], [ -99.239502, 19.281006 ], [ -99.30542, 19.302979 ], [ -99.316406, 19.335938 ], [ -99.316406, 19.379883 ], [ -99.30542, 19.412842 ], [ -99.283447, 19.434814 ], [ -99.283447, 19.456787 ], [ -99.30542, 19.47876 ], [ -99.316406, 19.511719 ], [ -99.310913, 19.544678 ], [ -99.294434, 19.555664 ], [ -99.266968, 19.555664 ] ] ] } },
{ "type": "Feature", "properties": { "fid": 57, "id": 2, "origin_id": 20, "range": 1800, "metric": "time", "mode": "car", "traffic": "disabled", "timestamp": null, "type": "fast" }, "geometry": { "type": "Polygon", "coordinates": [ [ [ -99.102173, 19.434814 ], [ -99.085693, 19.456787 ], [ -99.052734, 19.467773 ], [ -98.964844, 19.467773 ], [ -98.931885, 19.47876 ], [ -98.909912, 19.544678 ], [ -98.887939, 19.544678 ], [ -98.843994, 19.500732 ], [ -98.833008, 19.467773 ], [ -98.833008, 19.423828 ], [ -98.822021, 19.390869 ], [ -98.789063, 19.379883 ], [ -98.613281, 19.379883 ], [ -98.580322, 19.368896 ], [ -98.580322, 19.346924 ], [ -98.64624, 19.324951 ], [ -98.734131, 19.237061 ], [ -98.734131, 19.215088 ], [ -98.712158, 19.193115 ], [ -98.701172, 19.160156 ], [ -98.701172, 19.116211 ], [ -98.712158, 19.083252 ], [ -98.756104, 19.039307 ], [ -98.789063, 19.02832 ], [ -98.833008, 19.02832 ], [ -98.865967, 19.039307 ], [ -98.865967, 19.061279 ], [ -98.843994, 19.083252 ], [ -98.843994, 19.105225 ], [ -98.909912, 19.127197 ], [ -98.97583, 19.193115 ], [ -99.041748, 19.215088 ], [ -99.063721, 19.281006 ], [ -99.085693, 19.302979 ], [ -99.107666, 19.368896 ], [ -99.129639, 19.390869 ], [ -99.135132, 19.412842 ], [ -99.102173, 19.434814 ] ] ] } },
{ "type": "Feature", "properties": { "fid": 58, "id": 0, "origin_id": 21, "range": 5400, "metric": "time", "mode": "car", "traffic": "disabled", "timestamp": null, "type": "fast" }, "geometry": { "type": "Polygon", "coordinates": [ [ [ -100.332642, 20.423584 ], [ -100.316162, 20.401611 ], [ -100.283203, 20.390625 ], [ -100.239258, 20.390625 ], [ -100.206299, 20.379639 ], [ -100.184326, 20.357666 ], [ -100.162354, 20.357666 ], [ -100.151367, 20.390625 ], [ -100.151367, 20.43457 ], [ -100.162354, 20.467529 ], [ -100.206299, 20.511475 ], [ -100.272217, 20.533447 ], [ -100.283203, 20.566406 ], [ -100.272217, 20.599365 ], [ -100.239258, 20.610352 ], [ -100.206299, 20.599365 ], [ -100.140381, 20.533447 ], [ -100.074463, 20.511475 ], [ -100.05249, 20.489502 ], [ -100.019531, 20.478516 ], [ -99.986572, 20.489502 ], [ -99.920654, 20.55542 ], [ -99.898682, 20.55542 ], [ -99.887695, 20.522461 ], [ -99.887695, 20.478516 ], [ -99.898682, 20.445557 ], [ -99.920654, 20.423584 ], [ -99.931641, 20.390625 ], [ -99.920654, 20.357666 ], [ -99.887695, 20.34668 ], [ -99.755859, 20.34668 ], [ -99.7229, 20.357666 ], [ -99.700928, 20.379639 ], [ -99.678955, 20.379639 ], [ -99.667969, 20.34668 ], [ -99.667969, 20.302734 ], [ -99.678955, 20.269775 ], [ -99.744873, 20.247803 ], [ -99.744873, 20.22583 ], [ -99.700928, 20.181885 ], [ -99.667969, 20.170898 ], [ -99.63501, 20.181885 ], [ -99.613037, 20.203857 ], [ -99.591064, 20.203857 ], [ -99.569092, 20.181885 ], [ -99.536133, 20.170898 ], [ -99.503174, 20.181885 ], [ -99.481201, 20.247803 ], [ -99.437256, 20.291748 ], [ -99.415283, 20.291748 ], [ -99.349365, 20.22583 ], [ -99.327393, 20.22583 ], [ -99.30542, 20.291748 ], [ -99.239502, 20.313721 ], [ -99.217529, 20.379639 ], [ -99.195557, 20.379639 ], [ -99.173584, 20.368652 ], [ -99.151611, 20.390625 ], [ -99.129639, 20.423584 ], [ -99.09668, 20.43457 ], [ -99.052734, 20.43457 ], [ -99.019775, 20.423584 ], [ -98.997803, 20.357666 ], [ -98.887939, 20.247803 ], [ -98.865967, 20.181885 ], [ -98.833008, 20.170898 ], [ -98.745117, 20.170898 ], [ -98.712158, 20.181885 ], [ -98.668213, 20.22583 ], [ -98.668213, 20.247803 ], [ -98.690186, 20.269775 ], [ -98.690186, 20.291748 ], [ -98.657227, 20.302734 ], [ -98.624268, 20.291748 ], [ -98.613281, 20.258789 ], [ -98.613281, 20.170898 ], [ -98.624268, 20.137939 ], [ -98.64624, 20.115967 ], [ -98.64624, 20.093994 ], [ -98.613281, 20.083008 ], [ -98.525391, 20.083008 ], [ -98.492432, 20.093994 ], [ -98.470459, 20.115967 ], [ -98.404541, 20.137939 ], [ -98.338623, 20.203857 ], [ -98.305664, 20.214844 ], [ -98.261719, 20.214844 ], [ -98.22876, 20.203857 ], [ -98.184814, 20.159912 ], [ -98.173828, 20.126953 ], [ -98.184814, 20.093994 ], [ -98.217773, 20.083008 ], [ -98.305664, 20.083008 ], [ -98.338623, 20.072021 ], [ -98.360596, 20.050049 ], [ -98.426514, 20.028076 ], [ -98.55835, 19.89624 ], [ -98.569336, 19.863281 ], [ -98.55835, 19.830322 ], [ -98.536377, 19.80835 ], [ -98.525391, 19.775391 ], [ -98.525391, 19.731445 ], [ -98.514404, 19.698486 ], [ -98.492432, 19.676514 ], [ -98.481445, 19.643555 ], [ -98.481445, 19.599609 ], [ -98.470459, 19.56665 ], [ -98.4375, 19.555664 ], [ -98.393555, 19.555664 ], [ -98.360596, 19.544678 ], [ -98.338623, 19.522705 ], [ -98.305664, 19.511719 ], [ -98.261719, 19.511719 ], [ -98.22876, 19.500732 ], [ -98.217773, 19.467773 ], [ -98.22876, 19.434814 ], [ -98.261719, 19.423828 ], [ -98.349609, 19.423828 ], [ -98.382568, 19.412842 ], [ -98.382568, 19.390869 ], [ -98.360596, 19.368896 ], [ -98.349609, 19.335938 ], [ -98.360596, 19.302979 ], [ -98.404541, 19.259033 ], [ -98.426514, 19.259033 ], [ -98.4375, 19.291992 ], [ -98.4375, 19.335938 ], [ -98.448486, 19.368896 ], [ -98.470459, 19.390869 ], [ -98.492432, 19.456787 ], [ -98.514404, 19.47876 ], [ -98.536377, 19.544678 ], [ -98.569336, 19.555664 ], [ -98.613281, 19.555664 ], [ -98.64624, 19.544678 ], [ -98.668213, 19.522705 ], [ -98.701172, 19.511719 ], [ -98.789063, 19.511719 ], [ -98.822021, 19.500732 ], [ -98.833008, 19.467773 ], [ -98.833008, 19.423828 ], [ -98.843994, 19.390869 ], [ -98.876953, 19.379883 ], [ -98.909912, 19.390869 ], [ -98.931885, 19.412842 ], [ -98.953857, 19.412842 ], [ -99.019775, 19.346924 ], [ -99.052734, 19.335938 ], [ -99.140625, 19.335938 ], [ -99.173584, 19.324951 ], [ -99.195557, 19.302979 ], [ -99.228516, 19.291992 ], [ -99.316406, 19.291992 ], [ -99.349365, 19.302979 ], [ -99.371338, 19.368896 ], [ -99.393311, 19.390869 ], [ -99.404297, 19.423828 ], [ -99.393311, 19.456787 ], [ -99.327393, 19.522705 ], [ -99.316406, 19.555664 ], [ -99.327393, 19.588623 ], [ -99.393311, 19.610596 ], [ -99.404297, 19.643555 ], [ -99.404297, 19.6875 ], [ -99.393311, 19.720459 ], [ -99.360352, 19.731445 ], [ -99.316406, 19.731445 ], [ -99.283447, 19.742432 ], [ -99.283447, 19.764404 ], [ -99.349365, 19.786377 ], [ -99.393311, 19.830322 ], [ -99.415283, 19.89624 ], [ -99.448242, 19.907227 ], [ -99.481201, 19.89624 ], [ -99.503174, 19.830322 ], [ -99.536133, 19.819336 ], [ -99.569092, 19.830322 ], [ -99.591064, 19.852295 ], [ -99.656982, 19.874268 ], [ -99.678955, 19.89624 ], [ -99.711914, 19.907227 ], [ -99.755859, 19.907227 ], [ -99.788818, 19.89624 ], [ -99.799805, 19.863281 ], [ -99.788818, 19.830322 ], [ -99.7229, 19.80835 ], [ -99.700928, 19.775391 ], [ -99.678955, 19.731445 ], [ -99.667969, 19.6875 ], [ -99.678955, 19.654541 ], [ -99.700928, 19.632568 ], [ -99.711914, 19.599609 ], [ -99.711914, 19.511719 ], [ -99.7229, 19.47876 ], [ -99.744873, 19.47876 ], [ -99.788818, 19.522705 ], [ -99.799805, 19.555664 ], [ -99.799805, 19.599609 ], [ -99.810791, 19.632568 ], [ -99.854736, 19.676514 ], [ -99.876709, 19.676514 ], [ -99.898682, 19.654541 ], [ -99.931641, 19.643555 ], [ -99.9646, 19.654541 ], [ -99.975586, 19.6875 ], [ -99.975586, 19.731445 ], [ -99.986572, 19.764404 ], [ -100.019531, 19.775391 ], [ -100.063477, 19.775391 ], [ -100.096436, 19.786377 ], [ -100.162354, 19.852295 ], [ -100.195313, 19.863281 ], [ -100.327148, 19.863281 ], [ -100.360107, 19.874268 ], [ -100.360107, 19.89624 ], [ -100.327148, 19.907227 ], [ -100.019531, 19.907227 ], [ -99.986572, 19.89624 ], [ -99.9646, 19.874268 ], [ -99.942627, 19.874268 ], [ -99.931641, 19.907227 ], [ -99.931641, 20.039063 ], [ -99.920654, 20.072021 ], [ -99.898682, 20.093994 ], [ -99.887695, 20.126953 ], [ -99.898682, 20.159912 ], [ -99.942627, 20.203857 ], [ -100.008545, 20.22583 ], [ -100.030518, 20.247803 ], [ -100.063477, 20.258789 ], [ -100.195313, 20.258789 ], [ -100.228271, 20.269775 ], [ -100.250244, 20.291748 ], [ -100.316162, 20.313721 ], [ -100.360107, 20.357666 ], [ -100.371094, 20.390625 ], [ -100.365601, 20.423584 ], [ -100.349121, 20.43457 ], [ -100.332642, 20.423584 ] ] ] } },
{ "type": "Feature", "properties": { "fid": 59, "id": 1, "origin_id": 21, "range": 3600, "metric": "time", "mode": "car", "traffic": "disabled", "timestamp": null, "type": "fast" }, "geometry": { "type": "Polygon", "coordinates": [ [ [ -99.893188, 19.918213 ], [ -99.887695, 19.951172 ], [ -99.876709, 19.984131 ], [ -99.854736, 19.984131 ], [ -99.832764, 19.962158 ], [ -99.810791, 19.962158 ], [ -99.788818, 19.984131 ], [ -99.7229, 20.006104 ], [ -99.7229, 20.028076 ], [ -99.788818, 20.093994 ], [ -99.810791, 20.159912 ], [ -99.876709, 20.22583 ], [ -99.887695, 20.258789 ], [ -99.876709, 20.291748 ], [ -99.84375, 20.302734 ], [ -99.810791, 20.291748 ], [ -99.700928, 20.181885 ], [ -99.667969, 20.170898 ], [ -99.63501, 20.181885 ], [ -99.613037, 20.203857 ], [ -99.591064, 20.203857 ], [ -99.569092, 20.181885 ], [ -99.536133, 20.170898 ], [ -99.503174, 20.181885 ], [ -99.481201, 20.247803 ], [ -99.437256, 20.291748 ], [ -99.415283, 20.291748 ], [ -99.349365, 20.22583 ], [ -99.327393, 20.22583 ], [ -99.30542, 20.291748 ], [ -99.239502, 20.313721 ], [ -99.217529, 20.379639 ], [ -99.195557, 20.379639 ], [ -99.129639, 20.313721 ], [ -99.09668, 20.302734 ], [ -99.008789, 20.302734 ], [ -98.97583, 20.291748 ], [ -98.964844, 20.258789 ], [ -98.97583, 20.22583 ], [ -98.997803, 20.203857 ], [ -99.019775, 20.137939 ], [ -99.085693, 20.072021 ], [ -99.085693, 20.050049 ], [ -99.052734, 20.039063 ], [ -99.008789, 20.039063 ], [ -98.97583, 20.028076 ], [ -98.953857, 20.006104 ], [ -98.931885, 20.006104 ], [ -98.887939, 20.050049 ], [ -98.887939, 20.072021 ], [ -98.909912, 20.093994 ], [ -98.920898, 20.126953 ], [ -98.909912, 20.159912 ], [ -98.876953, 20.170898 ], [ -98.745117, 20.170898 ], [ -98.712158, 20.159912 ], [ -98.668213, 20.115967 ], [ -98.657227, 20.083008 ], [ -98.657227, 19.995117 ], [ -98.64624, 19.962158 ], [ -98.613281, 19.951172 ], [ -98.580322, 19.962158 ], [ -98.55835, 19.984131 ], [ -98.536377, 19.984131 ], [ -98.525391, 19.951172 ], [ -98.536377, 19.918213 ], [ -98.55835, 19.89624 ], [ -98.569336, 19.863281 ], [ -98.55835, 19.830322 ], [ -98.536377, 19.80835 ], [ -98.536377, 19.786377 ], [ -98.55835, 19.764404 ], [ -98.569336, 19.731445 ], [ -98.569336, 19.6875 ], [ -98.580322, 19.654541 ], [ -98.602295, 19.654541 ], [ -98.64624, 19.698486 ], [ -98.668213, 19.764404 ], [ -98.690186, 19.764404 ], [ -98.800049, 19.654541 ], [ -98.833008, 19.643555 ], [ -98.865967, 19.654541 ], [ -98.865967, 19.676514 ], [ -98.843994, 19.698486 ], [ -98.822021, 19.764404 ], [ -98.800049, 19.786377 ], [ -98.800049, 19.80835 ], [ -98.843994, 19.852295 ], [ -98.865967, 19.852295 ], [ -98.887939, 19.786377 ], [ -98.909912, 19.764404 ], [ -98.931885, 19.698486 ], [ -98.953857, 19.676514 ], [ -98.97583, 19.610596 ], [ -99.019775, 19.56665 ], [ -99.041748, 19.56665 ], [ -99.063721, 19.632568 ], [ -99.09668, 19.643555 ], [ -99.129639, 19.632568 ], [ -99.151611, 19.56665 ], [ -99.18457, 19.555664 ], [ -99.217529, 19.56665 ], [ -99.228516, 19.599609 ], [ -99.228516, 19.643555 ], [ -99.239502, 19.676514 ], [ -99.261475, 19.698486 ], [ -99.283447, 19.764404 ], [ -99.327393, 19.80835 ], [ -99.393311, 19.830322 ], [ -99.415283, 19.89624 ], [ -99.448242, 19.907227 ], [ -99.481201, 19.89624 ], [ -99.503174, 19.830322 ], [ -99.536133, 19.819336 ], [ -99.569092, 19.830322 ], [ -99.591064, 19.852295 ], [ -99.656982, 19.874268 ], [ -99.678955, 19.89624 ], [ -99.711914, 19.907227 ], [ -99.755859, 19.907227 ], [ -99.788818, 19.89624 ], [ -99.854736, 19.830322 ], [ -99.887695, 19.819336 ], [ -99.920654, 19.830322 ], [ -99.931641, 19.863281 ], [ -99.926147, 19.89624 ], [ -99.893188, 19.918213 ] ] ] } },
{ "type": "Feature", "properties": { "fid": 60, "id": 2, "origin_id": 21, "range": 1800, "metric": "time", "mode": "car", "traffic": "disabled", "timestamp": null, "type": "fast" }, "geometry": { "type": "Polygon", "coordinates": [ [ [ -99.497681, 20.050049 ], [ -99.481201, 20.072021 ], [ -99.459229, 20.093994 ], [ -99.437256, 20.159912 ], [ -99.404297, 20.170898 ], [ -99.360352, 20.170898 ], [ -99.327393, 20.181885 ], [ -99.261475, 20.247803 ], [ -99.228516, 20.258789 ], [ -99.195557, 20.247803 ], [ -99.173584, 20.181885 ], [ -99.107666, 20.115967 ], [ -99.085693, 20.050049 ], [ -99.041748, 20.006104 ], [ -98.97583, 19.984131 ], [ -98.931885, 19.940186 ], [ -98.931885, 19.918213 ], [ -98.964844, 19.907227 ], [ -99.008789, 19.907227 ], [ -99.041748, 19.89624 ], [ -99.063721, 19.874268 ], [ -99.09668, 19.863281 ], [ -99.228516, 19.863281 ], [ -99.261475, 19.874268 ], [ -99.283447, 19.940186 ], [ -99.327393, 19.984131 ], [ -99.360352, 19.995117 ], [ -99.404297, 19.995117 ], [ -99.437256, 19.984131 ], [ -99.459229, 19.962158 ], [ -99.492188, 19.951172 ], [ -99.525146, 19.962158 ], [ -99.536133, 19.995117 ], [ -99.53064, 20.028076 ], [ -99.497681, 20.050049 ] ] ] } },
{ "type": "Feature", "properties": { "fid": 61, "id": 0, "origin_id": 22, "range": 5400, "metric": "time", "mode": "car", "traffic": "disabled", "timestamp": null, "type": "fast" }, "geometry": { "type": "Polygon", "coordinates": [ [ [ -102.694702, 20.961914 ], [ -102.667236, 20.9729 ], [ -102.5354, 21.104736 ], [ -102.513428, 21.170654 ], [ -102.469482, 21.2146 ], [ -102.403564, 21.236572 ], [ -102.315674, 21.324463 ], [ -102.304688, 21.357422 ], [ -102.304688, 21.401367 ], [ -102.293701, 21.434326 ], [ -102.271729, 21.456299 ], [ -102.271729, 21.478271 ], [ -102.293701, 21.500244 ], [ -102.304688, 21.533203 ], [ -102.304688, 21.708984 ], [ -102.315674, 21.741943 ], [ -102.381592, 21.763916 ], [ -102.469482, 21.851807 ], [ -102.480469, 21.884766 ], [ -102.469482, 21.917725 ], [ -102.425537, 21.96167 ], [ -102.392578, 21.972656 ], [ -102.359619, 21.96167 ], [ -102.337646, 21.939697 ], [ -102.304688, 21.928711 ], [ -102.260742, 21.928711 ], [ -102.227783, 21.917725 ], [ -102.183838, 21.873779 ], [ -102.183838, 21.851807 ], [ -102.249756, 21.829834 ], [ -102.260742, 21.796875 ], [ -102.260742, 21.665039 ], [ -102.249756, 21.63208 ], [ -102.205811, 21.588135 ], [ -102.183838, 21.588135 ], [ -102.161865, 21.654053 ], [ -102.073975, 21.741943 ], [ -102.041016, 21.75293 ], [ -102.008057, 21.741943 ], [ -101.99707, 21.708984 ], [ -102.008057, 21.676025 ], [ -102.073975, 21.654053 ], [ -102.084961, 21.621094 ], [ -102.084961, 21.577148 ], [ -102.073975, 21.544189 ], [ -102.030029, 21.500244 ], [ -101.964111, 21.478271 ], [ -101.942139, 21.456299 ], [ -101.920166, 21.456299 ], [ -101.898193, 21.478271 ], [ -101.832275, 21.500244 ], [ -101.810303, 21.522217 ], [ -101.744385, 21.544189 ], [ -101.700439, 21.588135 ], [ -101.678467, 21.654053 ], [ -101.656494, 21.676025 ], [ -101.645508, 21.708984 ], [ -101.645508, 21.796875 ], [ -101.656494, 21.829834 ], [ -101.678467, 21.851807 ], [ -101.689453, 21.884766 ], [ -101.678467, 21.917725 ], [ -101.645508, 21.928711 ], [ -101.469727, 21.928711 ], [ -101.436768, 21.939697 ], [ -101.414795, 21.96167 ], [ -101.381836, 21.972656 ], [ -101.337891, 21.972656 ], [ -101.304932, 21.96167 ], [ -101.293945, 21.928711 ], [ -101.304932, 21.895752 ], [ -101.45874, 21.741943 ], [ -101.469727, 21.708984 ], [ -101.45874, 21.676025 ], [ -101.392822, 21.654053 ], [ -101.348877, 21.610107 ], [ -101.337891, 21.577148 ], [ -101.348877, 21.544189 ], [ -101.381836, 21.533203 ], [ -101.414795, 21.544189 ], [ -101.436768, 21.566162 ], [ -101.45874, 21.566162 ], [ -101.480713, 21.500244 ], [ -101.546631, 21.434326 ], [ -101.568604, 21.368408 ], [ -101.590576, 21.346436 ], [ -101.601563, 21.313477 ], [ -101.601563, 21.225586 ], [ -101.590576, 21.192627 ], [ -101.502686, 21.104736 ], [ -101.469727, 21.09375 ], [ -101.436768, 21.104736 ], [ -101.414795, 21.170654 ], [ -101.348877, 21.236572 ], [ -101.326904, 21.30249 ], [ -101.304932, 21.324463 ], [ -101.293945, 21.357422 ], [ -101.293945, 21.401367 ], [ -101.282959, 21.434326 ], [ -101.25, 21.445313 ], [ -101.217041, 21.434326 ], [ -101.206055, 21.401367 ], [ -101.217041, 21.368408 ], [ -101.239014, 21.346436 ], [ -101.25, 21.313477 ], [ -101.25, 21.269531 ], [ -101.260986, 21.236572 ], [ -101.326904, 21.170654 ], [ -101.337891, 21.137695 ], [ -101.326904, 21.09375 ], [ -101.304932, 21.071777 ], [ -101.282959, 21.082764 ], [ -101.217041, 21.104736 ], [ -101.195068, 21.126709 ], [ -101.162109, 21.137695 ], [ -101.12915, 21.126709 ], [ -101.118164, 21.09375 ], [ -101.12915, 21.060791 ], [ -101.195068, 21.038818 ], [ -101.282959, 20.950928 ], [ -101.293945, 20.917969 ], [ -101.293945, 20.830078 ], [ -101.282959, 20.797119 ], [ -101.107178, 20.621338 ], [ -101.074219, 20.610352 ], [ -100.810547, 20.610352 ], [ -100.777588, 20.599365 ], [ -100.766602, 20.566406 ], [ -100.777588, 20.533447 ], [ -100.843506, 20.511475 ], [ -100.865479, 20.489502 ], [ -100.898438, 20.478516 ], [ -101.030273, 20.478516 ], [ -101.063232, 20.467529 ], [ -101.107178, 20.423584 ], [ -101.118164, 20.390625 ], [ -101.118164, 20.302734 ], [ -101.12915, 20.269775 ], [ -101.162109, 20.258789 ], [ -101.195068, 20.269775 ], [ -101.206055, 20.302734 ], [ -101.195068, 20.335693 ], [ -101.173096, 20.357666 ], [ -101.173096, 20.379639 ], [ -101.239014, 20.401611 ], [ -101.25, 20.43457 ], [ -101.25, 20.522461 ], [ -101.260986, 20.55542 ], [ -101.304932, 20.599365 ], [ -101.337891, 20.610352 ], [ -101.37085, 20.599365 ], [ -101.414795, 20.55542 ], [ -101.436768, 20.489502 ], [ -101.480713, 20.445557 ], [ -101.513672, 20.43457 ], [ -101.601563, 20.43457 ], [ -101.634521, 20.423584 ], [ -101.656494, 20.401611 ], [ -101.689453, 20.390625 ], [ -101.722412, 20.401611 ], [ -101.733398, 20.43457 ], [ -101.722412, 20.467529 ], [ -101.689453, 20.478516 ], [ -101.557617, 20.478516 ], [ -101.524658, 20.489502 ], [ -101.502686, 20.55542 ], [ -101.480713, 20.577393 ], [ -101.480713, 20.599365 ], [ -101.502686, 20.621338 ], [ -101.513672, 20.654297 ], [ -101.502686, 20.687256 ], [ -101.480713, 20.709229 ], [ -101.469727, 20.742188 ], [ -101.469727, 20.786133 ], [ -101.480713, 20.819092 ], [ -101.546631, 20.841064 ], [ -101.568604, 20.906982 ], [ -101.601563, 20.917969 ], [ -101.634521, 20.906982 ], [ -101.656494, 20.88501 ], [ -101.689453, 20.874023 ], [ -101.733398, 20.874023 ], [ -101.766357, 20.88501 ], [ -101.78833, 20.906982 ], [ -101.810303, 20.906982 ], [ -101.854248, 20.863037 ], [ -101.865234, 20.830078 ], [ -101.865234, 20.786133 ], [ -101.876221, 20.753174 ], [ -101.898193, 20.731201 ], [ -101.90918, 20.698242 ], [ -101.90918, 20.654297 ], [ -101.920166, 20.621338 ], [ -101.942139, 20.599365 ], [ -101.953125, 20.566406 ], [ -101.953125, 20.478516 ], [ -101.964111, 20.445557 ], [ -101.986084, 20.445557 ], [ -101.99707, 20.478516 ], [ -101.99707, 20.522461 ], [ -102.008057, 20.55542 ], [ -102.030029, 20.577393 ], [ -102.041016, 20.610352 ], [ -102.030029, 20.643311 ], [ -102.008057, 20.665283 ], [ -101.986084, 20.731201 ], [ -101.964111, 20.753174 ], [ -101.953125, 20.786133 ], [ -101.953125, 20.917969 ], [ -101.964111, 20.950928 ], [ -102.030029, 20.9729 ], [ -102.041016, 21.005859 ], [ -102.041016, 21.225586 ], [ -102.052002, 21.258545 ], [ -102.084961, 21.269531 ], [ -102.216797, 21.269531 ], [ -102.249756, 21.258545 ], [ -102.271729, 21.192627 ], [ -102.315674, 21.148682 ], [ -102.381592, 21.126709 ], [ -102.5354, 20.9729 ], [ -102.601318, 20.950928 ], [ -102.667236, 20.88501 ], [ -102.700195, 20.874023 ], [ -102.733154, 20.88501 ], [ -102.744141, 20.917969 ], [ -102.738647, 20.950928 ], [ -102.722168, 20.961914 ], [ -102.694702, 20.961914 ] ] ] } },
{ "type": "Feature", "properties": { "fid": 62, "id": 1, "origin_id": 22, "range": 3600, "metric": "time", "mode": "car", "traffic": "disabled", "timestamp": null, "type": "fast" }, "geometry": { "type": "Polygon", "coordinates": [ [ [ -102.354126, 21.236572 ], [ -102.348633, 21.269531 ], [ -102.337646, 21.30249 ], [ -102.315674, 21.324463 ], [ -102.293701, 21.390381 ], [ -102.260742, 21.412354 ], [ -102.23877, 21.434326 ], [ -102.249756, 21.456299 ], [ -102.293701, 21.500244 ], [ -102.304688, 21.533203 ], [ -102.304688, 21.621094 ], [ -102.293701, 21.654053 ], [ -102.271729, 21.654053 ], [ -102.249756, 21.588135 ], [ -102.183838, 21.522217 ], [ -102.161865, 21.456299 ], [ -102.073975, 21.368408 ], [ -102.041016, 21.357422 ], [ -102.008057, 21.368408 ], [ -102.008057, 21.390381 ], [ -102.073975, 21.456299 ], [ -102.084961, 21.489258 ], [ -102.073975, 21.522217 ], [ -102.052002, 21.522217 ], [ -102.030029, 21.500244 ], [ -101.964111, 21.478271 ], [ -101.942139, 21.456299 ], [ -101.920166, 21.456299 ], [ -101.898193, 21.478271 ], [ -101.832275, 21.500244 ], [ -101.810303, 21.522217 ], [ -101.744385, 21.544189 ], [ -101.678467, 21.610107 ], [ -101.656494, 21.610107 ], [ -101.645508, 21.577148 ], [ -101.645508, 21.533203 ], [ -101.656494, 21.500244 ], [ -101.722412, 21.478271 ], [ -101.810303, 21.390381 ], [ -101.821289, 21.357422 ], [ -101.810303, 21.324463 ], [ -101.78833, 21.324463 ], [ -101.766357, 21.346436 ], [ -101.733398, 21.357422 ], [ -101.689453, 21.357422 ], [ -101.656494, 21.368408 ], [ -101.634521, 21.390381 ], [ -101.612549, 21.390381 ], [ -101.601563, 21.357422 ], [ -101.601563, 21.225586 ], [ -101.590576, 21.192627 ], [ -101.502686, 21.104736 ], [ -101.469727, 21.09375 ], [ -101.436768, 21.104736 ], [ -101.414795, 21.126709 ], [ -101.392822, 21.126709 ], [ -101.381836, 21.09375 ], [ -101.381836, 21.049805 ], [ -101.37085, 21.016846 ], [ -101.337891, 21.005859 ], [ -101.293945, 21.005859 ], [ -101.260986, 20.994873 ], [ -101.260986, 20.9729 ], [ -101.282959, 20.950928 ], [ -101.293945, 20.917969 ], [ -101.293945, 20.830078 ], [ -101.282959, 20.797119 ], [ -101.217041, 20.731201 ], [ -101.206055, 20.698242 ], [ -101.217041, 20.665283 ], [ -101.25, 20.654297 ], [ -101.293945, 20.654297 ], [ -101.326904, 20.665283 ], [ -101.348877, 20.687256 ], [ -101.381836, 20.698242 ], [ -101.414795, 20.687256 ], [ -101.436768, 20.665283 ], [ -101.45874, 20.665283 ], [ -101.469727, 20.698242 ], [ -101.469727, 20.786133 ], [ -101.480713, 20.819092 ], [ -101.546631, 20.841064 ], [ -101.568604, 20.906982 ], [ -101.601563, 20.917969 ], [ -101.634521, 20.906982 ], [ -101.656494, 20.88501 ], [ -101.689453, 20.874023 ], [ -101.733398, 20.874023 ], [ -101.766357, 20.88501 ], [ -101.78833, 20.906982 ], [ -101.810303, 20.906982 ], [ -101.854248, 20.863037 ], [ -101.865234, 20.830078 ], [ -101.865234, 20.786133 ], [ -101.876221, 20.753174 ], [ -101.90918, 20.742188 ], [ -101.942139, 20.753174 ], [ -101.953125, 20.786133 ], [ -101.953125, 20.917969 ], [ -101.964111, 20.950928 ], [ -102.030029, 20.9729 ], [ -102.041016, 21.005859 ], [ -102.041016, 21.225586 ], [ -102.052002, 21.258545 ], [ -102.084961, 21.269531 ], [ -102.216797, 21.269531 ], [ -102.249756, 21.258545 ], [ -102.271729, 21.192627 ], [ -102.304688, 21.181641 ], [ -102.348633, 21.181641 ], [ -102.381592, 21.192627 ], [ -102.387085, 21.2146 ], [ -102.354126, 21.236572 ] ] ] } },
{ "type": "Feature", "properties": { "fid": 63, "id": 2, "origin_id": 22, "range": 1800, "metric": "time", "mode": "car", "traffic": "disabled", "timestamp": null, "type": "fast" }, "geometry": { "type": "Polygon", "coordinates": [ [ [ -101.947632, 21.280518 ], [ -101.90918, 21.30249 ], [ -101.865234, 21.313477 ], [ -101.821289, 21.313477 ], [ -101.78833, 21.30249 ], [ -101.766357, 21.280518 ], [ -101.700439, 21.258545 ], [ -101.678467, 21.236572 ], [ -101.612549, 21.2146 ], [ -101.601563, 21.181641 ], [ -101.601563, 21.137695 ], [ -101.590576, 21.104736 ], [ -101.568604, 21.082764 ], [ -101.557617, 21.049805 ], [ -101.568604, 21.016846 ], [ -101.601563, 21.005859 ], [ -101.865234, 21.005859 ], [ -101.898193, 21.016846 ], [ -101.90918, 21.049805 ], [ -101.90918, 21.137695 ], [ -101.920166, 21.170654 ], [ -101.986084, 21.236572 ], [ -101.991577, 21.258545 ], [ -101.975098, 21.269531 ], [ -101.947632, 21.280518 ] ] ] } }
]
}
